transaction_id,date,customer_id,region,category,quantity,unit_price,revenue
TXN110263,2024-01-01,CUST0754,Central,Home & Living,1,2334.78,2334.78
TXN110350,2024-01-01,CUST0797,North,Home & Living,2,11394.53,22789.07
TXN110640,2024-01-01,CUST0088,North,Beauty,1,325.67,325.67
TXN109408,2024-01-01,CUST0532,West,Apparel,2,3401.06,6802.11
TXN114251,2024-01-01,CUST0521,North,Apparel,1,613.74,613.74
TXN102905,2024-01-01,CUST0233,North,Home & Living,1,5077.27,5077.27
TXN100588,2024-01-01,CUST0625,Central,Grocery,1,82.65,82.65
TXN106013,2024-01-01,CUST0320,North,Home & Living,1,3876.48,3876.48
TXN102379,2024-01-01,CUST0348,East,Apparel,1,1794.69,1794.69
TXN106138,2024-01-01,CUST0523,West,Electronics,1,61716.46,61716.46
TXN105345,2024-01-01,CUST0602,North,Apparel,1,1337.96,1337.96
TXN105332,2024-01-01,CUST0349,West,Grocery,2,549.51,1099.02
TXN112608,2024-01-01,CUST0746,South,Home & Living,1,6982.27,6982.27
TXN109261,2024-01-01,CUST0268,North,Beauty,2,767.41,1534.82
TXN101832,2024-01-02,CUST0595,South,Home & Living,2,4554.61,9109.22
TXN113919,2024-01-02,CUST0486,East,Electronics,1,61940.8,61940.8
TXN107703,2024-01-02,CUST0409,North,Electronics,1,58052.94,58052.94
TXN106757,2024-01-02,CUST0428,North,Apparel,1,5855.56,5855.56
TXN108879,2024-01-02,CUST0281,West,Beauty,1,2624.33,2624.33
TXN106930,2024-01-02,CUST0732,East,Apparel,1,915.75,915.75
TXN108244,2024-01-02,CUST0098,Central,Beauty,1,1922.87,1922.87
TXN100708,2024-01-02,CUST0096,North,Electronics,1,30449.75,30449.75
TXN111168,2024-01-02,CUST0243,South,Grocery,1,1022.38,1022.38
TXN114336,2024-01-02,CUST0296,North,Apparel,1,707.51,707.51
TXN102429,2024-01-02,CUST0284,West,Grocery,1,284.57,284.57
TXN107508,2024-01-02,CUST0186,South,Home & Living,1,5374.11,5374.11
TXN112872,2024-01-02,CUST0072,North,Electronics,2,13784.18,27568.36
TXN104202,2024-01-03,CUST0223,Central,Electronics,1,8850.12,8850.12
TXN112300,2024-01-03,CUST0208,West,Beauty,1,2549.84,2549.84
TXN104212,2024-01-03,CUST0658,East,Beauty,1,457.11,457.11
TXN105220,2024-01-03,CUST0392,East,Beauty,2,339.25,678.49
TXN112473,2024-01-03,CUST0750,East,Beauty,1,1245.44,1245.44
TXN105206,2024-01-03,CUST0578,East,Home & Living,1,8144.35,8144.35
TXN112810,2024-01-03,CUST0447,North,Grocery,1,499.25,499.25
TXN104903,2024-01-03,CUST0008,Central,Grocery,1,1148.73,1148.73
TXN106697,2024-01-03,CUST0509,South,Apparel,1,821.48,821.48
TXN103768,2024-01-03,CUST0613,North,Apparel,1,834.66,834.66
TXN111863,2024-01-04,CUST0592,North,Electronics,1,28307.58,28307.58
TXN108544,2024-01-04,CUST0497,North,Apparel,1,809.73,809.73
TXN100574,2024-01-04,CUST0190,West,Electronics,1,5891.8,5891.8
TXN108248,2024-01-04,CUST0474,North,Apparel,1,1916.78,1916.78
TXN109861,2024-01-04,CUST0069,West,Home & Living,1,1062.46,1062.46
TXN106852,2024-01-04,CUST0542,South,Apparel,1,1778.46,1778.46
TXN100572,2024-01-04,CUST0147,North,Apparel,1,787.42,787.42
TXN103715,2024-01-04,CUST0368,East,Apparel,1,1299.03,1299.03
TXN106392,2024-01-04,CUST0226,South,Apparel,3,1816.14,5448.43
TXN114161,2024-01-04,CUST0241,East,Apparel,1,4906.31,4906.31
TXN103062,2024-01-04,CUST0376,East,Apparel,1,361.69,361.69
TXN100721,2024-01-04,CUST0559,North,Grocery,1,99.73,99.73
TXN103113,2024-01-04,CUST0592,North,Grocery,1,317.51,317.51
TXN105473,2024-01-04,CUST0061,West,Electronics,2,23677.63,47355.27
TXN112818,2024-01-04,CUST0780,East,Home & Living,1,3085.24,3085.24
TXN108823,2024-01-04,CUST0261,West,Beauty,1,2468.28,2468.28
TXN102146,2024-01-04,CUST0522,North,Electronics,2,26171.16,52342.31
TXN102280,2024-01-05,CUST0406,West,Grocery,1,577.76,577.76
TXN108516,2024-01-05,CUST0088,North,Beauty,1,1910.58,1910.58
TXN110874,2024-01-05,CUST0534,Central,Beauty,2,2367.67,4735.34
TXN104787,2024-01-05,CUST0582,South,Apparel,2,7518.93,15037.85
TXN106618,2024-01-05,CUST0241,East,Grocery,1,864.26,864.26
TXN102451,2024-01-05,CUST0538,West,Electronics,1,27828.81,27828.81
TXN109506,2024-01-05,CUST0627,North,Beauty,1,272.46,272.46
TXN106938,2024-01-05,CUST0384,Central,Apparel,1,1676.68,1676.68
TXN111791,2024-01-05,CUST0262,Central,Grocery,2,2093.88,4187.76
TXN102716,2024-01-06,CUST0566,North,Apparel,1,1821.63,1821.63
TXN111764,2024-01-06,CUST0255,Central,Grocery,1,229.6,229.6
TXN108279,2024-01-06,CUST0447,North,Beauty,1,4218.9,4218.9
TXN108848,2024-01-06,CUST0388,North,Electronics,3,19018.79,57056.36
TXN114694,2024-01-06,CUST0212,Central,Home & Living,1,4653.65,4653.65
TXN106996,2024-01-06,CUST0428,North,Beauty,3,2962.23,8886.69
TXN108684,2024-01-06,CUST0092,West,Home & Living,2,5498.68,10997.36
TXN110037,2024-01-06,CUST0496,North,Electronics,3,29163.01,87489.03
TXN109648,2024-01-06,CUST0285,Central,Apparel,1,1860.89,1860.89
TXN106428,2024-01-06,CUST0421,Central,Apparel,1,3466.24,3466.24
TXN105790,2024-01-06,CUST0512,Central,Grocery,2,560.88,1121.77
TXN100057,2024-01-06,CUST0246,East,Electronics,1,52561.12,52561.12
TXN104651,2024-01-06,CUST0145,North,Apparel,3,1874.25,5622.75
TXN107795,2024-01-06,CUST0007,Central,Home & Living,1,1738.35,1738.35
TXN100772,2024-01-07,CUST0541,North,Grocery,2,731.99,1463.99
TXN110070,2024-01-07,CUST0266,West,Beauty,1,1469.57,1469.57
TXN106166,2024-01-07,CUST0231,North,Electronics,1,44449.48,44449.48
TXN103829,2024-01-07,CUST0560,East,Grocery,1,512.44,512.44
TXN105401,2024-01-07,CUST0156,South,Grocery,1,670.1,670.1
TXN111526,2024-01-07,CUST0142,East,Electronics,2,15001.35,30002.7
TXN113723,2024-01-07,CUST0718,Central,Electronics,1,9197.65,9197.65
TXN107891,2024-01-07,CUST0038,South,Apparel,1,2465.38,2465.38
TXN106158,2024-01-07,CUST0718,Central,Electronics,1,49221.56,49221.56
TXN114642,2024-01-07,CUST0245,Central,Home & Living,2,2959.08,5918.17
TXN104514,2024-01-07,CUST0221,West,Apparel,1,4467.22,4467.22
TXN100736,2024-01-07,CUST0370,South,Grocery,2,369.66,739.31
TXN108171,2024-01-07,CUST0268,North,Electronics,3,44417.76,133253.27
TXN108611,2024-01-07,CUST0263,West,Electronics,1,11621.01,11621.01
TXN113954,2024-01-07,CUST0275,Central,Electronics,1,5240.04,5240.04
TXN113279,2024-01-08,CUST0033,North,Apparel,2,2162.5,4325.0
TXN112383,2024-01-08,CUST0233,North,Home & Living,1,6133.35,6133.35
TXN102826,2024-01-08,CUST0196,North,Electronics,1,30465.21,30465.21
TXN103256,2024-01-08,CUST0122,South,Apparel,1,1020.69,1020.69
TXN100385,2024-01-08,CUST0068,North,Electronics,1,41772.75,41772.75
TXN112333,2024-01-08,CUST0790,West,Beauty,1,779.24,779.24
TXN113802,2024-01-08,CUST0679,West,Apparel,1,2655.61,2655.61
TXN100292,2024-01-08,CUST0636,North,Apparel,1,1463.64,1463.64
TXN100891,2024-01-08,CUST0171,East,Home & Living,1,3219.82,3219.82
TXN114253,2024-01-08,CUST0726,North,Beauty,1,2289.58,2289.58
TXN108287,2024-01-08,CUST0642,North,Beauty,1,192.87,192.87
TXN109994,2024-01-08,CUST0704,South,Beauty,1,1962.95,1962.95
TXN114836,2024-01-09,CUST0543,West,Home & Living,1,3182.88,3182.88
TXN101241,2024-01-09,CUST0594,East,Beauty,1,812.05,812.05
TXN113560,2024-01-09,CUST0361,West,Apparel,2,1345.42,2690.84
TXN106298,2024-01-09,CUST0211,North,Home & Living,1,1791.98,1791.98
TXN106197,2024-01-09,CUST0139,North,Beauty,1,693.8,693.8
TXN111028,2024-01-09,CUST0464,South,Grocery,1,1149.64,1149.64
TXN110848,2024-01-09,CUST0542,South,Electronics,1,22864.3,22864.3
TXN102416,2024-01-09,CUST0715,North,Home & Living,1,1331.21,1331.21
TXN113334,2024-01-09,CUST0057,North,Beauty,3,961.46,2884.39
TXN101799,2024-01-09,CUST0465,North,Apparel,1,8093.94,8093.94
TXN101361,2024-01-09,CUST0274,North,Home & Living,1,10934.59,10934.59
TXN105036,2024-01-09,CUST0729,West,Electronics,2,6102.64,12205.27
TXN114591,2024-01-09,CUST0040,East,Electronics,1,5690.84,5690.84
TXN105797,2024-01-09,CUST0720,Central,Electronics,2,10222.13,20444.27
TXN113362,2024-01-09,CUST0707,East,Apparel,1,654.17,654.17
TXN110029,2024-01-09,CUST0339,South,Electronics,1,29740.53,29740.53
TXN102917,2024-01-10,CUST0721,North,Apparel,1,2353.42,2353.42
TXN113842,2024-01-10,CUST0413,North,Grocery,1,2151.88,2151.88
TXN100646,2024-01-10,CUST0054,Central,Home & Living,1,6432.61,6432.61
TXN104637,2024-01-10,CUST0513,East,Home & Living,1,12867.98,12867.98
TXN101835,2024-01-10,CUST0314,East,Electronics,1,66954.97,66954.97
TXN108119,2024-01-10,CUST0562,North,Apparel,1,417.7,417.7
TXN107858,2024-01-10,CUST0522,North,Home & Living,2,4561.98,9123.96
TXN105057,2024-01-10,CUST0257,West,Apparel,1,2397.98,2397.98
TXN111445,2024-01-10,CUST0509,South,Beauty,1,4996.69,4996.69
TXN106200,2024-01-10,CUST0034,North,Electronics,1,26543.31,26543.31
TXN108029,2024-01-10,CUST0309,West,Apparel,1,3850.11,3850.11
TXN112697,2024-01-10,CUST0003,East,Grocery,1,951.45,951.45
TXN103248,2024-01-10,CUST0602,North,Apparel,2,2233.87,4467.75
TXN102124,2024-01-10,CUST0298,North,Grocery,1,665.81,665.81
TXN104495,2024-01-10,CUST0582,South,Grocery,2,414.61,829.22
TXN111433,2024-01-10,CUST0084,North,Home & Living,1,4934.49,4934.49
TXN108509,2024-01-10,CUST0140,East,Grocery,1,1020.81,1020.81
TXN104048,2024-01-10,CUST0497,North,Beauty,1,2717.64,2717.64
TXN114985,2024-01-10,CUST0680,South,Apparel,1,3219.92,3219.92
TXN101232,2024-01-10,CUST0102,North,Beauty,1,2719.59,2719.59
TXN109303,2024-01-11,CUST0517,East,Apparel,1,688.46,688.46
TXN111579,2024-01-11,CUST0384,Central,Electronics,1,18986.91,18986.91
TXN111602,2024-01-11,CUST0447,North,Apparel,1,1498.21,1498.21
TXN106756,2024-01-11,CUST0230,West,Apparel,1,3565.72,3565.72
TXN109636,2024-01-11,CUST0427,South,Electronics,3,6663.34,19990.01
TXN111607,2024-01-11,CUST0676,East,Home & Living,1,4265.99,4265.99
TXN112672,2024-01-11,CUST0142,East,Beauty,1,1217.64,1217.64
TXN105939,2024-01-11,CUST0316,East,Home & Living,1,7009.37,7009.37
TXN110604,2024-01-11,CUST0056,North,Grocery,1,647.8,647.8
TXN104587,2024-01-11,CUST0242,West,Apparel,1,5225.73,5225.73
TXN104642,2024-01-11,CUST0440,North,Electronics,1,8442.76,8442.76
TXN106167,2024-01-11,CUST0304,Central,Electronics,1,42266.19,42266.19
TXN107950,2024-01-11,CUST0098,Central,Home & Living,2,1416.56,2833.13
TXN101997,2024-01-11,CUST0446,East,Home & Living,3,5458.11,16374.34
TXN105789,2024-01-11,CUST0346,West,Home & Living,1,1906.28,1906.28
TXN111155,2024-01-11,CUST0672,West,Grocery,2,1153.59,2307.18
TXN113202,2024-01-11,CUST0756,North,Grocery,1,1117.05,1117.05
TXN102951,2024-01-11,CUST0016,East,Electronics,1,22128.82,22128.82
TXN105210,2024-01-11,CUST0614,North,Apparel,1,286.86,286.86
TXN108605,2024-01-11,CUST0174,North,Home & Living,1,3978.02,3978.02
TXN106524,2024-01-12,CUST0231,North,Home & Living,1,7726.86,7726.86
TXN114801,2024-01-12,CUST0632,East,Grocery,1,875.93,875.93
TXN110757,2024-01-12,CUST0614,North,Apparel,1,3127.73,3127.73
TXN114207,2024-01-12,CUST0658,East,Electronics,1,11028.93,11028.93
TXN102414,2024-01-12,CUST0507,West,Home & Living,1,4996.2,4996.2
TXN109223,2024-01-12,CUST0111,East,Grocery,2,177.73,355.46
TXN100215,2024-01-12,CUST0779,East,Grocery,1,1099.82,1099.82
TXN101760,2024-01-12,CUST0632,East,Electronics,1,22318.06,22318.06
TXN105174,2024-01-12,CUST0352,West,Apparel,1,2961.14,2961.14
TXN102781,2024-01-12,CUST0056,North,Grocery,1,472.97,472.97
TXN110904,2024-01-12,CUST0301,North,Grocery,2,123.5,247.0
TXN112683,2024-01-12,CUST0524,North,Grocery,1,223.64,223.64
TXN113977,2024-01-12,CUST0519,North,Grocery,1,321.75,321.75
TXN104274,2024-01-13,CUST0337,West,Grocery,1,548.7,548.7
TXN111128,2024-01-13,CUST0459,North,Beauty,1,1216.83,1216.83
TXN102726,2024-01-13,CUST0019,North,Apparel,1,2743.86,2743.86
TXN110141,2024-01-13,CUST0359,West,Beauty,1,4930.56,4930.56
TXN101787,2024-01-13,CUST0448,North,Home & Living,1,2154.06,2154.06
TXN105083,2024-01-13,CUST0248,North,Home & Living,1,11333.81,11333.81
TXN109613,2024-01-13,CUST0039,East,Apparel,1,2578.2,2578.2
TXN112285,2024-01-13,CUST0740,East,Home & Living,1,2490.55,2490.55
TXN114264,2024-01-13,CUST0454,North,Home & Living,1,1704.95,1704.95
TXN110625,2024-01-13,CUST0395,North,Grocery,1,820.08,820.08
TXN109294,2024-01-13,CUST0487,North,Electronics,1,18909.65,18909.65
TXN110673,2024-01-13,CUST0553,South,Apparel,1,1441.62,1441.62
TXN101557,2024-01-13,CUST0054,Central,Grocery,1,584.66,584.66
TXN101177,2024-01-13,CUST0140,East,Grocery,2,1312.32,2624.63
TXN103972,2024-01-13,CUST0659,North,Grocery,1,545.11,545.11
TXN104531,2024-01-13,CUST0595,South,Grocery,1,1756.25,1756.25
TXN103635,2024-01-14,CUST0006,West,Home & Living,1,2384.48,2384.48
TXN112131,2024-01-14,CUST0255,Central,Home & Living,1,3227.15,3227.15
TXN104433,2024-01-14,CUST0193,North,Beauty,1,1448.34,1448.34
TXN106767,2024-01-14,CUST0627,North,Apparel,1,601.8,601.8
TXN112849,2024-01-14,CUST0768,North,Home & Living,1,6061.88,6061.88
TXN107068,2024-01-14,CUST0205,West,Home & Living,1,5524.99,5524.99
TXN100739,2024-01-14,CUST0340,East,Home & Living,1,2260.23,2260.23
TXN104797,2024-01-14,CUST0262,Central,Beauty,1,3435.86,3435.86
TXN112911,2024-01-14,CUST0595,South,Apparel,1,1382.69,1382.69
TXN102304,2024-01-14,CUST0678,West,Apparel,1,2841.89,2841.89
TXN109406,2024-01-14,CUST0507,West,Electronics,1,62083.65,62083.65
TXN102391,2024-01-15,CUST0179,South,Apparel,1,3134.19,3134.19
TXN104511,2024-01-15,CUST0302,Central,Beauty,1,1902.74,1902.74
TXN105663,2024-01-15,CUST0001,West,Apparel,1,2122.43,2122.43
TXN107778,2024-01-15,CUST0706,South,Grocery,1,1586.24,1586.24
TXN101107,2024-01-15,CUST0218,East,Home & Living,1,5649.2,5649.2
TXN113127,2024-01-15,CUST0419,East,Beauty,1,552.55,552.55
TXN103291,2024-01-15,CUST0050,East,Home & Living,1,4809.59,4809.59
TXN114557,2024-01-15,CUST0055,North,Home & Living,1,4164.37,4164.37
TXN105018,2024-01-15,CUST0406,West,Grocery,1,1490.43,1490.43
TXN113266,2024-01-15,CUST0532,West,Apparel,1,1688.5,1688.5
TXN105521,2024-01-15,CUST0105,South,Beauty,3,298.17,894.51
TXN100272,2024-01-15,CUST0409,North,Home & Living,1,11635.57,11635.57
TXN106761,2024-01-15,CUST0114,South,Apparel,3,2190.25,6570.76
TXN107260,2024-01-16,CUST0409,North,Apparel,1,6500.67,6500.67
TXN104006,2024-01-16,CUST0699,South,Electronics,1,15463.98,15463.98
TXN100251,2024-01-16,CUST0653,West,Electronics,1,6681.74,6681.74
TXN101499,2024-01-16,CUST0356,West,Apparel,1,2017.55,2017.55
TXN113888,2024-01-16,CUST0272,North,Grocery,1,873.34,873.34
TXN104313,2024-01-16,CUST0340,East,Apparel,1,1342.71,1342.71
TXN101036,2024-01-16,CUST0778,East,Home & Living,1,1770.33,1770.33
TXN113762,2024-01-16,CUST0116,South,Apparel,2,6752.56,13505.13
TXN109184,2024-01-16,CUST0567,West,Grocery,2,549.47,1098.93
TXN105155,2024-01-16,CUST0367,West,Apparel,1,5513.19,5513.19
TXN107412,2024-01-16,CUST0070,Central,Beauty,1,320.69,320.69
TXN102117,2024-01-16,CUST0067,North,Electronics,1,6917.58,6917.58
TXN105728,2024-01-16,CUST0158,North,Electronics,1,2821.21,2821.21
TXN111362,2024-01-16,CUST0660,East,Grocery,2,1072.23,2144.45
TXN111748,2024-01-16,CUST0352,West,Home & Living,1,5462.03,5462.03
TXN113224,2024-01-17,CUST0316,East,Electronics,1,30726.54,30726.54
TXN111710,2024-01-17,CUST0246,East,Grocery,1,99.12,99.12
TXN108115,2024-01-17,CUST0404,South,Electronics,1,37414.63,37414.63
TXN102160,2024-01-17,CUST0103,North,Grocery,2,381.11,762.21
TXN103183,2024-01-17,CUST0239,North,Grocery,1,740.79,740.79
TXN104866,2024-01-17,CUST0435,East,Grocery,1,698.27,698.27
TXN103938,2024-01-17,CUST0426,East,Apparel,1,1111.12,1111.12
TXN110283,2024-01-17,CUST0001,West,Grocery,1,243.88,243.88
TXN104985,2024-01-17,CUST0330,North,Electronics,1,8458.45,8458.45
TXN108443,2024-01-17,CUST0448,North,Apparel,1,648.28,648.28
TXN101183,2024-01-17,CUST0631,South,Apparel,2,3417.65,6835.3
TXN103207,2024-01-17,CUST0768,North,Electronics,1,21608.96,21608.96
TXN102641,2024-01-17,CUST0318,West,Grocery,1,802.92,802.92
TXN104814,2024-01-18,CUST0167,West,Apparel,2,877.17,1754.33
TXN104971,2024-01-18,CUST0004,East,Electronics,1,21723.52,21723.52
TXN110104,2024-01-18,CUST0122,South,Apparel,1,1663.6,1663.6
TXN101392,2024-01-18,CUST0446,East,Grocery,1,215.57,215.57
TXN100867,2024-01-18,CUST0035,South,Home & Living,1,12338.5,12338.5
TXN103078,2024-01-18,CUST0533,North,Apparel,1,6791.06,6791.06
TXN106491,2024-01-18,CUST0362,North,Electronics,1,16253.25,16253.25
TXN112388,2024-01-18,CUST0102,North,Home & Living,1,7709.67,7709.67
TXN101004,2024-01-18,CUST0001,West,Grocery,2,387.42,774.84
TXN104334,2024-01-18,CUST0314,East,Electronics,1,13729.28,13729.28
TXN107527,2024-01-18,CUST0479,North,Home & Living,1,2388.76,2388.76
TXN101070,2024-01-18,CUST0509,South,Apparel,1,3506.52,3506.52
TXN109013,2024-01-18,CUST0274,North,Home & Living,3,9250.34,27751.03
TXN101311,2024-01-18,CUST0002,North,Electronics,1,22260.94,22260.94
TXN114088,2024-01-18,CUST0193,North,Apparel,1,3284.05,3284.05
TXN114555,2024-01-18,CUST0359,West,Apparel,1,4324.62,4324.62
TXN112554,2024-01-18,CUST0595,South,Apparel,2,4705.6,9411.2
TXN110979,2024-01-18,CUST0087,East,Electronics,1,23992.07,23992.07
TXN110796,2024-01-18,CUST0479,North,Grocery,1,1431.37,1431.37
TXN101166,2024-01-19,CUST0428,North,Electronics,2,16778.49,33556.98
TXN104816,2024-01-19,CUST0309,West,Home & Living,1,2967.16,2967.16
TXN113902,2024-01-19,CUST0289,Central,Apparel,1,2863.53,2863.53
TXN106045,2024-01-19,CUST0538,West,Electronics,1,2520.05,2520.05
TXN104475,2024-01-19,CUST0034,North,Grocery,1,237.91,237.91
TXN113638,2024-01-19,CUST0359,West,Apparel,2,5311.04,10622.09
TXN103376,2024-01-19,CUST0105,South,Grocery,3,356.27,1068.82
TXN113397,2024-01-19,CUST0045,North,Beauty,1,1994.85,1994.85
TXN111209,2024-01-19,CUST0477,North,Electronics,1,27332.03,27332.03
TXN107010,2024-01-19,CUST0339,South,Electronics,2,28249.86,56499.73
TXN111001,2024-01-19,CUST0388,North,Home & Living,1,1657.13,1657.13
TXN112521,2024-01-19,CUST0297,North,Electronics,1,24575.27,24575.27
TXN110953,2024-01-19,CUST0521,North,Home & Living,1,4766.09,4766.09
TXN105832,2024-01-19,CUST0162,East,Apparel,1,3280.5,3280.5
TXN107563,2024-01-19,CUST0293,East,Apparel,1,2786.48,2786.48
TXN106768,2024-01-20,CUST0490,North,Electronics,1,34573.63,34573.63
TXN111246,2024-01-20,CUST0759,West,Electronics,1,56374.09,56374.09
TXN101303,2024-01-20,CUST0337,West,Electronics,1,4495.77,4495.77
TXN114915,2024-01-20,CUST0442,West,Beauty,1,1703.04,1703.04
TXN100051,2024-01-20,CUST0246,East,Grocery,1,111.56,111.56
TXN103012,2024-01-20,CUST0396,West,Grocery,1,611.56,611.56
TXN113935,2024-01-20,CUST0725,South,Grocery,1,805.54,805.54
TXN105956,2024-01-20,CUST0157,East,Beauty,1,1172.65,1172.65
TXN105824,2024-01-20,CUST0384,Central,Electronics,1,34994.05,34994.05
TXN104539,2024-01-20,CUST0639,North,Home & Living,1,2988.9,2988.9
TXN114018,2024-01-20,CUST0800,Central,Home & Living,1,12476.1,12476.1
TXN108974,2024-01-20,CUST0728,South,Home & Living,1,6331.62,6331.62
TXN101642,2024-01-20,CUST0438,South,Electronics,2,5566.19,11132.37
TXN107321,2024-01-20,CUST0035,South,Beauty,1,889.3,889.3
TXN112718,2024-01-20,CUST0708,East,Apparel,1,2652.34,2652.34
TXN106587,2024-01-20,CUST0752,East,Beauty,1,934.53,934.53
TXN114582,2024-01-20,CUST0367,West,Home & Living,1,4050.27,4050.27
TXN111740,2024-01-20,CUST0668,South,Apparel,1,1561.27,1561.27
TXN114893,2024-01-20,CUST0253,Central,Electronics,1,13731.59,13731.59
TXN109481,2024-01-20,CUST0262,Central,Apparel,1,2297.92,2297.92
TXN104878,2024-01-20,CUST0426,East,Beauty,1,1738.83,1738.83
TXN107949,2024-01-20,CUST0768,North,Apparel,1,7029.04,7029.04
TXN100423,2024-01-21,CUST0046,South,Beauty,2,173.5,347.01
TXN109182,2024-01-21,CUST0738,West,Home & Living,1,838.02,838.02
TXN113356,2024-01-21,CUST0716,North,Electronics,1,68353.51,68353.51
TXN107042,2024-01-21,CUST0227,West,Apparel,2,6459.1,12918.21
TXN112101,2024-01-21,CUST0556,West,Electronics,1,20363.57,20363.57
TXN100875,2024-01-21,CUST0700,West,Apparel,1,2653.27,2653.27
TXN102600,2024-01-21,CUST0681,West,Home & Living,1,5068.63,5068.63
TXN105865,2024-01-21,CUST0307,South,Apparel,1,2323.82,2323.82
TXN104600,2024-01-21,CUST0550,North,Electronics,1,30533.31,30533.31
TXN114297,2024-01-21,CUST0718,Central,Grocery,1,2060.14,2060.14
TXN106770,2024-01-21,CUST0131,North,Grocery,2,139.95,279.89
TXN104737,2024-01-21,CUST0158,North,Electronics,2,25415.62,50831.24
TXN114820,2024-01-21,CUST0526,South,Grocery,1,220.74,220.74
TXN110380,2024-01-21,CUST0119,West,Grocery,1,1350.34,1350.34
TXN102566,2024-01-21,CUST0198,North,Grocery,1,823.75,823.75
TXN114041,2024-01-21,CUST0351,West,Electronics,1,19005.81,19005.81
TXN109958,2024-01-21,CUST0105,South,Home & Living,1,10814.11,10814.11
TXN102366,2024-01-21,CUST0247,North,Home & Living,1,2405.26,2405.26
TXN105179,2024-01-21,CUST0049,East,Grocery,1,147.71,147.71
TXN106657,2024-01-21,CUST0790,West,Grocery,1,574.83,574.83
TXN103427,2024-01-21,CUST0046,South,Apparel,2,545.85,1091.7
TXN112829,2024-01-21,CUST0074,South,Home & Living,1,7869.54,7869.54
TXN100656,2024-01-22,CUST0415,West,Beauty,2,1820.93,3641.87
TXN109450,2024-01-22,CUST0021,West,Home & Living,2,1904.97,3809.94
TXN113151,2024-01-22,CUST0167,West,Electronics,1,27042.74,27042.74
TXN110611,2024-01-22,CUST0411,South,Grocery,1,192.2,192.2
TXN101141,2024-01-22,CUST0188,South,Apparel,3,1863.78,5591.33
TXN105745,2024-01-22,CUST0220,North,Grocery,1,410.67,410.67
TXN100825,2024-01-22,CUST0723,South,Electronics,1,13759.9,13759.9
TXN103577,2024-01-22,CUST0072,North,Home & Living,1,2014.67,2014.67
TXN114128,2024-01-22,CUST0315,East,Grocery,1,990.88,990.88
TXN110714,2024-01-22,CUST0535,Central,Beauty,1,928.81,928.81
TXN109702,2024-01-22,CUST0443,West,Apparel,1,335.4,335.4
TXN102270,2024-01-22,CUST0317,North,Apparel,1,295.32,295.32
TXN109247,2024-01-22,CUST0716,North,Apparel,1,3528.0,3528.0
TXN112212,2024-01-22,CUST0249,West,Apparel,1,3578.58,3578.58
TXN111540,2024-01-22,CUST0767,East,Beauty,1,2219.89,2219.89
TXN104449,2024-01-22,CUST0752,East,Home & Living,1,9843.68,9843.68
TXN111440,2024-01-22,CUST0350,West,Grocery,1,883.21,883.21
TXN110331,2024-01-22,CUST0454,North,Electronics,3,69777.9,209333.7
TXN108324,2024-01-22,CUST0428,North,Apparel,1,1092.69,1092.69
TXN103791,2024-01-22,CUST0458,South,Grocery,1,301.46,301.46
TXN103943,2024-01-22,CUST0663,North,Apparel,2,3110.27,6220.53
TXN109952,2024-01-22,CUST0648,West,Home & Living,1,3307.64,3307.64
TXN112663,2024-01-23,CUST0663,North,Beauty,1,2989.3,2989.3
TXN110711,2024-01-23,CUST0533,North,Electronics,1,77750.94,77750.94
TXN103116,2024-01-23,CUST0476,North,Apparel,1,5200.95,5200.95
TXN103172,2024-01-23,CUST0194,East,Electronics,1,26906.65,26906.65
TXN102857,2024-01-23,CUST0118,Central,Beauty,1,297.49,297.49
TXN108230,2024-01-23,CUST0329,South,Grocery,1,305.2,305.2
TXN108596,2024-01-23,CUST0561,Central,Grocery,1,1000.81,1000.81
TXN107768,2024-01-23,CUST0628,Central,Beauty,1,1878.65,1878.65
TXN113506,2024-01-23,CUST0056,North,Apparel,1,6255.42,6255.42
TXN105820,2024-01-23,CUST0164,South,Grocery,2,482.02,964.04
TXN112870,2024-01-23,CUST0716,North,Electronics,1,60634.54,60634.54
TXN107934,2024-01-23,CUST0339,South,Apparel,2,1636.39,3272.78
TXN111236,2024-01-23,CUST0740,East,Grocery,1,112.94,112.94
TXN114412,2024-01-24,CUST0314,East,Home & Living,1,3511.79,3511.79
TXN108569,2024-01-24,CUST0372,Central,Beauty,1,595.88,595.88
TXN102439,2024-01-24,CUST0465,North,Apparel,1,3233.16,3233.16
TXN110028,2024-01-24,CUST0272,North,Apparel,1,1300.25,1300.25
TXN102144,2024-01-24,CUST0005,South,Electronics,1,8415.18,8415.18
TXN103897,2024-01-24,CUST0716,North,Grocery,1,294.91,294.91
TXN108831,2024-01-24,CUST0070,Central,Apparel,1,4367.23,4367.23
TXN110097,2024-01-24,CUST0747,West,Apparel,1,323.34,323.34
TXN104870,2024-01-24,CUST0519,North,Beauty,1,465.6,465.6
TXN101195,2024-01-24,CUST0476,North,Home & Living,2,3008.3,6016.61
TXN114545,2024-01-24,CUST0089,North,Electronics,1,52548.32,52548.32
TXN110632,2024-01-24,CUST0094,South,Grocery,2,686.3,1372.61
TXN100059,2024-01-24,CUST0365,North,Electronics,1,55254.7,55254.7
TXN106043,2024-01-25,CUST0215,West,Beauty,1,340.64,340.64
TXN112630,2024-01-25,CUST0087,East,Home & Living,1,3021.49,3021.49
TXN110215,2024-01-25,CUST0414,West,Home & Living,3,3042.45,9127.35
TXN102723,2024-01-25,CUST0391,North,Home & Living,1,3100.38,3100.38
TXN111265,2024-01-25,CUST0616,Central,Grocery,1,1359.57,1359.57
TXN114201,2024-01-25,CUST0227,West,Electronics,1,76302.62,76302.62
TXN110401,2024-01-25,CUST0068,North,Apparel,2,1579.24,3158.48
TXN100827,2024-01-25,CUST0768,North,Apparel,2,4904.14,9808.28
TXN105047,2024-01-25,CUST0721,North,Grocery,1,778.59,778.59
TXN113416,2024-01-25,CUST0412,South,Grocery,1,1844.63,1844.63
TXN110669,2024-01-25,CUST0102,North,Grocery,1,809.29,809.29
TXN104675,2024-01-25,CUST0513,East,Apparel,1,5792.32,5792.32
TXN109923,2024-01-26,CUST0056,North,Grocery,1,175.08,175.08
TXN109811,2024-01-26,CUST0337,West,Home & Living,1,6212.98,6212.98
TXN100976,2024-01-26,CUST0788,South,Electronics,2,10224.34,20448.68
TXN109910,2024-01-26,CUST0036,South,Home & Living,1,1922.07,1922.07
TXN106135,2024-01-26,CUST0501,North,Home & Living,1,1393.76,1393.76
TXN113454,2024-01-26,CUST0384,Central,Electronics,1,19463.89,19463.89
TXN110424,2024-01-26,CUST0359,West,Apparel,1,6572.45,6572.45
TXN107629,2024-01-26,CUST0578,East,Grocery,1,252.44,252.44
TXN108247,2024-01-26,CUST0293,East,Electronics,1,27832.26,27832.26
TXN103679,2024-01-26,CUST0272,North,Home & Living,1,5943.14,5943.14
TXN111349,2024-01-26,CUST0071,South,Electronics,1,31764.61,31764.61
TXN105140,2024-01-26,CUST0141,North,Electronics,1,7723.49,7723.49
TXN111098,2024-01-26,CUST0752,East,Apparel,1,7249.71,7249.71
TXN109920,2024-01-26,CUST0536,East,Electronics,1,32091.37,32091.37
TXN105967,2024-01-26,CUST0049,East,Home & Living,1,2571.58,2571.58
TXN102837,2024-01-26,CUST0619,South,Electronics,1,11957.84,11957.84
TXN109422,2024-01-26,CUST0729,West,Grocery,1,442.08,442.08
TXN112656,2024-01-26,CUST0242,West,Apparel,1,2993.36,2993.36
TXN111707,2024-01-26,CUST0747,West,Electronics,1,4624.41,4624.41
TXN111117,2024-01-26,CUST0582,South,Apparel,1,5083.47,5083.47
TXN111548,2024-01-26,CUST0560,East,Apparel,1,692.38,692.38
TXN102507,2024-01-27,CUST0044,Central,Apparel,1,1078.89,1078.89
TXN100078,2024-01-27,CUST0145,North,Home & Living,1,4541.13,4541.13
TXN102328,2024-01-27,CUST0537,North,Apparel,1,4327.08,4327.08
TXN111363,2024-01-27,CUST0168,South,Grocery,1,133.61,133.61
TXN114072,2024-01-27,CUST0166,South,Electronics,1,25237.95,25237.95
TXN104609,2024-01-27,CUST0045,North,Electronics,1,3592.13,3592.13
TXN113833,2024-01-27,CUST0569,North,Apparel,1,2698.46,2698.46
TXN105649,2024-01-27,CUST0649,Central,Apparel,1,2128.17,2128.17
TXN112409,2024-01-27,CUST0790,West,Apparel,1,6618.11,6618.11
TXN110387,2024-01-27,CUST0147,North,Apparel,1,4485.85,4485.85
TXN110477,2024-01-27,CUST0442,West,Home & Living,1,8901.71,8901.71
TXN110815,2024-01-27,CUST0087,East,Apparel,1,2638.24,2638.24
TXN112374,2024-01-27,CUST0627,North,Grocery,1,455.46,455.46
TXN109833,2024-01-27,CUST0379,West,Grocery,1,551.33,551.33
TXN109482,2024-01-27,CUST0306,North,Beauty,3,1829.38,5488.15
TXN112715,2024-01-27,CUST0563,East,Apparel,1,2282.97,2282.97
TXN109038,2024-01-28,CUST0590,South,Electronics,2,11752.25,23504.49
TXN112457,2024-01-28,CUST0659,North,Home & Living,1,6715.41,6715.41
TXN105251,2024-01-28,CUST0750,East,Electronics,1,9240.15,9240.15
TXN100231,2024-01-28,CUST0480,South,Grocery,1,231.24,231.24
TXN104025,2024-01-28,CUST0677,West,Beauty,2,2099.94,4199.89
TXN112665,2024-01-28,CUST0178,North,Electronics,1,29185.09,29185.09
TXN110944,2024-01-28,CUST0209,North,Home & Living,1,4280.75,4280.75
TXN100723,2024-01-28,CUST0248,North,Apparel,1,5197.68,5197.68
TXN114551,2024-01-28,CUST0448,North,Beauty,1,2776.79,2776.79
TXN108070,2024-01-28,CUST0369,North,Electronics,1,29028.97,29028.97
TXN107061,2024-01-28,CUST0332,South,Home & Living,1,3112.86,3112.86
TXN107855,2024-01-28,CUST0209,North,Grocery,2,558.38,1116.76
TXN112694,2024-01-28,CUST0617,North,Home & Living,1,2113.0,2113.0
TXN106880,2024-01-29,CUST0002,North,Home & Living,1,12352.5,12352.5
TXN111109,2024-01-29,CUST0262,Central,Beauty,3,1980.69,5942.06
TXN110391,2024-01-29,CUST0130,North,Home & Living,1,3330.61,3330.61
TXN108780,2024-01-29,CUST0625,Central,Home & Living,2,1043.23,2086.46
TXN100453,2024-01-29,CUST0759,West,Grocery,1,1690.61,1690.61
TXN111157,2024-01-29,CUST0706,South,Home & Living,1,4858.0,4858.0
TXN109477,2024-01-29,CUST0226,South,Electronics,1,6164.74,6164.74
TXN101448,2024-01-29,CUST0321,Central,Home & Living,1,1313.36,1313.36
TXN106251,2024-01-29,CUST0545,West,Beauty,1,1620.51,1620.51
TXN102126,2024-01-29,CUST0053,North,Apparel,1,4167.11,4167.11
TXN102750,2024-01-29,CUST0620,Central,Grocery,2,576.98,1153.96
TXN100050,2024-01-29,CUST0034,North,Apparel,1,2960.1,2960.1
TXN111857,2024-01-29,CUST0094,South,Apparel,1,3226.91,3226.91
TXN111509,2024-01-29,CUST0145,North,Electronics,1,22120.41,22120.41
TXN100620,2024-01-29,CUST0550,North,Apparel,2,2747.92,5495.83
TXN107841,2024-01-29,CUST0089,North,Electronics,1,34069.44,34069.44
TXN112515,2024-01-30,CUST0258,South,Grocery,1,659.25,659.25
TXN109970,2024-01-30,CUST0227,West,Electronics,1,26308.57,26308.57
TXN105196,2024-01-30,CUST0773,West,Grocery,1,464.44,464.44
TXN109071,2024-01-30,CUST0183,North,Electronics,1,10290.25,10290.25
TXN104920,2024-01-30,CUST0188,South,Home & Living,1,4407.05,4407.05
TXN106495,2024-01-30,CUST0728,South,Grocery,1,793.47,793.47
TXN113967,2024-01-30,CUST0257,West,Beauty,2,3340.61,6681.21
TXN105213,2024-01-30,CUST0632,East,Beauty,1,330.17,330.17
TXN108503,2024-01-30,CUST0267,North,Grocery,2,252.11,504.22
TXN100126,2024-01-30,CUST0412,South,Home & Living,1,12469.85,12469.85
TXN111959,2024-01-30,CUST0413,North,Apparel,1,1214.52,1214.52
TXN112009,2024-01-30,CUST0345,North,Apparel,2,3039.71,6079.43
TXN113680,2024-01-30,CUST0752,East,Beauty,1,5002.47,5002.47
TXN110808,2024-01-30,CUST0781,North,Apparel,1,2690.29,2690.29
TXN100227,2024-01-30,CUST0780,East,Apparel,1,4300.18,4300.18
TXN114163,2024-01-30,CUST0054,Central,Beauty,1,1984.43,1984.43
TXN110650,2024-01-31,CUST0524,North,Apparel,1,4065.39,4065.39
TXN102666,2024-01-31,CUST0511,North,Home & Living,1,7213.05,7213.05
TXN101389,2024-01-31,CUST0691,North,Apparel,1,402.11,402.11
TXN100833,2024-01-31,CUST0236,West,Apparel,1,2391.11,2391.11
TXN112311,2024-01-31,CUST0117,South,Home & Living,1,1149.8,1149.8
TXN104855,2024-01-31,CUST0160,West,Apparel,2,1192.85,2385.7
TXN103411,2024-01-31,CUST0553,South,Grocery,1,909.63,909.63
TXN101020,2024-01-31,CUST0626,Central,Home & Living,1,629.49,629.49
TXN113439,2024-01-31,CUST0336,North,Home & Living,1,4729.63,4729.63
TXN114935,2024-01-31,CUST0520,North,Grocery,2,106.81,213.61
TXN102521,2024-01-31,CUST0422,North,Electronics,1,5477.4,5477.4
TXN114333,2024-01-31,CUST0023,South,Grocery,1,226.15,226.15
TXN110774,2024-01-31,CUST0734,North,Grocery,1,268.91,268.91
TXN100463,2024-01-31,CUST0374,North,Apparel,1,2549.17,2549.17
TXN111960,2024-01-31,CUST0054,Central,Apparel,1,5088.35,5088.35
TXN108665,2024-01-31,CUST0036,South,Grocery,1,514.75,514.75
TXN108810,2024-02-01,CUST0631,South,Home & Living,1,4500.65,4500.65
TXN114566,2024-02-01,CUST0388,North,Apparel,1,2752.52,2752.52
TXN103737,2024-02-01,CUST0461,North,Home & Living,1,1470.1,1470.1
TXN108299,2024-02-01,CUST0036,South,Grocery,1,265.64,265.64
TXN104393,2024-02-01,CUST0404,South,Apparel,1,3887.31,3887.31
TXN104391,2024-02-01,CUST0438,South,Apparel,1,2621.59,2621.59
TXN111398,2024-02-01,CUST0291,Central,Apparel,1,619.95,619.95
TXN109757,2024-02-01,CUST0743,East,Apparel,1,1151.17,1151.17
TXN102338,2024-02-01,CUST0141,North,Beauty,1,3051.41,3051.41
TXN108017,2024-02-01,CUST0755,North,Electronics,1,22992.06,22992.06
TXN100257,2024-02-01,CUST0375,East,Home & Living,1,5534.11,5534.11
TXN104559,2024-02-01,CUST0672,West,Electronics,1,44806.97,44806.97
TXN107224,2024-02-01,CUST0708,East,Electronics,1,33803.43,33803.43
TXN105500,2024-02-01,CUST0008,Central,Home & Living,1,4716.87,4716.87
TXN103947,2024-02-01,CUST0044,Central,Electronics,1,53141.48,53141.48
TXN107892,2024-02-01,CUST0275,Central,Home & Living,1,4054.84,4054.84
TXN109813,2024-02-01,CUST0084,North,Apparel,1,2688.5,2688.5
TXN109705,2024-02-02,CUST0045,North,Beauty,1,694.98,694.98
TXN113714,2024-02-02,CUST0141,North,Home & Living,1,11839.72,11839.72
TXN102610,2024-02-02,CUST0089,North,Home & Living,1,1259.39,1259.39
TXN108855,2024-02-02,CUST0374,North,Electronics,1,34062.42,34062.42
TXN109175,2024-02-02,CUST0004,East,Apparel,1,2881.75,2881.75
TXN101496,2024-02-02,CUST0786,North,Apparel,1,7819.55,7819.55
TXN112239,2024-02-02,CUST0578,East,Apparel,3,3136.46,9409.37
TXN100341,2024-02-02,CUST0265,South,Beauty,1,4961.14,4961.14
TXN112652,2024-02-02,CUST0391,North,Apparel,1,1714.71,1714.71
TXN105707,2024-02-02,CUST0242,West,Beauty,1,3834.6,3834.6
TXN107482,2024-02-02,CUST0262,Central,Home & Living,1,7152.68,7152.68
TXN110294,2024-02-02,CUST0267,North,Grocery,1,229.08,229.08
TXN110075,2024-02-02,CUST0184,North,Grocery,1,1399.46,1399.46
TXN114809,2024-02-02,CUST0724,North,Grocery,1,636.11,636.11
TXN107344,2024-02-03,CUST0246,East,Apparel,1,7199.61,7199.61
TXN110971,2024-02-03,CUST0648,West,Grocery,1,101.18,101.18
TXN102490,2024-02-03,CUST0576,West,Apparel,1,1335.52,1335.52
TXN110960,2024-02-03,CUST0616,Central,Electronics,1,74858.29,74858.29
TXN114349,2024-02-03,CUST0613,North,Home & Living,1,7211.36,7211.36
TXN111018,2024-02-03,CUST0130,North,Electronics,1,30347.04,30347.04
TXN114833,2024-02-03,CUST0213,Central,Grocery,1,1092.25,1092.25
TXN108549,2024-02-03,CUST0314,East,Home & Living,1,2709.61,2709.61
TXN112077,2024-02-03,CUST0716,North,Apparel,1,6383.69,6383.69
TXN110446,2024-02-03,CUST0318,West,Beauty,1,1165.93,1165.93
TXN105883,2024-02-03,CUST0402,North,Grocery,1,270.65,270.65
TXN104137,2024-02-03,CUST0219,Central,Apparel,1,1592.9,1592.9
TXN100499,2024-02-03,CUST0318,West,Home & Living,1,2067.6,2067.6
TXN103794,2024-02-03,CUST0561,Central,Electronics,1,10189.64,10189.64
TXN110333,2024-02-03,CUST0137,North,Electronics,1,9980.32,9980.32
TXN109642,2024-02-04,CUST0141,North,Apparel,1,5839.56,5839.56
TXN110091,2024-02-04,CUST0461,North,Grocery,1,797.21,797.21
TXN111614,2024-02-04,CUST0031,North,Beauty,1,2821.66,2821.66
TXN104327,2024-02-04,CUST0530,South,Beauty,1,599.93,599.93
TXN110213,2024-02-04,CUST0136,North,Grocery,2,129.26,258.52
TXN101582,2024-02-04,CUST0248,North,Grocery,1,738.41,738.41
TXN102657,2024-02-04,CUST0367,West,Home & Living,2,13340.85,26681.71
TXN100238,2024-02-04,CUST0748,East,Electronics,1,10621.2,10621.2
TXN104240,2024-02-04,CUST0338,South,Grocery,1,837.22,837.22
TXN105413,2024-02-04,CUST0160,West,Apparel,2,4498.66,8997.31
TXN104124,2024-02-04,CUST0113,East,Apparel,1,4413.1,4413.1
TXN108346,2024-02-04,CUST0262,Central,Home & Living,1,9993.97,9993.97
TXN100309,2024-02-04,CUST0123,Central,Apparel,1,330.21,330.21
TXN108690,2024-02-04,CUST0420,North,Electronics,1,33113.38,33113.38
TXN110684,2024-02-05,CUST0240,South,Apparel,1,1398.58,1398.58
TXN112653,2024-02-05,CUST0662,East,Electronics,2,35360.16,70720.32
TXN113615,2024-02-05,CUST0436,South,Beauty,1,1053.31,1053.31
TXN111344,2024-02-05,CUST0218,East,Apparel,1,2944.81,2944.81
TXN112449,2024-02-05,CUST0015,West,Apparel,1,323.97,323.97
TXN113605,2024-02-05,CUST0324,West,Grocery,1,336.08,336.08
TXN111127,2024-02-05,CUST0663,North,Apparel,2,2347.76,4695.52
TXN104937,2024-02-05,CUST0716,North,Grocery,1,1538.32,1538.32
TXN110011,2024-02-05,CUST0198,North,Apparel,1,3648.02,3648.02
TXN109298,2024-02-05,CUST0110,South,Apparel,3,1162.74,3488.21
TXN102770,2024-02-05,CUST0171,East,Grocery,1,293.38,293.38
TXN105966,2024-02-05,CUST0741,West,Apparel,1,2923.41,2923.41
TXN107343,2024-02-05,CUST0749,North,Beauty,2,597.6,1195.2
TXN107334,2024-02-05,CUST0486,East,Apparel,1,4851.78,4851.78
TXN114150,2024-02-05,CUST0371,East,Grocery,1,594.22,594.22
TXN114527,2024-02-05,CUST0306,North,Grocery,1,1562.47,1562.47
TXN103703,2024-02-06,CUST0718,Central,Apparel,2,5670.72,11341.45
TXN105770,2024-02-06,CUST0531,East,Apparel,1,721.7,721.7
TXN105995,2024-02-06,CUST0796,East,Grocery,1,836.93,836.93
TXN113438,2024-02-06,CUST0698,South,Electronics,1,26277.62,26277.62
TXN108826,2024-02-06,CUST0258,South,Beauty,1,2513.83,2513.83
TXN104252,2024-02-06,CUST0683,East,Beauty,1,1082.62,1082.62
TXN112848,2024-02-06,CUST0440,North,Electronics,1,24920.45,24920.45
TXN103589,2024-02-06,CUST0227,West,Apparel,1,7448.38,7448.38
TXN107927,2024-02-06,CUST0079,North,Grocery,1,246.87,246.87
TXN102236,2024-02-06,CUST0750,East,Beauty,1,1615.43,1615.43
TXN110183,2024-02-06,CUST0571,Central,Grocery,2,657.51,1315.02
TXN100314,2024-02-06,CUST0366,West,Apparel,1,807.82,807.82
TXN104079,2024-02-06,CUST0147,North,Grocery,1,194.91,194.91
TXN114860,2024-02-06,CUST0038,South,Apparel,2,3000.93,6001.86
TXN107765,2024-02-06,CUST0409,North,Apparel,1,5535.68,5535.68
TXN104285,2024-02-06,CUST0396,West,Beauty,1,3299.71,3299.71
TXN100333,2024-02-06,CUST0481,East,Home & Living,1,6642.88,6642.88
TXN111980,2024-02-06,CUST0128,East,Home & Living,1,3687.25,3687.25
TXN110657,2024-02-06,CUST0451,West,Home & Living,1,6281.54,6281.54
TXN107367,2024-02-07,CUST0577,South,Apparel,2,563.36,1126.72
TXN108730,2024-02-07,CUST0556,West,Apparel,1,2068.19,2068.19
TXN106862,2024-02-07,CUST0222,South,Apparel,1,3838.72,3838.72
TXN107955,2024-02-07,CUST0662,East,Electronics,1,53397.36,53397.36
TXN107979,2024-02-07,CUST0185,West,Grocery,1,93.38,93.38
TXN110737,2024-02-07,CUST0406,West,Apparel,1,2642.2,2642.2
TXN108125,2024-02-07,CUST0778,East,Grocery,1,265.23,265.23
TXN101503,2024-02-07,CUST0356,West,Grocery,2,527.96,1055.92
TXN114183,2024-02-07,CUST0315,East,Grocery,2,677.06,1354.12
TXN108146,2024-02-07,CUST0630,West,Home & Living,1,2522.79,2522.79
TXN109650,2024-02-07,CUST0446,East,Grocery,1,2112.54,2112.54
TXN110881,2024-02-07,CUST0684,North,Apparel,2,1961.63,3923.25
TXN105297,2024-02-07,CUST0002,North,Electronics,1,26026.45,26026.45
TXN103827,2024-02-07,CUST0199,Central,Home & Living,1,3828.12,3828.12
TXN112864,2024-02-07,CUST0793,North,Apparel,1,1543.92,1543.92
TXN106627,2024-02-07,CUST0108,South,Home & Living,1,6603.2,6603.2
TXN111807,2024-02-07,CUST0712,West,Home & Living,1,4832.38,4832.38
TXN114401,2024-02-07,CUST0001,West,Grocery,1,130.99,130.99
TXN107547,2024-02-08,CUST0327,North,Grocery,1,379.42,379.42
TXN104408,2024-02-08,CUST0499,East,Electronics,1,74866.52,74866.52
TXN106236,2024-02-08,CUST0483,East,Apparel,1,2348.61,2348.61
TXN113465,2024-02-08,CUST0541,North,Grocery,2,1420.68,2841.37
TXN104472,2024-02-08,CUST0141,North,Apparel,1,3006.25,3006.25
TXN111465,2024-02-08,CUST0479,North,Apparel,1,8088.35,8088.35
TXN112773,2024-02-08,CUST0421,Central,Home & Living,1,2804.89,2804.89
TXN114777,2024-02-08,CUST0391,North,Grocery,2,2088.68,4177.35
TXN103092,2024-02-08,CUST0273,North,Electronics,1,31543.76,31543.76
TXN100191,2024-02-08,CUST0578,East,Electronics,1,54866.8,54866.8
TXN107079,2024-02-08,CUST0120,North,Apparel,1,1865.43,1865.43
TXN104791,2024-02-08,CUST0334,North,Home & Living,2,2197.12,4394.24
TXN111085,2024-02-08,CUST0743,East,Apparel,1,2910.65,2910.65
TXN105651,2024-02-08,CUST0736,North,Grocery,1,932.62,932.62
TXN101678,2024-02-08,CUST0265,South,Home & Living,2,5234.02,10468.04
TXN110811,2024-02-08,CUST0710,West,Apparel,1,1743.45,1743.45
TXN109930,2024-02-08,CUST0782,South,Apparel,1,2147.75,2147.75
TXN108174,2024-02-09,CUST0631,South,Grocery,2,973.96,1947.91
TXN110762,2024-02-09,CUST0501,North,Electronics,1,40981.45,40981.45
TXN102603,2024-02-09,CUST0775,North,Home & Living,2,767.72,1535.43
TXN112118,2024-02-09,CUST0250,North,Electronics,1,9827.75,9827.75
TXN109101,2024-02-09,CUST0362,North,Apparel,1,3889.83,3889.83
TXN106910,2024-02-09,CUST0155,South,Grocery,3,1979.77,5939.31
TXN110243,2024-02-09,CUST0527,North,Home & Living,1,4917.35,4917.35
TXN108131,2024-02-09,CUST0586,South,Apparel,3,523.33,1570.0
TXN101930,2024-02-09,CUST0229,South,Home & Living,1,11055.73,11055.73
TXN110624,2024-02-09,CUST0621,South,Grocery,1,415.23,415.23
TXN103450,2024-02-09,CUST0166,South,Home & Living,1,4928.77,4928.77
TXN101604,2024-02-09,CUST0532,West,Apparel,1,3811.99,3811.99
TXN107157,2024-02-09,CUST0261,West,Grocery,2,327.22,654.45
TXN103245,2024-02-09,CUST0315,East,Electronics,1,39500.46,39500.46
TXN113510,2024-02-09,CUST0605,East,Apparel,1,874.48,874.48
TXN108409,2024-02-09,CUST0597,South,Grocery,1,92.13,92.13
TXN112664,2024-02-09,CUST0573,West,Beauty,1,510.21,510.21
TXN112766,2024-02-09,CUST0796,East,Grocery,1,654.41,654.41
TXN102672,2024-02-09,CUST0126,North,Apparel,1,2670.47,2670.47
TXN110077,2024-02-09,CUST0490,North,Home & Living,1,8745.31,8745.31
TXN112235,2024-02-10,CUST0497,North,Beauty,1,1077.88,1077.88
TXN103439,2024-02-10,CUST0744,North,Apparel,1,830.88,830.88
TXN103572,2024-02-10,CUST0018,South,Electronics,1,12695.69,12695.69
TXN114420,2024-02-10,CUST0397,Central,Home & Living,1,7149.48,7149.48
TXN110348,2024-02-10,CUST0444,West,Apparel,1,2911.32,2911.32
TXN114635,2024-02-10,CUST0447,North,Electronics,1,56626.71,56626.71
TXN102877,2024-02-10,CUST0281,West,Electronics,3,4757.53,14272.6
TXN103961,2024-02-10,CUST0800,Central,Home & Living,1,12467.49,12467.49
TXN100198,2024-02-10,CUST0057,North,Apparel,2,1401.21,2802.42
TXN113531,2024-02-10,CUST0792,Central,Apparel,1,2623.83,2623.83
TXN103952,2024-02-10,CUST0759,West,Electronics,2,40937.87,81875.74
TXN102678,2024-02-10,CUST0109,North,Apparel,1,2387.03,2387.03
TXN107332,2024-02-10,CUST0142,East,Apparel,2,685.41,1370.83
TXN105250,2024-02-10,CUST0190,West,Electronics,1,8599.52,8599.52
TXN102104,2024-02-10,CUST0760,Central,Home & Living,1,4178.31,4178.31
TXN105129,2024-02-10,CUST0646,North,Home & Living,1,3648.21,3648.21
TXN112198,2024-02-10,CUST0731,South,Home & Living,2,1532.71,3065.41
TXN101270,2024-02-10,CUST0719,North,Electronics,1,14246.38,14246.38
TXN106364,2024-02-10,CUST0478,Central,Apparel,1,4025.92,4025.92
TXN112648,2024-02-10,CUST0347,West,Electronics,1,5576.84,5576.84
TXN107987,2024-02-10,CUST0327,North,Grocery,1,643.67,643.67
TXN101010,2024-02-10,CUST0674,South,Electronics,3,22200.41,66601.22
TXN107772,2024-02-10,CUST0044,Central,Home & Living,1,7726.22,7726.22
TXN107502,2024-02-11,CUST0258,South,Electronics,1,37615.73,37615.73
TXN103396,2024-02-11,CUST0103,North,Grocery,1,37.48,37.48
TXN113629,2024-02-11,CUST0718,Central,Electronics,1,43360.33,43360.33
TXN105113,2024-02-11,CUST0660,East,Apparel,1,3340.8,3340.8
TXN102323,2024-02-11,CUST0219,Central,Home & Living,1,3297.07,3297.07
TXN108908,2024-02-11,CUST0557,Central,Apparel,1,1233.04,1233.04
TXN114903,2024-02-11,CUST0349,West,Home & Living,2,4627.97,9255.95
TXN107838,2024-02-11,CUST0002,North,Grocery,1,692.51,692.51
TXN105801,2024-02-11,CUST0540,North,Grocery,1,718.63,718.63
TXN113053,2024-02-11,CUST0545,West,Grocery,1,673.18,673.18
TXN101512,2024-02-11,CUST0559,North,Beauty,1,2587.84,2587.84
TXN112615,2024-02-11,CUST0102,North,Electronics,1,17011.79,17011.79
TXN103789,2024-02-11,CUST0693,North,Electronics,1,18510.59,18510.59
TXN107233,2024-02-11,CUST0412,South,Home & Living,1,4876.36,4876.36
TXN105017,2024-02-11,CUST0297,North,Electronics,1,36457.07,36457.07
TXN101686,2024-02-11,CUST0312,North,Home & Living,1,607.44,607.44
TXN110245,2024-02-11,CUST0053,North,Grocery,1,2112.45,2112.45
TXN112169,2024-02-11,CUST0159,North,Home & Living,1,2449.82,2449.82
TXN101145,2024-02-11,CUST0618,North,Electronics,1,7614.58,7614.58
TXN105655,2024-02-12,CUST0446,East,Electronics,1,49974.33,49974.33
TXN103611,2024-02-12,CUST0184,North,Apparel,1,2080.06,2080.06
TXN114655,2024-02-12,CUST0799,North,Electronics,1,18019.9,18019.9
TXN111036,2024-02-12,CUST0566,North,Home & Living,1,6516.51,6516.51
TXN105150,2024-02-12,CUST0235,North,Grocery,1,614.37,614.37
TXN101370,2024-02-12,CUST0306,North,Electronics,2,14086.92,28173.85
TXN105577,2024-02-12,CUST0611,North,Grocery,1,55.63,55.63
TXN113497,2024-02-12,CUST0449,Central,Grocery,1,112.72,112.72
TXN108907,2024-02-12,CUST0413,North,Grocery,1,340.65,340.65
TXN108726,2024-02-12,CUST0335,West,Beauty,2,1657.48,3314.97
TXN113838,2024-02-12,CUST0548,South,Grocery,3,961.12,2883.35
TXN108572,2024-02-12,CUST0413,North,Apparel,1,4906.08,4906.08
TXN100013,2024-02-12,CUST0258,South,Apparel,1,4078.22,4078.22
TXN104928,2024-02-12,CUST0290,North,Beauty,1,1667.94,1667.94
TXN113128,2024-02-12,CUST0749,North,Home & Living,1,3104.52,3104.52
TXN100127,2024-02-12,CUST0799,North,Apparel,1,4474.55,4474.55
TXN113123,2024-02-13,CUST0204,West,Apparel,1,7213.09,7213.09
TXN110914,2024-02-13,CUST0631,South,Electronics,2,13616.9,27233.79
TXN108040,2024-02-13,CUST0394,East,Home & Living,1,7869.27,7869.27
TXN100018,2024-02-13,CUST0448,North,Home & Living,1,3917.52,3917.52
TXN114818,2024-02-13,CUST0572,North,Apparel,1,3948.78,3948.78
TXN104576,2024-02-13,CUST0452,South,Apparel,1,4218.66,4218.66
TXN110223,2024-02-13,CUST0627,North,Electronics,1,13371.89,13371.89
TXN101327,2024-02-13,CUST0792,Central,Electronics,2,13547.42,27094.84
TXN102464,2024-02-13,CUST0696,East,Grocery,2,593.0,1186.01
TXN108394,2024-02-13,CUST0107,West,Home & Living,1,5567.04,5567.04
TXN105004,2024-02-13,CUST0421,Central,Apparel,1,3287.86,3287.86
TXN109077,2024-02-13,CUST0489,North,Beauty,1,4628.4,4628.4
TXN107586,2024-02-13,CUST0572,North,Grocery,1,706.65,706.65
TXN104328,2024-02-13,CUST0489,North,Apparel,2,1419.17,2838.35
TXN110274,2024-02-13,CUST0662,East,Home & Living,2,13933.46,27866.92
TXN108658,2024-02-13,CUST0705,South,Home & Living,1,4267.88,4267.88
TXN114961,2024-02-13,CUST0602,North,Home & Living,1,5496.9,5496.9
TXN105326,2024-02-13,CUST0325,East,Grocery,1,1699.55,1699.55
TXN110382,2024-02-13,CUST0428,North,Grocery,1,369.77,369.77
TXN108371,2024-02-13,CUST0786,North,Home & Living,1,9123.61,9123.61
TXN112743,2024-02-14,CUST0759,West,Home & Living,2,12025.21,24050.42
TXN107434,2024-02-14,CUST0368,East,Grocery,1,423.4,423.4
TXN113913,2024-02-14,CUST0569,North,Apparel,1,5446.54,5446.54
TXN103531,2024-02-14,CUST0413,North,Grocery,1,1064.01,1064.01
TXN113503,2024-02-14,CUST0451,West,Electronics,1,43861.97,43861.97
TXN102150,2024-02-14,CUST0720,Central,Apparel,1,3129.73,3129.73
TXN113999,2024-02-14,CUST0170,South,Electronics,2,40228.63,80457.26
TXN101949,2024-02-14,CUST0454,North,Apparel,1,4912.63,4912.63
TXN111539,2024-02-14,CUST0054,Central,Grocery,1,2002.31,2002.31
TXN109120,2024-02-14,CUST0533,North,Beauty,1,533.06,533.06
TXN107671,2024-02-14,CUST0420,North,Beauty,1,1408.22,1408.22
TXN107086,2024-02-14,CUST0252,East,Home & Living,2,3794.93,7589.86
TXN112826,2024-02-14,CUST0553,South,Beauty,1,1367.69,1367.69
TXN102934,2024-02-14,CUST0447,North,Beauty,1,4512.96,4512.96
TXN113365,2024-02-14,CUST0615,East,Apparel,2,5044.89,10089.79
TXN114832,2024-02-14,CUST0645,West,Beauty,1,117.02,117.02
TXN105825,2024-02-14,CUST0293,East,Apparel,1,907.47,907.47
TXN101805,2024-02-14,CUST0646,North,Apparel,2,5203.88,10407.75
TXN111066,2024-02-15,CUST0672,West,Apparel,2,3085.74,6171.47
TXN104042,2024-02-15,CUST0261,West,Grocery,1,176.03,176.03
TXN108405,2024-02-15,CUST0696,East,Grocery,1,246.14,246.14
TXN109088,2024-02-15,CUST0634,East,Home & Living,1,4542.86,4542.86
TXN101617,2024-02-15,CUST0002,North,Grocery,1,259.08,259.08
TXN102537,2024-02-15,CUST0258,South,Apparel,1,3053.26,3053.26
TXN110093,2024-02-15,CUST0748,East,Home & Living,1,5202.8,5202.8
TXN109749,2024-02-15,CUST0691,North,Grocery,1,532.69,532.69
TXN106826,2024-02-15,CUST0100,North,Grocery,1,573.36,573.36
TXN113635,2024-02-15,CUST0373,East,Grocery,1,706.18,706.18
TXN103873,2024-02-15,CUST0548,South,Grocery,1,591.76,591.76
TXN113184,2024-02-15,CUST0364,West,Home & Living,1,2444.73,2444.73
TXN103590,2024-02-15,CUST0264,South,Apparel,1,1471.86,1471.86
TXN113159,2024-02-15,CUST0022,North,Grocery,1,291.26,291.26
TXN114556,2024-02-15,CUST0244,East,Apparel,1,1211.78,1211.78
TXN101544,2024-02-16,CUST0221,West,Electronics,1,7289.37,7289.37
TXN108227,2024-02-16,CUST0433,North,Home & Living,1,753.89,753.89
TXN102577,2024-02-16,CUST0649,Central,Home & Living,1,2454.58,2454.58
TXN108514,2024-02-16,CUST0079,North,Electronics,1,16480.9,16480.9
TXN113814,2024-02-16,CUST0541,North,Beauty,1,3307.27,3307.27
TXN105834,2024-02-16,CUST0021,West,Grocery,1,575.07,575.07
TXN103501,2024-02-16,CUST0465,North,Home & Living,1,1222.09,1222.09
TXN112884,2024-02-16,CUST0060,North,Home & Living,1,4775.45,4775.45
TXN100131,2024-02-16,CUST0496,North,Apparel,1,1510.45,1510.45
TXN103152,2024-02-16,CUST0532,West,Grocery,2,322.52,645.04
TXN104887,2024-02-16,CUST0307,South,Apparel,1,2423.6,2423.6
TXN114957,2024-02-16,CUST0430,South,Beauty,1,961.61,961.61
TXN110451,2024-02-16,CUST0262,Central,Beauty,1,1066.25,1066.25
TXN103839,2024-02-16,CUST0677,West,Home & Living,1,5351.63,5351.63
TXN104190,2024-02-16,CUST0218,East,Apparel,1,2470.35,2470.35
TXN113457,2024-02-16,CUST0527,North,Apparel,1,1449.15,1449.15
TXN103010,2024-02-16,CUST0268,North,Grocery,1,142.06,142.06
TXN111047,2024-02-16,CUST0172,Central,Electronics,1,18719.96,18719.96
TXN103127,2024-02-16,CUST0677,West,Electronics,1,12275.48,12275.48
TXN112584,2024-02-16,CUST0452,South,Beauty,1,194.55,194.55
TXN110017,2024-02-16,CUST0034,North,Electronics,1,39275.11,39275.11
TXN104738,2024-02-17,CUST0376,East,Beauty,1,1805.41,1805.41
TXN105100,2024-02-17,CUST0461,North,Apparel,2,3064.74,6129.48
TXN105573,2024-02-17,CUST0588,North,Beauty,1,354.5,354.5
TXN109733,2024-02-17,CUST0573,West,Home & Living,1,1345.1,1345.1
TXN112329,2024-02-17,CUST0474,North,Grocery,1,584.44,584.44
TXN114741,2024-02-17,CUST0575,North,Grocery,1,176.63,176.63
TXN104221,2024-02-17,CUST0365,North,Apparel,1,840.73,840.73
TXN108414,2024-02-17,CUST0406,West,Beauty,1,711.41,711.41
TXN112355,2024-02-17,CUST0554,West,Home & Living,1,2074.54,2074.54
TXN109348,2024-02-17,CUST0186,South,Home & Living,1,2941.43,2941.43
TXN102811,2024-02-17,CUST0003,East,Home & Living,1,4878.8,4878.8
TXN105622,2024-02-17,CUST0113,East,Electronics,1,29728.67,29728.67
TXN104973,2024-02-17,CUST0711,West,Apparel,1,3466.71,3466.71
TXN107598,2024-02-17,CUST0533,North,Electronics,1,9597.28,9597.28
TXN100893,2024-02-17,CUST0310,North,Home & Living,1,1793.81,1793.81
TXN101612,2024-02-17,CUST0151,East,Home & Living,1,1590.04,1590.04
TXN101236,2024-02-17,CUST0797,North,Electronics,1,49514.46,49514.46
TXN109486,2024-02-17,CUST0727,South,Apparel,2,2442.66,4885.32
TXN108999,2024-02-17,CUST0386,Central,Home & Living,1,7317.79,7317.79
TXN110785,2024-02-17,CUST0175,North,Beauty,1,1423.89,1423.89
TXN108827,2024-02-18,CUST0673,West,Beauty,1,563.82,563.82
TXN105313,2024-02-18,CUST0183,North,Home & Living,1,10750.18,10750.18
TXN111217,2024-02-18,CUST0772,North,Electronics,1,32790.82,32790.82
TXN105430,2024-02-18,CUST0523,West,Apparel,1,4471.56,4471.56
TXN108210,2024-02-18,CUST0095,East,Home & Living,2,6006.77,12013.54
TXN108774,2024-02-18,CUST0800,Central,Electronics,1,77150.43,77150.43
TXN103551,2024-02-18,CUST0170,South,Home & Living,1,2626.0,2626.0
TXN108446,2024-02-18,CUST0193,North,Electronics,1,73350.69,73350.69
TXN106114,2024-02-18,CUST0058,South,Apparel,1,2725.83,2725.83
TXN100101,2024-02-18,CUST0354,West,Beauty,1,793.62,793.62
TXN106740,2024-02-18,CUST0659,North,Apparel,1,3959.66,3959.66
TXN106710,2024-02-18,CUST0389,South,Electronics,2,10349.04,20698.08
TXN101716,2024-02-18,CUST0394,East,Home & Living,1,7918.77,7918.77
TXN110098,2024-02-18,CUST0724,North,Home & Living,1,5475.42,5475.42
TXN112103,2024-02-18,CUST0404,South,Grocery,1,854.14,854.14
TXN107402,2024-02-18,CUST0569,North,Home & Living,1,3086.16,3086.16
TXN101320,2024-02-18,CUST0259,South,Apparel,2,555.27,1110.54
TXN101804,2024-02-18,CUST0586,South,Apparel,1,1169.97,1169.97
TXN108025,2024-02-19,CUST0262,Central,Apparel,1,1774.0,1774.0
TXN101478,2024-02-19,CUST0129,East,Apparel,1,2256.08,2256.08
TXN102346,2024-02-19,CUST0521,North,Apparel,1,3397.01,3397.01
TXN109539,2024-02-19,CUST0794,North,Electronics,2,24762.57,49525.15
TXN110484,2024-02-19,CUST0061,West,Apparel,1,672.83,672.83
TXN108350,2024-02-19,CUST0413,North,Electronics,1,35208.99,35208.99
TXN114363,2024-02-19,CUST0218,East,Apparel,1,1826.29,1826.29
TXN104991,2024-02-19,CUST0244,East,Apparel,1,2166.28,2166.28
TXN100977,2024-02-19,CUST0481,East,Electronics,1,9876.92,9876.92
TXN106850,2024-02-19,CUST0530,South,Apparel,1,3792.99,3792.99
TXN109583,2024-02-19,CUST0470,South,Grocery,1,1820.59,1820.59
TXN111186,2024-02-19,CUST0034,North,Apparel,1,1291.29,1291.29
TXN112620,2024-02-19,CUST0548,South,Electronics,1,30384.51,30384.51
TXN102208,2024-02-19,CUST0044,Central,Grocery,2,420.69,841.39
TXN101300,2024-02-19,CUST0110,South,Apparel,3,502.52,1507.56
TXN109364,2024-02-20,CUST0718,Central,Electronics,1,62614.86,62614.86
TXN104501,2024-02-20,CUST0567,West,Grocery,1,379.31,379.31
TXN111075,2024-02-20,CUST0592,North,Electronics,1,42268.33,42268.33
TXN109515,2024-02-20,CUST0706,South,Apparel,2,6544.32,13088.64
TXN111054,2024-02-20,CUST0239,North,Grocery,1,515.0,515.0
TXN101780,2024-02-20,CUST0293,East,Apparel,1,4361.94,4361.94
TXN104497,2024-02-20,CUST0684,North,Apparel,2,1022.1,2044.2
TXN102251,2024-02-20,CUST0099,North,Apparel,1,1904.75,1904.75
TXN113247,2024-02-20,CUST0796,East,Apparel,1,2519.64,2519.64
TXN104181,2024-02-20,CUST0326,East,Electronics,1,16893.67,16893.67
TXN108802,2024-02-20,CUST0135,North,Grocery,2,265.15,530.29
TXN108274,2024-02-20,CUST0479,North,Electronics,2,29283.43,58566.86
TXN109527,2024-02-20,CUST0322,Central,Grocery,1,93.29,93.29
TXN111934,2024-02-20,CUST0376,East,Electronics,2,27624.36,55248.73
TXN107453,2024-02-20,CUST0251,West,Apparel,1,1306.99,1306.99
TXN107088,2024-02-20,CUST0186,South,Home & Living,1,3206.4,3206.4
TXN103001,2024-02-20,CUST0620,Central,Apparel,1,1807.1,1807.1
TXN106671,2024-02-20,CUST0091,West,Apparel,1,2393.43,2393.43
TXN107437,2024-02-20,CUST0679,West,Beauty,2,2880.14,5760.28
TXN102760,2024-02-20,CUST0052,West,Electronics,1,32173.86,32173.86
TXN110601,2024-02-21,CUST0630,West,Grocery,1,720.58,720.58
TXN113973,2024-02-21,CUST0164,South,Home & Living,1,4299.58,4299.58
TXN113046,2024-02-21,CUST0711,West,Beauty,1,299.86,299.86
TXN105064,2024-02-21,CUST0718,Central,Electronics,2,55915.72,111831.43
TXN112762,2024-02-21,CUST0519,North,Grocery,1,1189.63,1189.63
TXN110582,2024-02-21,CUST0445,West,Apparel,2,934.68,1869.36
TXN110834,2024-02-21,CUST0205,West,Grocery,1,213.57,213.57
TXN114111,2024-02-21,CUST0759,West,Electronics,2,32305.66,64611.32
TXN110758,2024-02-21,CUST0121,West,Apparel,1,4143.96,4143.96
TXN106387,2024-02-21,CUST0368,East,Grocery,2,948.86,1897.72
TXN101996,2024-02-21,CUST0192,West,Beauty,1,2000.26,2000.26
TXN114315,2024-02-21,CUST0328,South,Home & Living,1,828.32,828.32
TXN101696,2024-02-21,CUST0511,North,Apparel,1,3414.08,3414.08
TXN105248,2024-02-21,CUST0479,North,Electronics,1,57000.33,57000.33
TXN111292,2024-02-21,CUST0140,East,Home & Living,3,6377.7,19133.11
TXN102262,2024-02-21,CUST0299,West,Electronics,1,43454.34,43454.34
TXN106050,2024-02-21,CUST0058,South,Apparel,2,1366.64,2733.28
TXN104910,2024-02-21,CUST0046,South,Apparel,1,2365.74,2365.74
TXN112609,2024-02-21,CUST0021,West,Electronics,1,42333.18,42333.18
TXN100705,2024-02-21,CUST0320,North,Home & Living,1,4471.71,4471.71
TXN105291,2024-02-21,CUST0724,North,Electronics,1,43700.52,43700.52
TXN105616,2024-02-21,CUST0454,North,Grocery,2,396.49,792.98
TXN109629,2024-02-21,CUST0360,North,Apparel,1,2184.03,2184.03
TXN112757,2024-02-21,CUST0262,Central,Home & Living,1,7253.91,7253.91
TXN107981,2024-02-21,CUST0442,West,Electronics,1,23427.94,23427.94
TXN102395,2024-02-22,CUST0361,West,Apparel,3,2873.92,8621.75
TXN113463,2024-02-22,CUST0198,North,Apparel,1,4916.07,4916.07
TXN107727,2024-02-22,CUST0177,East,Electronics,1,29637.75,29637.75
TXN108401,2024-02-22,CUST0265,South,Home & Living,1,9352.64,9352.64
TXN110208,2024-02-22,CUST0029,West,Home & Living,2,5744.86,11489.72
TXN105079,2024-02-22,CUST0425,South,Apparel,1,1331.03,1331.03
TXN112580,2024-02-22,CUST0079,North,Apparel,2,2456.89,4913.79
TXN103600,2024-02-22,CUST0246,East,Home & Living,1,8870.86,8870.86
TXN111055,2024-02-22,CUST0193,North,Home & Living,1,5838.7,5838.7
TXN107159,2024-02-22,CUST0399,West,Apparel,3,1177.44,3532.32
TXN110500,2024-02-22,CUST0327,North,Home & Living,2,3584.47,7168.94
TXN113586,2024-02-22,CUST0346,West,Grocery,1,94.21,94.21
TXN103193,2024-02-22,CUST0242,West,Grocery,1,413.64,413.64
TXN109953,2024-02-22,CUST0533,North,Home & Living,1,4030.54,4030.54
TXN109557,2024-02-22,CUST0151,East,Grocery,1,821.61,821.61
TXN112885,2024-02-22,CUST0326,East,Apparel,1,2280.49,2280.49
TXN109400,2024-02-22,CUST0429,Central,Electronics,1,9609.72,9609.72
TXN109155,2024-02-22,CUST0510,West,Grocery,1,141.19,141.19
TXN113829,2024-02-22,CUST0233,North,Home & Living,1,3783.77,3783.77
TXN106372,2024-02-22,CUST0135,North,Home & Living,1,1611.4,1611.4
TXN108728,2024-02-22,CUST0399,West,Electronics,1,41157.29,41157.29
TXN106029,2024-02-23,CUST0590,South,Apparel,1,633.87,633.87
TXN110630,2024-02-23,CUST0489,North,Grocery,1,1021.01,1021.01
TXN105776,2024-02-23,CUST0425,South,Home & Living,1,1773.37,1773.37
TXN100702,2024-02-23,CUST0413,North,Electronics,2,72953.4,145906.81
TXN107683,2024-02-23,CUST0074,South,Apparel,1,4464.67,4464.67
TXN104478,2024-02-23,CUST0446,East,Electronics,1,50427.2,50427.2
TXN101443,2024-02-23,CUST0325,East,Apparel,1,1690.61,1690.61
TXN108925,2024-02-23,CUST0603,North,Apparel,1,1938.55,1938.55
TXN111621,2024-02-23,CUST0790,West,Electronics,1,37146.53,37146.53
TXN107303,2024-02-23,CUST0595,South,Grocery,1,406.64,406.64
TXN106358,2024-02-23,CUST0125,South,Electronics,1,22036.94,22036.94
TXN100307,2024-02-23,CUST0293,East,Electronics,1,35626.35,35626.35
TXN114614,2024-02-23,CUST0260,East,Grocery,2,161.74,323.48
TXN100160,2024-02-23,CUST0368,East,Grocery,1,2135.4,2135.4
TXN101419,2024-02-23,CUST0620,Central,Apparel,1,4288.12,4288.12
TXN111569,2024-02-23,CUST0541,North,Electronics,1,74814.47,74814.47
TXN108020,2024-02-23,CUST0361,West,Apparel,1,2085.89,2085.89
TXN100217,2024-02-23,CUST0610,West,Home & Living,1,5136.15,5136.15
TXN110675,2024-02-23,CUST0314,East,Electronics,2,37078.28,74156.56
TXN103444,2024-02-23,CUST0495,West,Home & Living,1,2623.33,2623.33
TXN112318,2024-02-23,CUST0746,South,Home & Living,1,1355.37,1355.37
TXN113360,2024-02-23,CUST0406,West,Electronics,1,40505.6,40505.6
TXN101265,2024-02-23,CUST0468,South,Apparel,2,1168.97,2337.93
TXN107459,2024-02-23,CUST0170,South,Home & Living,1,7127.82,7127.82
TXN101056,2024-02-23,CUST0659,North,Apparel,1,3419.14,3419.14
TXN103303,2024-02-23,CUST0248,North,Grocery,1,1204.26,1204.26
TXN106467,2024-02-23,CUST0265,South,Home & Living,1,8772.24,8772.24
TXN111768,2024-02-23,CUST0649,Central,Apparel,2,4146.16,8292.33
TXN103324,2024-02-24,CUST0044,Central,Electronics,1,40467.83,40467.83
TXN101094,2024-02-24,CUST0775,North,Grocery,1,889.33,889.33
TXN101853,2024-02-24,CUST0298,North,Electronics,1,8650.03,8650.03
TXN103743,2024-02-24,CUST0135,North,Grocery,1,1284.25,1284.25
TXN105158,2024-02-24,CUST0800,Central,Home & Living,1,13047.03,13047.03
TXN110455,2024-02-24,CUST0412,South,Home & Living,1,9625.6,9625.6
TXN111944,2024-02-24,CUST0184,North,Grocery,1,1813.5,1813.5
TXN105506,2024-02-24,CUST0026,Central,Grocery,2,134.79,269.57
TXN101754,2024-02-24,CUST0157,East,Grocery,1,103.94,103.94
TXN114447,2024-02-24,CUST0127,North,Home & Living,1,3119.36,3119.36
TXN114426,2024-02-24,CUST0550,North,Electronics,2,15727.19,31454.37
TXN107457,2024-02-24,CUST0192,West,Beauty,1,3991.83,3991.83
TXN103534,2024-02-24,CUST0775,North,Apparel,1,1248.64,1248.64
TXN103863,2024-02-24,CUST0253,Central,Grocery,1,281.08,281.08
TXN109409,2024-02-24,CUST0281,West,Grocery,1,1946.67,1946.67
TXN107473,2024-02-24,CUST0415,West,Beauty,1,1075.03,1075.03
TXN103279,2024-02-24,CUST0660,East,Apparel,1,766.09,766.09
TXN111169,2024-02-24,CUST0283,South,Grocery,1,416.88,416.88
TXN104758,2024-02-24,CUST0759,West,Electronics,1,42149.63,42149.63
TXN104046,2024-02-24,CUST0025,East,Electronics,1,1875.13,1875.13
TXN100328,2024-02-24,CUST0508,West,Apparel,1,1576.22,1576.22
TXN103941,2024-02-24,CUST0512,Central,Apparel,1,818.05,818.05
TXN107146,2024-02-24,CUST0124,West,Apparel,1,3043.79,3043.79
TXN101474,2024-02-25,CUST0478,Central,Apparel,2,1104.63,2209.26
TXN112690,2024-02-25,CUST0609,East,Beauty,1,785.5,785.5
TXN102647,2024-02-25,CUST0104,East,Electronics,1,27471.82,27471.82
TXN113350,2024-02-25,CUST0461,North,Grocery,3,677.69,2033.06
TXN106833,2024-02-25,CUST0691,North,Home & Living,1,1244.85,1244.85
TXN111723,2024-02-25,CUST0365,North,Apparel,1,861.97,861.97
TXN103902,2024-02-25,CUST0193,North,Electronics,1,10953.2,10953.2
TXN103090,2024-02-25,CUST0294,East,Beauty,2,1093.93,2187.86
TXN104582,2024-02-25,CUST0099,North,Beauty,1,1286.55,1286.55
TXN101212,2024-02-25,CUST0523,West,Grocery,1,429.96,429.96
TXN108373,2024-02-25,CUST0052,West,Apparel,2,3348.95,6697.9
TXN105223,2024-02-25,CUST0778,East,Home & Living,1,6066.02,6066.02
TXN101372,2024-02-25,CUST0623,North,Grocery,3,256.07,768.2
TXN106838,2024-02-25,CUST0507,West,Grocery,1,1032.42,1032.42
TXN103664,2024-02-25,CUST0782,South,Grocery,1,654.15,654.15
TXN102767,2024-02-25,CUST0361,West,Home & Living,1,1442.01,1442.01
TXN114004,2024-02-25,CUST0218,East,Home & Living,2,2832.06,5664.13
TXN103252,2024-02-25,CUST0615,East,Apparel,1,2880.82,2880.82
TXN113461,2024-02-25,CUST0127,North,Apparel,2,4127.1,8254.2
TXN114493,2024-02-25,CUST0315,East,Apparel,1,1637.55,1637.55
TXN105605,2024-02-25,CUST0155,South,Apparel,1,862.39,862.39
TXN110225,2024-02-26,CUST0239,North,Apparel,1,414.13,414.13
TXN101586,2024-02-26,CUST0281,West,Electronics,1,16143.49,16143.49
TXN111880,2024-02-26,CUST0542,South,Beauty,1,2147.63,2147.63
TXN100858,2024-02-26,CUST0397,Central,Electronics,1,23007.69,23007.69
TXN108376,2024-02-26,CUST0395,North,Grocery,1,228.2,228.2
TXN107751,2024-02-26,CUST0274,North,Electronics,3,54355.46,163066.38
TXN102402,2024-02-26,CUST0598,North,Apparel,1,2813.82,2813.82
TXN109366,2024-02-26,CUST0124,West,Apparel,2,483.85,967.7
TXN104871,2024-02-26,CUST0660,East,Home & Living,1,1964.23,1964.23
TXN112800,2024-02-26,CUST0035,South,Electronics,1,67880.6,67880.6
TXN103091,2024-02-26,CUST0281,West,Electronics,1,74607.32,74607.32
TXN108977,2024-02-26,CUST0725,South,Home & Living,1,7922.58,7922.58
TXN106865,2024-02-26,CUST0205,West,Home & Living,1,3272.13,3272.13
TXN105600,2024-02-26,CUST0294,East,Apparel,1,750.32,750.32
TXN104504,2024-02-26,CUST0109,North,Electronics,2,27840.12,55680.25
TXN104560,2024-02-26,CUST0129,East,Grocery,1,456.58,456.58
TXN106993,2024-02-26,CUST0729,West,Electronics,1,17844.2,17844.2
TXN113055,2024-02-26,CUST0672,West,Home & Living,1,11959.54,11959.54
TXN100802,2024-02-26,CUST0329,South,Grocery,1,223.47,223.47
TXN112978,2024-02-26,CUST0119,West,Home & Living,1,9185.56,9185.56
TXN113639,2024-02-27,CUST0013,North,Beauty,1,2540.9,2540.9
TXN114263,2024-02-27,CUST0209,North,Beauty,1,2030.84,2030.84
TXN106588,2024-02-27,CUST0418,West,Electronics,1,13081.89,13081.89
TXN114262,2024-02-27,CUST0472,West,Grocery,1,1969.31,1969.31
TXN101651,2024-02-27,CUST0098,Central,Apparel,3,927.4,2782.2
TXN107970,2024-02-27,CUST0325,East,Apparel,1,3537.03,3537.03
TXN107231,2024-02-27,CUST0331,West,Grocery,1,831.38,831.38
TXN108413,2024-02-27,CUST0265,South,Home & Living,1,13465.12,13465.12
TXN105035,2024-02-27,CUST0267,North,Grocery,1,1016.38,1016.38
TXN106904,2024-02-27,CUST0128,East,Apparel,1,3553.64,3553.64
TXN107154,2024-02-27,CUST0769,East,Electronics,1,16815.68,16815.68
TXN109389,2024-02-27,CUST0533,North,Grocery,1,1293.88,1293.88
TXN114098,2024-02-27,CUST0493,East,Electronics,1,20290.3,20290.3
TXN106331,2024-02-27,CUST0610,West,Apparel,1,3144.45,3144.45
TXN102466,2024-02-27,CUST0108,South,Apparel,1,3708.33,3708.33
TXN109235,2024-02-27,CUST0778,East,Beauty,1,389.46,389.46
TXN103487,2024-02-27,CUST0053,North,Home & Living,1,6521.18,6521.18
TXN100978,2024-02-27,CUST0281,West,Electronics,1,72938.9,72938.9
TXN110431,2024-02-27,CUST0268,North,Electronics,1,23391.02,23391.02
TXN103892,2024-02-28,CUST0457,North,Apparel,1,1226.05,1226.05
TXN102321,2024-02-28,CUST0323,West,Grocery,1,640.94,640.94
TXN101352,2024-02-28,CUST0559,North,Apparel,1,2554.02,2554.02
TXN113255,2024-02-28,CUST0690,South,Apparel,1,1954.46,1954.46
TXN114719,2024-02-28,CUST0476,North,Home & Living,2,2476.41,4952.83
TXN111490,2024-02-28,CUST0161,North,Apparel,1,762.51,762.51
TXN112381,2024-02-28,CUST0676,East,Apparel,1,5629.78,5629.78
TXN100863,2024-02-28,CUST0459,North,Grocery,2,560.36,1120.72
TXN104772,2024-02-28,CUST0752,East,Apparel,1,6619.4,6619.4
TXN109283,2024-02-28,CUST0479,North,Grocery,1,1024.27,1024.27
TXN111125,2024-02-28,CUST0746,South,Electronics,1,32991.13,32991.13
TXN112765,2024-02-28,CUST0378,North,Home & Living,1,3464.75,3464.75
TXN106322,2024-02-28,CUST0151,East,Beauty,1,4936.12,4936.12
TXN107680,2024-02-29,CUST0338,South,Grocery,1,153.87,153.87
TXN108720,2024-02-29,CUST0446,East,Apparel,1,8074.79,8074.79
TXN107766,2024-02-29,CUST0428,North,Apparel,1,2490.61,2490.61
TXN111286,2024-02-29,CUST0268,North,Grocery,1,728.49,728.49
TXN100296,2024-02-29,CUST0489,North,Electronics,1,22763.99,22763.99
TXN110551,2024-02-29,CUST0396,West,Beauty,2,2994.65,5989.3
TXN112376,2024-02-29,CUST0479,North,Apparel,1,7531.84,7531.84
TXN106024,2024-02-29,CUST0413,North,Apparel,1,5228.06,5228.06
TXN104841,2024-02-29,CUST0018,South,Grocery,1,473.59,473.59
TXN102568,2024-02-29,CUST0251,West,Home & Living,1,5154.29,5154.29
TXN102957,2024-02-29,CUST0533,North,Beauty,1,4428.95,4428.95
TXN108755,2024-02-29,CUST0058,South,Apparel,1,1462.48,1462.48
TXN109670,2024-02-29,CUST0124,West,Beauty,1,1119.74,1119.74
TXN106464,2024-02-29,CUST0777,North,Apparel,2,1711.4,3422.8
TXN111476,2024-02-29,CUST0653,West,Apparel,2,3261.02,6522.04
TXN114727,2024-02-29,CUST0004,East,Home & Living,1,1172.23,1172.23
TXN104272,2024-02-29,CUST0499,East,Grocery,1,1350.68,1350.68
TXN103828,2024-02-29,CUST0533,North,Beauty,2,4149.81,8299.63
TXN113712,2024-02-29,CUST0136,North,Home & Living,2,3116.73,6233.45
TXN102457,2024-02-29,CUST0035,South,Apparel,2,6629.4,13258.79
TXN113623,2024-03-01,CUST0770,South,Grocery,2,987.43,1974.85
TXN103527,2024-03-01,CUST0204,West,Grocery,1,1360.82,1360.82
TXN108460,2024-03-01,CUST0211,North,Home & Living,1,5182.48,5182.48
TXN103247,2024-03-01,CUST0119,West,Grocery,1,916.16,916.16
TXN103627,2024-03-01,CUST0713,Central,Grocery,1,604.06,604.06
TXN110610,2024-03-01,CUST0490,North,Apparel,1,3834.36,3834.36
TXN110730,2024-03-01,CUST0488,South,Grocery,1,196.42,196.42
TXN100209,2024-03-01,CUST0083,North,Apparel,1,2217.26,2217.26
TXN102993,2024-03-01,CUST0249,West,Apparel,1,4967.17,4967.17
TXN103936,2024-03-01,CUST0121,West,Home & Living,1,4009.67,4009.67
TXN100390,2024-03-01,CUST0605,East,Grocery,1,562.34,562.34
TXN103656,2024-03-01,CUST0056,North,Apparel,1,7645.78,7645.78
TXN101920,2024-03-01,CUST0192,West,Apparel,2,3153.02,6306.05
TXN109456,2024-03-01,CUST0479,North,Apparel,1,6350.7,6350.7
TXN102213,2024-03-01,CUST0489,North,Home & Living,1,5743.01,5743.01
TXN111661,2024-03-01,CUST0259,South,Electronics,1,41091.48,41091.48
TXN111879,2024-03-01,CUST0694,North,Home & Living,1,4694.39,4694.39
TXN103187,2024-03-02,CUST0728,South,Apparel,2,1995.71,3991.42
TXN103571,2024-03-02,CUST0454,North,Grocery,1,1125.46,1125.46
TXN114081,2024-03-02,CUST0008,Central,Apparel,1,3404.04,3404.04
TXN113257,2024-03-02,CUST0535,Central,Electronics,1,38149.53,38149.53
TXN103201,2024-03-02,CUST0056,North,Electronics,1,72582.37,72582.37
TXN108614,2024-03-02,CUST0728,South,Beauty,1,1199.1,1199.1
TXN106821,2024-03-02,CUST0206,East,Home & Living,1,1845.22,1845.22
TXN104413,2024-03-02,CUST0406,West,Grocery,1,1474.28,1474.28
TXN108444,2024-03-02,CUST0603,North,Electronics,1,27849.01,27849.01
TXN107023,2024-03-02,CUST0680,South,Grocery,1,68.82,68.82
TXN114659,2024-03-02,CUST0563,East,Apparel,1,388.61,388.61
TXN113881,2024-03-02,CUST0179,South,Electronics,3,38389.6,115168.79
TXN112812,2024-03-02,CUST0486,East,Grocery,2,484.26,968.53
TXN107801,2024-03-02,CUST0241,East,Apparel,1,7197.27,7197.27
TXN108313,2024-03-02,CUST0484,North,Apparel,1,3004.86,3004.86
TXN111051,2024-03-02,CUST0151,East,Beauty,1,4639.96,4639.96
TXN104513,2024-03-03,CUST0441,West,Home & Living,1,1456.15,1456.15
TXN105296,2024-03-03,CUST0646,North,Electronics,1,20944.14,20944.14
TXN106675,2024-03-03,CUST0582,South,Home & Living,1,14200.22,14200.22
TXN103434,2024-03-03,CUST0140,East,Home & Living,1,7588.67,7588.67
TXN100182,2024-03-03,CUST0377,West,Beauty,1,208.96,208.96
TXN112095,2024-03-03,CUST0071,South,Grocery,1,112.38,112.38
TXN104403,2024-03-03,CUST0488,South,Grocery,1,601.1,601.1
TXN111022,2024-03-03,CUST0757,East,Electronics,1,8287.32,8287.32
TXN108339,2024-03-03,CUST0587,West,Electronics,1,2046.88,2046.88
TXN113022,2024-03-03,CUST0294,East,Electronics,1,2939.06,2939.06
TXN105925,2024-03-03,CUST0488,South,Beauty,3,1984.94,5954.82
TXN104473,2024-03-03,CUST0376,East,Grocery,1,766.0,766.0
TXN111337,2024-03-03,CUST0051,North,Apparel,1,1190.74,1190.74
TXN112509,2024-03-03,CUST0093,West,Apparel,1,644.16,644.16
TXN107380,2024-03-03,CUST0595,South,Beauty,1,3564.33,3564.33
TXN112412,2024-03-03,CUST0207,West,Home & Living,1,489.38,489.38
TXN112797,2024-03-03,CUST0030,South,Apparel,1,685.55,685.55
TXN104485,2024-03-03,CUST0372,Central,Apparel,1,885.0,885.0
TXN110996,2024-03-04,CUST0543,West,Grocery,1,805.35,805.35
TXN102875,2024-03-04,CUST0394,East,Electronics,1,22112.1,22112.1
TXN109514,2024-03-04,CUST0459,North,Apparel,1,853.36,853.36
TXN101006,2024-03-04,CUST0042,East,Grocery,1,802.73,802.73
TXN102977,2024-03-04,CUST0178,North,Electronics,1,5771.79,5771.79
TXN111641,2024-03-04,CUST0086,North,Home & Living,2,2321.31,4642.62
TXN113547,2024-03-04,CUST0600,West,Home & Living,1,849.17,849.17
TXN112742,2024-03-04,CUST0119,West,Apparel,1,7733.36,7733.36
TXN109779,2024-03-04,CUST0168,South,Apparel,1,1271.23,1271.23
TXN110776,2024-03-04,CUST0054,Central,Grocery,1,1150.12,1150.12
TXN108961,2024-03-04,CUST0770,South,Apparel,1,820.9,820.9
TXN111228,2024-03-04,CUST0301,North,Beauty,2,563.99,1127.97
TXN110249,2024-03-04,CUST0785,Central,Apparel,3,2200.74,6602.21
TXN103535,2024-03-04,CUST0303,Central,Electronics,1,8313.14,8313.14
TXN109525,2024-03-04,CUST0567,West,Apparel,2,1554.09,3108.18
TXN107127,2024-03-04,CUST0182,West,Apparel,1,306.68,306.68
TXN113003,2024-03-04,CUST0223,Central,Beauty,1,1217.31,1217.31
TXN113116,2024-03-04,CUST0751,Central,Grocery,1,270.88,270.88
TXN113244,2024-03-04,CUST0634,East,Apparel,1,1040.81,1040.81
TXN110453,2024-03-04,CUST0595,South,Electronics,1,61730.96,61730.96
TXN106309,2024-03-04,CUST0399,West,Beauty,2,2177.85,4355.69
TXN114049,2024-03-04,CUST0119,West,Apparel,1,5378.21,5378.21
TXN113523,2024-03-04,CUST0486,East,Grocery,1,1396.68,1396.68
TXN110584,2024-03-04,CUST0059,East,Electronics,1,15170.59,15170.59
TXN107608,2024-03-04,CUST0629,East,Grocery,2,515.63,1031.27
TXN106654,2024-03-04,CUST0333,North,Grocery,1,67.9,67.9
TXN113171,2024-03-04,CUST0698,South,Home & Living,1,7587.02,7587.02
TXN114774,2024-03-04,CUST0074,South,Apparel,2,633.42,1266.85
TXN108894,2024-03-04,CUST0487,North,Grocery,1,304.84,304.84
TXN104407,2024-03-04,CUST0059,East,Apparel,1,2243.0,2243.0
TXN110627,2024-03-04,CUST0070,Central,Grocery,1,365.55,365.55
TXN109638,2024-03-05,CUST0377,West,Apparel,2,3332.48,6664.96
TXN106434,2024-03-05,CUST0632,East,Grocery,1,194.75,194.75
TXN102728,2024-03-05,CUST0071,South,Home & Living,1,2498.86,2498.86
TXN114718,2024-03-05,CUST0199,Central,Beauty,1,3106.43,3106.43
TXN105449,2024-03-05,CUST0396,West,Apparel,3,4140.37,12421.11
TXN105323,2024-03-05,CUST0454,North,Electronics,1,77477.42,77477.42
TXN105360,2024-03-05,CUST0428,North,Apparel,1,6974.02,6974.02
TXN112577,2024-03-05,CUST0472,West,Apparel,3,6445.07,19335.21
TXN105003,2024-03-05,CUST0646,North,Grocery,1,1533.29,1533.29
TXN100912,2024-03-05,CUST0366,West,Electronics,1,27526.95,27526.95
TXN103061,2024-03-05,CUST0482,West,Home & Living,1,4998.99,4998.99
TXN113848,2024-03-05,CUST0359,West,Beauty,1,4226.4,4226.4
TXN104338,2024-03-05,CUST0198,North,Electronics,2,15590.81,31181.63
TXN114405,2024-03-05,CUST0186,South,Grocery,2,438.72,877.45
TXN106100,2024-03-05,CUST0799,North,Beauty,1,1967.3,1967.3
TXN106515,2024-03-05,CUST0229,South,Home & Living,1,1252.5,1252.5
TXN113679,2024-03-05,CUST0775,North,Grocery,1,728.98,728.98
TXN108420,2024-03-05,CUST0149,West,Home & Living,1,4980.26,4980.26
TXN100037,2024-03-05,CUST0127,North,Beauty,1,204.08,204.08
TXN100504,2024-03-06,CUST0631,South,Apparel,1,4479.44,4479.44
TXN113906,2024-03-06,CUST0606,South,Electronics,1,11017.5,11017.5
TXN114696,2024-03-06,CUST0195,South,Electronics,1,22405.07,22405.07
TXN110267,2024-03-06,CUST0017,East,Home & Living,1,4673.92,4673.92
TXN107409,2024-03-06,CUST0467,South,Apparel,1,1635.6,1635.6
TXN102752,2024-03-06,CUST0335,West,Apparel,1,1462.06,1462.06
TXN102413,2024-03-06,CUST0162,East,Grocery,1,448.71,448.71
TXN100459,2024-03-06,CUST0442,West,Beauty,1,3128.82,3128.82
TXN100105,2024-03-06,CUST0089,North,Electronics,1,15419.16,15419.16
TXN101358,2024-03-06,CUST0226,South,Electronics,1,10702.35,10702.35
TXN113920,2024-03-06,CUST0004,East,Apparel,1,1569.15,1569.15
TXN100814,2024-03-06,CUST0409,North,Grocery,3,1095.07,3285.21
TXN101500,2024-03-06,CUST0077,West,Apparel,3,2595.36,7786.07
TXN112015,2024-03-06,CUST0585,East,Grocery,1,698.92,698.92
TXN113085,2024-03-06,CUST0140,East,Apparel,1,1874.17,1874.17
TXN106096,2024-03-06,CUST0335,West,Electronics,1,14784.41,14784.41
TXN109892,2024-03-06,CUST0337,West,Apparel,1,1159.98,1159.98
TXN108158,2024-03-06,CUST0166,South,Apparel,1,483.81,483.81
TXN110347,2024-03-06,CUST0224,Central,Home & Living,1,1829.91,1829.91
TXN100903,2024-03-06,CUST0768,North,Apparel,1,1353.66,1353.66
TXN103108,2024-03-06,CUST0657,West,Apparel,1,2532.34,2532.34
TXN114193,2024-03-07,CUST0648,West,Electronics,1,7113.99,7113.99
TXN106785,2024-03-07,CUST0399,West,Electronics,1,2691.85,2691.85
TXN104070,2024-03-07,CUST0682,North,Electronics,1,15025.68,15025.68
TXN101180,2024-03-07,CUST0044,Central,Electronics,1,71248.82,71248.82
TXN111996,2024-03-07,CUST0447,North,Electronics,1,13330.96,13330.96
TXN114499,2024-03-07,CUST0684,North,Apparel,3,2683.04,8049.13
TXN104773,2024-03-07,CUST0735,South,Electronics,1,20669.86,20669.86
TXN103011,2024-03-07,CUST0053,North,Electronics,1,13010.0,13010.0
TXN104561,2024-03-07,CUST0243,South,Beauty,1,4238.66,4238.66
TXN110295,2024-03-07,CUST0242,West,Home & Living,1,2484.94,2484.94
TXN112375,2024-03-07,CUST0163,North,Grocery,1,1141.96,1141.96
TXN105808,2024-03-07,CUST0147,North,Electronics,1,9640.74,9640.74
TXN112644,2024-03-07,CUST0597,South,Grocery,2,929.59,1859.19
TXN107436,2024-03-07,CUST0091,West,Apparel,1,2201.91,2201.91
TXN101046,2024-03-07,CUST0768,North,Home & Living,1,7657.75,7657.75
TXN110096,2024-03-07,CUST0379,West,Electronics,1,29383.22,29383.22
TXN103518,2024-03-07,CUST0595,South,Grocery,1,1510.92,1510.92
TXN102114,2024-03-07,CUST0796,East,Grocery,1,548.04,548.04
TXN104385,2024-03-07,CUST0012,West,Home & Living,2,1926.7,3853.4
TXN106584,2024-03-07,CUST0236,West,Grocery,1,490.66,490.66
TXN103550,2024-03-07,CUST0248,North,Beauty,1,3180.11,3180.11
TXN112049,2024-03-07,CUST0534,Central,Electronics,1,32334.06,32334.06
TXN106055,2024-03-08,CUST0592,North,Apparel,1,3114.38,3114.38
TXN106287,2024-03-08,CUST0316,East,Apparel,2,489.37,978.73
TXN100099,2024-03-08,CUST0445,West,Electronics,2,11991.24,23982.48
TXN109142,2024-03-08,CUST0192,West,Beauty,1,4242.22,4242.22
TXN108506,2024-03-08,CUST0214,North,Beauty,1,935.17,935.17
TXN113736,2024-03-08,CUST0031,North,Grocery,1,102.06,102.06
TXN114347,2024-03-08,CUST0533,North,Electronics,1,52708.14,52708.14
TXN106877,2024-03-08,CUST0513,East,Apparel,1,3879.03,3879.03
TXN107475,2024-03-08,CUST0580,East,Apparel,2,2942.78,5885.55
TXN110217,2024-03-08,CUST0185,West,Electronics,1,17902.1,17902.1
TXN104541,2024-03-08,CUST0285,Central,Home & Living,1,6393.43,6393.43
TXN106115,2024-03-08,CUST0767,East,Electronics,1,21352.53,21352.53
TXN100348,2024-03-08,CUST0262,Central,Home & Living,1,10261.54,10261.54
TXN109243,2024-03-08,CUST0239,North,Apparel,1,3644.24,3644.24
TXN100225,2024-03-08,CUST0428,North,Electronics,1,54852.21,54852.21
TXN102403,2024-03-08,CUST0128,East,Apparel,1,2603.39,2603.39
TXN106629,2024-03-08,CUST0422,North,Beauty,3,731.9,2195.7
TXN100640,2024-03-08,CUST0632,East,Grocery,1,308.17,308.17
TXN111144,2024-03-08,CUST0720,Central,Grocery,2,82.75,165.5
TXN114131,2024-03-08,CUST0620,Central,Apparel,1,1093.7,1093.7
TXN110014,2024-03-08,CUST0022,North,Apparel,3,1383.92,4151.77
TXN102856,2024-03-08,CUST0541,North,Apparel,1,1145.88,1145.88
TXN110689,2024-03-08,CUST0009,South,Electronics,1,20456.85,20456.85
TXN114514,2024-03-08,CUST0662,East,Electronics,1,73428.54,73428.54
TXN107241,2024-03-08,CUST0685,South,Apparel,1,3938.35,3938.35
TXN109770,2024-03-08,CUST0751,Central,Electronics,1,4361.17,4361.17
TXN108727,2024-03-09,CUST0193,North,Electronics,1,60449.12,60449.12
TXN112039,2024-03-09,CUST0537,North,Beauty,1,2824.99,2824.99
TXN100613,2024-03-09,CUST0774,West,Apparel,1,2223.96,2223.96
TXN104925,2024-03-09,CUST0800,Central,Beauty,1,5250.22,5250.22
TXN106599,2024-03-09,CUST0054,Central,Apparel,2,6417.69,12835.37
TXN110679,2024-03-09,CUST0314,East,Grocery,1,1059.99,1059.99
TXN103699,2024-03-09,CUST0025,East,Apparel,1,773.18,773.18
TXN105811,2024-03-09,CUST0365,North,Grocery,1,1220.39,1220.39
TXN101058,2024-03-09,CUST0179,South,Electronics,1,80551.47,80551.47
TXN110578,2024-03-09,CUST0394,East,Grocery,1,219.05,219.05
TXN110652,2024-03-09,CUST0615,East,Home & Living,1,1089.25,1089.25
TXN101662,2024-03-09,CUST0340,East,Beauty,3,479.12,1437.37
TXN106776,2024-03-09,CUST0141,North,Grocery,1,2061.7,2061.7
TXN101460,2024-03-10,CUST0242,West,Home & Living,1,8079.1,8079.1
TXN110296,2024-03-10,CUST0055,North,Grocery,1,518.15,518.15
TXN100834,2024-03-10,CUST0772,North,Grocery,1,1026.42,1026.42
TXN105275,2024-03-10,CUST0356,West,Grocery,1,188.83,188.83
TXN105076,2024-03-10,CUST0501,North,Apparel,1,1910.65,1910.65
TXN109697,2024-03-10,CUST0113,East,Electronics,1,64313.17,64313.17
TXN110642,2024-03-10,CUST0685,South,Home & Living,1,3539.17,3539.17
TXN107583,2024-03-10,CUST0532,West,Grocery,1,794.84,794.84
TXN105050,2024-03-10,CUST0074,South,Beauty,1,1849.27,1849.27
TXN101573,2024-03-10,CUST0135,North,Home & Living,2,12194.74,24389.47
TXN105601,2024-03-10,CUST0116,South,Apparel,1,6246.85,6246.85
TXN105504,2024-03-10,CUST0215,West,Grocery,1,1027.32,1027.32
TXN114038,2024-03-10,CUST0671,East,Apparel,1,464.21,464.21
TXN101266,2024-03-10,CUST0414,West,Apparel,1,4158.06,4158.06
TXN108302,2024-03-10,CUST0123,Central,Apparel,1,1983.5,1983.5
TXN103271,2024-03-10,CUST0113,East,Grocery,1,722.25,722.25
TXN113361,2024-03-10,CUST0610,West,Electronics,1,37903.46,37903.46
TXN112401,2024-03-10,CUST0075,North,Grocery,1,912.12,912.12
TXN105525,2024-03-10,CUST0391,North,Beauty,1,2269.89,2269.89
TXN114146,2024-03-10,CUST0507,West,Electronics,2,17077.34,34154.68
TXN113513,2024-03-10,CUST0007,Central,Beauty,2,229.93,459.87
TXN107867,2024-03-10,CUST0732,East,Grocery,1,413.77,413.77
TXN104782,2024-03-11,CUST0026,Central,Apparel,1,819.15,819.15
TXN112070,2024-03-11,CUST0138,Central,Electronics,1,2728.5,2728.5
TXN105968,2024-03-11,CUST0657,West,Apparel,1,2606.52,2606.52
TXN100516,2024-03-11,CUST0360,North,Apparel,1,2195.86,2195.86
TXN102968,2024-03-11,CUST0116,South,Grocery,1,1989.63,1989.63
TXN109905,2024-03-11,CUST0676,East,Electronics,1,48306.68,48306.68
TXN113441,2024-03-11,CUST0017,East,Grocery,1,43.9,43.9
TXN100351,2024-03-11,CUST0184,North,Home & Living,3,1472.32,4416.97
TXN106395,2024-03-11,CUST0225,Central,Grocery,1,274.48,274.48
TXN110686,2024-03-11,CUST0603,North,Apparel,1,1444.34,1444.34
TXN114742,2024-03-11,CUST0591,North,Electronics,1,3410.82,3410.82
TXN113347,2024-03-11,CUST0360,North,Electronics,1,15239.72,15239.72
TXN103891,2024-03-12,CUST0591,North,Home & Living,1,5395.9,5395.9
TXN112990,2024-03-12,CUST0576,West,Grocery,1,159.7,159.7
TXN103484,2024-03-12,CUST0163,North,Grocery,1,591.91,591.91
TXN113805,2024-03-12,CUST0204,West,Apparel,1,3434.71,3434.71
TXN100082,2024-03-12,CUST0507,West,Apparel,1,5782.54,5782.54
TXN109040,2024-03-12,CUST0462,West,Apparel,1,1431.82,1431.82
TXN111927,2024-03-12,CUST0230,West,Beauty,2,1702.12,3404.24
TXN114159,2024-03-12,CUST0012,West,Grocery,1,189.04,189.04
TXN100455,2024-03-12,CUST0525,Central,Grocery,2,715.48,1430.96
TXN100444,2024-03-12,CUST0689,South,Grocery,1,998.26,998.26
TXN102279,2024-03-12,CUST0193,North,Home & Living,1,11624.66,11624.66
TXN107657,2024-03-12,CUST0141,North,Apparel,1,4400.54,4400.54
TXN103994,2024-03-13,CUST0284,West,Apparel,1,382.35,382.35
TXN103314,2024-03-13,CUST0140,East,Grocery,1,614.84,614.84
TXN109570,2024-03-13,CUST0677,West,Apparel,1,2625.8,2625.8
TXN101077,2024-03-13,CUST0051,North,Home & Living,1,12828.26,12828.26
TXN107108,2024-03-13,CUST0055,North,Apparel,1,2794.37,2794.37
TXN101511,2024-03-13,CUST0199,Central,Beauty,1,490.01,490.01
TXN106127,2024-03-13,CUST0347,West,Electronics,2,28085.43,56170.85
TXN110334,2024-03-13,CUST0312,North,Home & Living,1,4544.05,4544.05
TXN102831,2024-03-13,CUST0442,West,Grocery,1,215.26,215.26
TXN106485,2024-03-13,CUST0519,North,Grocery,1,1836.34,1836.34
TXN101821,2024-03-13,CUST0496,North,Grocery,2,711.43,1422.87
TXN105645,2024-03-13,CUST0042,East,Electronics,1,13842.33,13842.33
TXN111856,2024-03-13,CUST0015,West,Apparel,1,1171.04,1171.04
TXN112529,2024-03-13,CUST0229,South,Home & Living,1,4812.84,4812.84
TXN102215,2024-03-13,CUST0465,North,Grocery,3,1698.42,5095.26
TXN106779,2024-03-13,CUST0346,West,Home & Living,1,6611.55,6611.55
TXN112261,2024-03-13,CUST0242,West,Apparel,1,5158.05,5158.05
TXN114962,2024-03-14,CUST0585,East,Home & Living,1,4349.38,4349.38
TXN105299,2024-03-14,CUST0344,East,Grocery,1,116.11,116.11
TXN107565,2024-03-14,CUST0657,West,Beauty,1,1766.73,1766.73
TXN111794,2024-03-14,CUST0049,East,Beauty,2,1466.03,2932.06
TXN111200,2024-03-14,CUST0449,Central,Apparel,1,2435.66,2435.66
TXN111862,2024-03-14,CUST0285,Central,Grocery,2,1196.75,2393.5
TXN108455,2024-03-14,CUST0389,South,Electronics,1,28923.66,28923.66
TXN103365,2024-03-14,CUST0183,North,Apparel,1,2889.73,2889.73
TXN104161,2024-03-14,CUST0752,East,Grocery,1,1426.7,1426.7
TXN111795,2024-03-14,CUST0148,Central,Apparel,2,1524.89,3049.79
TXN102984,2024-03-14,CUST0541,North,Home & Living,1,6543.03,6543.03
TXN104882,2024-03-14,CUST0494,West,Apparel,1,2553.75,2553.75
TXN105531,2024-03-14,CUST0376,East,Apparel,1,1723.78,1723.78
TXN107330,2024-03-14,CUST0316,East,Electronics,1,4418.47,4418.47
TXN111478,2024-03-14,CUST0674,South,Apparel,2,1229.78,2459.57
TXN110699,2024-03-14,CUST0306,North,Apparel,1,1019.72,1019.72
TXN114819,2024-03-14,CUST0273,North,Apparel,1,703.14,703.14
TXN112145,2024-03-14,CUST0256,South,Home & Living,1,1449.6,1449.6
TXN104599,2024-03-14,CUST0058,South,Apparel,2,2060.07,4120.15
TXN105055,2024-03-14,CUST0338,South,Electronics,2,38099.23,76198.47
TXN114996,2024-03-14,CUST0151,East,Apparel,1,2010.59,2010.59
TXN107464,2024-03-15,CUST0408,South,Electronics,1,2926.05,2926.05
TXN100963,2024-03-15,CUST0059,East,Home & Living,1,2538.49,2538.49
TXN102759,2024-03-15,CUST0155,South,Home & Living,2,12488.74,24977.48
TXN106985,2024-03-15,CUST0384,Central,Grocery,1,415.09,415.09
TXN101682,2024-03-15,CUST0685,South,Electronics,1,9200.12,9200.12
TXN108360,2024-03-15,CUST0472,West,Electronics,1,15938.24,15938.24
TXN103881,2024-03-15,CUST0241,East,Electronics,2,5649.01,11298.02
TXN111593,2024-03-15,CUST0458,South,Apparel,1,375.45,375.45
TXN113248,2024-03-15,CUST0476,North,Grocery,1,1400.58,1400.58
TXN112359,2024-03-15,CUST0277,South,Apparel,1,4167.08,4167.08
TXN114411,2024-03-15,CUST0265,South,Electronics,1,57820.83,57820.83
TXN112558,2024-03-15,CUST0689,South,Home & Living,1,7453.68,7453.68
TXN114050,2024-03-15,CUST0024,South,Home & Living,1,1715.83,1715.83
TXN104666,2024-03-15,CUST0790,West,Home & Living,1,11400.15,11400.15
TXN101908,2024-03-15,CUST0679,West,Grocery,1,1816.31,1816.31
TXN103304,2024-03-15,CUST0746,South,Grocery,1,1373.59,1373.59
TXN114346,2024-03-15,CUST0197,Central,Apparel,1,3365.43,3365.43
TXN102730,2024-03-15,CUST0229,South,Home & Living,1,5590.12,5590.12
TXN105012,2024-03-15,CUST0202,East,Apparel,2,1688.18,3376.36
TXN109856,2024-03-15,CUST0346,West,Grocery,1,711.03,711.03
TXN112746,2024-03-15,CUST0125,South,Grocery,1,239.72,239.72
TXN103392,2024-03-16,CUST0271,South,Beauty,2,396.27,792.55
TXN107471,2024-03-16,CUST0591,North,Electronics,2,9600.8,19201.61
TXN105337,2024-03-16,CUST0606,South,Beauty,1,2000.49,2000.49
TXN106438,2024-03-16,CUST0274,North,Home & Living,2,14310.17,28620.33
TXN100703,2024-03-16,CUST0241,East,Beauty,1,4758.66,4758.66
TXN104265,2024-03-16,CUST0362,North,Grocery,1,1149.14,1149.14
TXN108272,2024-03-16,CUST0216,Central,Home & Living,1,789.29,789.29
TXN100490,2024-03-16,CUST0615,East,Apparel,1,1993.04,1993.04
TXN108881,2024-03-16,CUST0542,South,Home & Living,1,1778.89,1778.89
TXN101668,2024-03-16,CUST0499,East,Grocery,1,1454.35,1454.35
TXN109433,2024-03-16,CUST0572,North,Grocery,2,836.77,1673.55
TXN108876,2024-03-16,CUST0241,East,Electronics,1,13812.61,13812.61
TXN114061,2024-03-16,CUST0093,West,Grocery,1,265.22,265.22
TXN103378,2024-03-16,CUST0002,North,Home & Living,1,3958.93,3958.93
TXN110825,2024-03-16,CUST0668,South,Electronics,2,10467.17,20934.33
TXN109166,2024-03-16,CUST0472,West,Home & Living,1,1197.09,1197.09
TXN100451,2024-03-17,CUST0394,East,Apparel,2,2774.7,5549.4
TXN113431,2024-03-17,CUST0761,South,Apparel,1,1027.15,1027.15
TXN112623,2024-03-17,CUST0416,North,Grocery,1,107.08,107.08
TXN104605,2024-03-17,CUST0761,South,Apparel,1,1058.67,1058.67
TXN104979,2024-03-17,CUST0458,South,Apparel,1,1370.8,1370.8
TXN110192,2024-03-17,CUST0797,North,Home & Living,1,5298.77,5298.77
TXN112566,2024-03-17,CUST0249,West,Home & Living,3,12918.84,38756.51
TXN108988,2024-03-17,CUST0640,East,Apparel,1,2003.79,2003.79
TXN100629,2024-03-17,CUST0243,South,Apparel,1,3498.84,3498.84
TXN103846,2024-03-17,CUST0274,North,Electronics,1,70639.28,70639.28
TXN113387,2024-03-17,CUST0610,West,Home & Living,1,4705.58,4705.58
TXN109394,2024-03-17,CUST0700,West,Beauty,1,282.4,282.4
TXN109437,2024-03-17,CUST0207,West,Apparel,1,2897.28,2897.28
TXN102273,2024-03-17,CUST0662,East,Beauty,1,4805.89,4805.89
TXN102751,2024-03-17,CUST0478,Central,Apparel,2,1235.67,2471.34
TXN101254,2024-03-17,CUST0087,East,Apparel,1,3833.41,3833.41
TXN104847,2024-03-17,CUST0394,East,Electronics,2,31378.23,62756.45
TXN105982,2024-03-17,CUST0002,North,Electronics,1,22819.3,22819.3
TXN107268,2024-03-17,CUST0511,North,Apparel,1,3144.85,3144.85
TXN109423,2024-03-17,CUST0394,East,Home & Living,1,2968.39,2968.39
TXN111908,2024-03-17,CUST0265,South,Electronics,1,29519.2,29519.2
TXN110829,2024-03-17,CUST0509,South,Apparel,1,6837.45,6837.45
TXN110165,2024-03-18,CUST0502,Central,Electronics,1,14614.91,14614.91
TXN106526,2024-03-18,CUST0109,North,Apparel,1,1688.66,1688.66
TXN103340,2024-03-18,CUST0271,South,Beauty,1,210.45,210.45
TXN111684,2024-03-18,CUST0448,North,Grocery,1,584.46,584.46
TXN108400,2024-03-18,CUST0299,West,Grocery,1,761.17,761.17
TXN109841,2024-03-18,CUST0441,West,Home & Living,1,2921.94,2921.94
TXN102083,2024-03-18,CUST0196,North,Home & Living,1,4764.21,4764.21
TXN107593,2024-03-18,CUST0647,West,Electronics,2,33607.54,67215.07
TXN113948,2024-03-18,CUST0020,South,Grocery,1,429.95,429.95
TXN106923,2024-03-18,CUST0348,East,Electronics,3,16262.86,48788.59
TXN105823,2024-03-18,CUST0337,West,Apparel,1,404.15,404.15
TXN111179,2024-03-18,CUST0391,North,Apparel,1,7802.81,7802.81
TXN110149,2024-03-18,CUST0096,North,Apparel,2,1927.26,3854.52
TXN109111,2024-03-18,CUST0235,North,Electronics,1,19745.35,19745.35
TXN104655,2024-03-18,CUST0445,West,Electronics,1,20439.87,20439.87
TXN102859,2024-03-18,CUST0443,West,Apparel,1,1001.75,1001.75
TXN108882,2024-03-18,CUST0610,West,Home & Living,1,4651.72,4651.72
TXN100276,2024-03-18,CUST0474,North,Grocery,1,684.42,684.42
TXN106700,2024-03-19,CUST0625,Central,Apparel,2,3057.46,6114.92
TXN100393,2024-03-19,CUST0116,South,Beauty,1,2650.99,2650.99
TXN114383,2024-03-19,CUST0509,South,Beauty,1,555.76,555.76
TXN107718,2024-03-19,CUST0511,North,Grocery,1,78.18,78.18
TXN111005,2024-03-19,CUST0367,West,Grocery,1,1414.46,1414.46
TXN112119,2024-03-19,CUST0070,Central,Electronics,1,14087.62,14087.62
TXN103180,2024-03-19,CUST0056,North,Apparel,1,6627.43,6627.43
TXN107978,2024-03-19,CUST0044,Central,Electronics,1,52695.96,52695.96
TXN114850,2024-03-19,CUST0679,West,Home & Living,2,10331.18,20662.37
TXN109058,2024-03-19,CUST0365,North,Apparel,2,7970.0,15940.01
TXN102289,2024-03-19,CUST0325,East,Home & Living,1,13889.63,13889.63
TXN100417,2024-03-19,CUST0723,South,Apparel,2,1243.34,2486.68
TXN109052,2024-03-19,CUST0678,West,Beauty,1,203.65,203.65
TXN108033,2024-03-19,CUST0523,West,Apparel,1,1153.22,1153.22
TXN111230,2024-03-19,CUST0278,East,Grocery,1,654.0,654.0
TXN104039,2024-03-19,CUST0044,Central,Grocery,1,544.5,544.5
TXN111288,2024-03-19,CUST0767,East,Grocery,1,689.57,689.57
TXN114638,2024-03-19,CUST0368,East,Apparel,1,5195.7,5195.7
TXN106234,2024-03-19,CUST0134,East,Apparel,1,858.06,858.06
TXN102268,2024-03-19,CUST0519,North,Beauty,2,4302.05,8604.09
TXN106405,2024-03-20,CUST0288,North,Apparel,1,1566.78,1566.78
TXN111675,2024-03-20,CUST0253,Central,Home & Living,1,5438.06,5438.06
TXN111458,2024-03-20,CUST0658,East,Grocery,2,275.82,551.65
TXN102127,2024-03-20,CUST0077,West,Home & Living,1,3609.31,3609.31
TXN110861,2024-03-20,CUST0601,North,Electronics,1,28319.14,28319.14
TXN106212,2024-03-20,CUST0088,North,Electronics,2,22399.27,44798.54
TXN113976,2024-03-20,CUST0378,North,Apparel,1,789.7,789.7
TXN110023,2024-03-20,CUST0044,Central,Home & Living,2,3203.98,6407.96
TXN106023,2024-03-20,CUST0540,North,Apparel,2,2800.97,5601.93
TXN111635,2024-03-20,CUST0750,East,Electronics,2,15901.42,31802.84
TXN105767,2024-03-20,CUST0466,North,Grocery,1,208.23,208.23
TXN114540,2024-03-20,CUST0367,West,Electronics,1,61253.73,61253.73
TXN109671,2024-03-20,CUST0075,North,Apparel,1,2800.03,2800.03
TXN104802,2024-03-20,CUST0172,Central,Apparel,1,2673.08,2673.08
TXN108866,2024-03-20,CUST0346,West,Home & Living,2,7749.82,15499.64
TXN106118,2024-03-20,CUST0348,East,Apparel,1,1922.1,1922.1
TXN106622,2024-03-20,CUST0082,East,Home & Living,2,2234.2,4468.39
TXN108644,2024-03-20,CUST0219,Central,Electronics,1,38664.98,38664.98
TXN114127,2024-03-20,CUST0568,Central,Home & Living,1,2513.32,2513.32
TXN106276,2024-03-20,CUST0514,West,Apparel,1,4327.37,4327.37
TXN107706,2024-03-20,CUST0205,West,Beauty,1,2169.73,2169.73
TXN110427,2024-03-20,CUST0454,North,Home & Living,1,8600.22,8600.22
TXN104631,2024-03-20,CUST0733,West,Beauty,2,2468.85,4937.69
TXN112002,2024-03-20,CUST0385,North,Grocery,3,937.88,2813.63
TXN113580,2024-03-21,CUST0101,North,Apparel,1,838.28,838.28
TXN106924,2024-03-21,CUST0434,North,Home & Living,2,4842.92,9685.84
TXN106980,2024-03-21,CUST0221,West,Home & Living,2,5270.88,10541.76
TXN100033,2024-03-21,CUST0632,East,Grocery,1,437.1,437.1
TXN114284,2024-03-21,CUST0589,Central,Electronics,1,14850.95,14850.95
TXN109545,2024-03-21,CUST0527,North,Grocery,1,191.15,191.15
TXN107532,2024-03-21,CUST0419,East,Apparel,2,447.13,894.27
TXN114048,2024-03-21,CUST0163,North,Grocery,2,381.65,763.31
TXN114952,2024-03-21,CUST0130,North,Apparel,1,1044.55,1044.55
TXN107835,2024-03-21,CUST0242,West,Apparel,1,4571.99,4571.99
TXN102341,2024-03-21,CUST0721,North,Apparel,1,943.84,943.84
TXN111590,2024-03-21,CUST0672,West,Beauty,2,3598.61,7197.22
TXN110080,2024-03-21,CUST0138,Central,Grocery,1,981.92,981.92
TXN106754,2024-03-21,CUST0166,South,Apparel,1,1806.08,1806.08
TXN105020,2024-03-21,CUST0095,East,Electronics,1,20469.98,20469.98
TXN109935,2024-03-21,CUST0683,East,Home & Living,1,575.51,575.51
TXN106997,2024-03-21,CUST0274,North,Home & Living,2,2791.47,5582.95
TXN110918,2024-03-21,CUST0347,West,Apparel,1,3877.78,3877.78
TXN101515,2024-03-21,CUST0707,East,Grocery,1,392.68,392.68
TXN104688,2024-03-21,CUST0778,East,Apparel,3,3253.05,9759.14
TXN103084,2024-03-21,CUST0615,East,Home & Living,1,5141.87,5141.87
TXN109325,2024-03-21,CUST0182,West,Apparel,1,1978.32,1978.32
TXN114574,2024-03-22,CUST0800,Central,Electronics,2,56782.07,113564.14
TXN106651,2024-03-22,CUST0787,West,Apparel,2,4499.35,8998.7
TXN114797,2024-03-22,CUST0785,Central,Home & Living,1,4760.33,4760.33
TXN109323,2024-03-22,CUST0023,South,Electronics,2,26797.07,53594.14
TXN109146,2024-03-22,CUST0707,East,Electronics,1,27226.91,27226.91
TXN109625,2024-03-22,CUST0346,West,Beauty,1,2692.55,2692.55
TXN104114,2024-03-22,CUST0532,West,Apparel,1,6775.66,6775.66
TXN105425,2024-03-22,CUST0400,North,Apparel,1,1644.92,1644.92
TXN112348,2024-03-22,CUST0428,North,Home & Living,1,10812.92,10812.92
TXN109816,2024-03-22,CUST0746,South,Apparel,2,7397.17,14794.33
TXN102389,2024-03-22,CUST0701,East,Grocery,2,612.01,1224.02
TXN107119,2024-03-22,CUST0402,North,Home & Living,1,11708.68,11708.68
TXN112768,2024-03-22,CUST0773,West,Grocery,1,132.69,132.69
TXN108058,2024-03-22,CUST0507,West,Apparel,1,8046.84,8046.84
TXN101643,2024-03-22,CUST0544,West,Apparel,1,2524.85,2524.85
TXN105216,2024-03-22,CUST0194,East,Apparel,1,4458.73,4458.73
TXN107906,2024-03-22,CUST0074,South,Electronics,1,30778.79,30778.79
TXN114669,2024-03-23,CUST0267,North,Electronics,1,23274.77,23274.77
TXN102870,2024-03-23,CUST0729,West,Grocery,2,540.21,1080.41
TXN101646,2024-03-23,CUST0405,South,Electronics,1,3652.89,3652.89
TXN109831,2024-03-23,CUST0499,East,Beauty,2,3798.44,7596.88
TXN101655,2024-03-23,CUST0119,West,Home & Living,2,1284.44,2568.88
TXN111466,2024-03-23,CUST0486,East,Apparel,1,5326.44,5326.44
TXN103293,2024-03-23,CUST0198,North,Electronics,1,19811.79,19811.79
TXN113616,2024-03-23,CUST0689,South,Grocery,1,425.51,425.51
TXN100604,2024-03-23,CUST0579,South,Apparel,1,422.02,422.02
TXN106239,2024-03-23,CUST0699,South,Electronics,1,12411.87,12411.87
TXN107557,2024-03-23,CUST0482,West,Home & Living,1,6833.83,6833.83
TXN111193,2024-03-23,CUST0768,North,Electronics,1,59420.3,59420.3
TXN108529,2024-03-23,CUST0534,Central,Grocery,1,982.71,982.71
TXN107942,2024-03-23,CUST0274,North,Grocery,3,1106.93,3320.8
TXN100598,2024-03-23,CUST0442,West,Apparel,2,6950.04,13900.07
TXN112171,2024-03-23,CUST0650,West,Grocery,1,831.67,831.67
TXN100853,2024-03-23,CUST0274,North,Apparel,2,7531.07,15062.14
TXN113651,2024-03-23,CUST0415,West,Apparel,1,488.91,488.91
TXN106383,2024-03-23,CUST0184,North,Grocery,2,986.47,1972.95
TXN105273,2024-03-23,CUST0269,South,Grocery,1,352.53,352.53
TXN112969,2024-03-23,CUST0332,South,Electronics,1,9669.8,9669.8
TXN102478,2024-03-24,CUST0610,West,Apparel,1,2081.61,2081.61
TXN100378,2024-03-24,CUST0704,South,Grocery,1,721.81,721.81
TXN106141,2024-03-24,CUST0138,Central,Grocery,1,232.07,232.07
TXN109983,2024-03-24,CUST0559,North,Beauty,1,850.46,850.46
TXN102182,2024-03-24,CUST0009,South,Beauty,1,2430.69,2430.69
TXN114241,2024-03-24,CUST0752,East,Home & Living,1,12557.88,12557.88
TXN101618,2024-03-24,CUST0563,East,Grocery,1,484.97,484.97
TXN113867,2024-03-24,CUST0500,West,Beauty,1,4695.75,4695.75
TXN107328,2024-03-24,CUST0105,South,Electronics,1,24019.67,24019.67
TXN112794,2024-03-24,CUST0408,South,Apparel,1,2925.32,2925.32
TXN106712,2024-03-24,CUST0027,South,Apparel,1,1237.83,1237.83
TXN111799,2024-03-24,CUST0005,South,Grocery,1,157.24,157.24
TXN104704,2024-03-25,CUST0306,North,Apparel,1,1911.33,1911.33
TXN108756,2024-03-25,CUST0623,North,Electronics,1,14349.64,14349.64
TXN112661,2024-03-25,CUST0663,North,Grocery,1,1194.56,1194.56
TXN101109,2024-03-25,CUST0241,East,Home & Living,1,9480.0,9480.0
TXN108980,2024-03-25,CUST0330,North,Electronics,1,15532.85,15532.85
TXN107848,2024-03-25,CUST0258,South,Beauty,3,951.99,2855.96
TXN110384,2024-03-25,CUST0314,East,Electronics,1,34620.24,34620.24
TXN113136,2024-03-25,CUST0053,North,Electronics,1,42888.54,42888.54
TXN112025,2024-03-25,CUST0328,South,Apparel,1,3955.03,3955.03
TXN110399,2024-03-25,CUST0253,Central,Home & Living,1,1539.61,1539.61
TXN103167,2024-03-25,CUST0082,East,Grocery,1,408.26,408.26
TXN113368,2024-03-25,CUST0332,South,Home & Living,1,1700.96,1700.96
TXN112061,2024-03-25,CUST0204,West,Home & Living,1,11805.11,11805.11
TXN108047,2024-03-25,CUST0428,North,Grocery,1,1871.53,1871.53
TXN113617,2024-03-25,CUST0082,East,Home & Living,1,2704.44,2704.44
TXN113518,2024-03-25,CUST0051,North,Beauty,1,292.18,292.18
TXN114308,2024-03-25,CUST0173,West,Grocery,1,314.66,314.66
TXN109472,2024-03-25,CUST0293,East,Grocery,1,112.68,112.68
TXN114697,2024-03-25,CUST0731,South,Grocery,1,580.45,580.45
TXN112959,2024-03-25,CUST0036,South,Electronics,2,4346.15,8692.31
TXN103958,2024-03-25,CUST0227,West,Apparel,2,3710.43,7420.87
TXN103031,2024-03-25,CUST0249,West,Grocery,1,454.94,454.94
TXN110095,2024-03-26,CUST0265,South,Electronics,1,42121.8,42121.8
TXN104376,2024-03-26,CUST0044,Central,Home & Living,1,6785.05,6785.05
TXN109882,2024-03-26,CUST0448,North,Apparel,1,1947.64,1947.64
TXN114806,2024-03-26,CUST0198,North,Home & Living,1,10903.06,10903.06
TXN112228,2024-03-26,CUST0033,North,Apparel,2,2801.3,5602.6
TXN108933,2024-03-26,CUST0048,Central,Home & Living,1,5307.97,5307.97
TXN103311,2024-03-26,CUST0446,East,Apparel,1,3114.94,3114.94
TXN105298,2024-03-26,CUST0257,West,Grocery,2,226.77,453.55
TXN110955,2024-03-26,CUST0428,North,Home & Living,1,12476.38,12476.38
TXN113294,2024-03-26,CUST0063,East,Apparel,1,898.19,898.19
TXN111687,2024-03-26,CUST0325,East,Apparel,1,1633.76,1633.76
TXN114466,2024-03-26,CUST0061,West,Beauty,1,246.8,246.8
TXN107486,2024-03-26,CUST0322,Central,Home & Living,1,3157.34,3157.34
TXN102002,2024-03-26,CUST0155,South,Grocery,1,365.0,365.0
TXN106181,2024-03-26,CUST0029,West,Apparel,1,2865.11,2865.11
TXN108221,2024-03-27,CUST0590,South,Electronics,1,10193.75,10193.75
TXN111504,2024-03-27,CUST0557,Central,Home & Living,1,2346.38,2346.38
TXN111727,2024-03-27,CUST0242,West,Electronics,1,6550.69,6550.69
TXN100596,2024-03-27,CUST0375,East,Electronics,1,20913.15,20913.15
TXN108260,2024-03-27,CUST0680,South,Electronics,1,11932.91,11932.91
TXN111836,2024-03-27,CUST0265,South,Apparel,1,4144.09,4144.09
TXN100482,2024-03-27,CUST0379,West,Grocery,1,398.13,398.13
TXN109061,2024-03-27,CUST0043,North,Grocery,1,188.91,188.91
TXN105205,2024-03-27,CUST0636,North,Grocery,2,118.64,237.28
TXN108718,2024-03-27,CUST0552,East,Home & Living,1,6900.83,6900.83
TXN111118,2024-03-27,CUST0556,West,Electronics,1,5134.84,5134.84
TXN111899,2024-03-27,CUST0555,South,Apparel,1,6349.75,6349.75
TXN112392,2024-03-27,CUST0158,North,Electronics,1,39686.97,39686.97
TXN107793,2024-03-27,CUST0570,North,Grocery,2,434.17,868.34
TXN108428,2024-03-27,CUST0514,West,Grocery,1,63.83,63.83
TXN113961,2024-03-27,CUST0184,North,Electronics,1,22017.52,22017.52
TXN104171,2024-03-27,CUST0566,North,Apparel,1,824.37,824.37
TXN113417,2024-03-27,CUST0553,South,Grocery,3,809.81,2429.44
TXN105148,2024-03-27,CUST0797,North,Beauty,1,4199.6,4199.6
TXN101634,2024-03-28,CUST0314,East,Home & Living,1,1964.6,1964.6
TXN104335,2024-03-28,CUST0575,North,Grocery,1,240.48,240.48
TXN101296,2024-03-28,CUST0436,South,Beauty,2,534.02,1068.05
TXN101728,2024-03-28,CUST0118,Central,Electronics,1,7543.7,7543.7
TXN102942,2024-03-28,CUST0181,South,Electronics,1,2717.47,2717.47
TXN105139,2024-03-28,CUST0754,Central,Grocery,2,136.03,272.06
TXN106384,2024-03-28,CUST0359,West,Electronics,1,41308.11,41308.11
TXN109815,2024-03-28,CUST0246,East,Apparel,1,1013.97,1013.97
TXN102276,2024-03-28,CUST0140,East,Grocery,1,816.21,816.21
TXN101043,2024-03-28,CUST0509,South,Electronics,1,65126.02,65126.02
TXN111295,2024-03-28,CUST0090,North,Apparel,2,392.55,785.1
TXN101763,2024-03-28,CUST0217,North,Apparel,1,3050.04,3050.04
TXN114773,2024-03-28,CUST0342,South,Grocery,1,613.75,613.75
TXN113269,2024-03-28,CUST0341,West,Home & Living,1,2089.89,2089.89
TXN111556,2024-03-28,CUST0151,East,Apparel,3,3908.93,11726.79
TXN110005,2024-03-28,CUST0626,Central,Apparel,1,1876.76,1876.76
TXN104852,2024-03-28,CUST0352,West,Apparel,1,3578.01,3578.01
TXN111150,2024-03-28,CUST0026,Central,Apparel,1,3926.04,3926.04
TXN102420,2024-03-28,CUST0332,South,Electronics,1,13570.56,13570.56
TXN109547,2024-03-28,CUST0274,North,Home & Living,1,9084.65,9084.65
TXN109853,2024-03-28,CUST0322,Central,Grocery,1,809.3,809.3
TXN113207,2024-03-28,CUST0663,North,Home & Living,1,3954.51,3954.51
TXN113803,2024-03-28,CUST0164,South,Home & Living,1,1271.34,1271.34
TXN109989,2024-03-29,CUST0533,North,Grocery,1,203.5,203.5
TXN103597,2024-03-29,CUST0054,Central,Beauty,1,4657.53,4657.53
TXN114233,2024-03-29,CUST0110,South,Home & Living,1,1240.48,1240.48
TXN105033,2024-03-29,CUST0422,North,Apparel,1,666.9,666.9
TXN111306,2024-03-29,CUST0464,South,Grocery,3,77.13,231.39
TXN100436,2024-03-29,CUST0096,North,Grocery,1,572.58,572.58
TXN102486,2024-03-29,CUST0113,East,Electronics,1,55893.14,55893.14
TXN113672,2024-03-29,CUST0286,South,Home & Living,1,4326.78,4326.78
TXN108277,2024-03-29,CUST0297,North,Beauty,1,493.03,493.03
TXN100982,2024-03-29,CUST0406,West,Grocery,1,1621.32,1621.32
TXN102219,2024-03-29,CUST0389,South,Apparel,3,4307.11,12921.34
TXN108257,2024-03-29,CUST0451,West,Grocery,1,610.91,610.91
TXN110434,2024-03-29,CUST0706,South,Grocery,1,2105.84,2105.84
TXN103115,2024-03-29,CUST0257,West,Grocery,1,1912.83,1912.83
TXN104297,2024-03-29,CUST0265,South,Electronics,1,16465.18,16465.18
TXN101314,2024-03-29,CUST0187,West,Apparel,1,3552.72,3552.72
TXN111538,2024-03-29,CUST0715,North,Apparel,1,2809.51,2809.51
TXN107549,2024-03-29,CUST0440,North,Apparel,1,3018.65,3018.65
TXN109485,2024-03-30,CUST0315,East,Apparel,2,3825.13,7650.25
TXN108285,2024-03-30,CUST0530,South,Beauty,2,515.89,1031.79
TXN103429,2024-03-30,CUST0105,South,Grocery,2,388.06,776.12
TXN105750,2024-03-30,CUST0262,Central,Apparel,1,4412.05,4412.05
TXN106365,2024-03-30,CUST0029,West,Home & Living,1,5716.91,5716.91
TXN101581,2024-03-30,CUST0237,South,Home & Living,1,1052.33,1052.33
TXN110349,2024-03-30,CUST0566,North,Home & Living,1,3175.68,3175.68
TXN106828,2024-03-30,CUST0248,North,Home & Living,3,4980.85,14942.56
TXN114549,2024-03-30,CUST0716,North,Apparel,1,2387.33,2387.33
TXN113822,2024-03-30,CUST0183,North,Apparel,1,2933.65,2933.65
TXN108615,2024-03-30,CUST0620,Central,Apparel,1,3006.8,3006.8
TXN105658,2024-03-30,CUST0565,West,Apparel,1,746.35,746.35
TXN105921,2024-03-30,CUST0409,North,Electronics,1,51231.91,51231.91
TXN100228,2024-03-30,CUST0635,North,Electronics,1,9262.12,9262.12
TXN113757,2024-03-30,CUST0747,West,Beauty,1,1140.92,1140.92
TXN113765,2024-03-30,CUST0009,South,Apparel,3,4426.82,13280.46
TXN105654,2024-03-30,CUST0257,West,Apparel,1,983.94,983.94
TXN107659,2024-03-30,CUST0113,East,Electronics,1,68187.09,68187.09
TXN107606,2024-03-30,CUST0406,West,Electronics,2,79202.96,158405.93
TXN105755,2024-03-30,CUST0598,North,Apparel,1,2473.42,2473.42
TXN100845,2024-03-30,CUST0245,Central,Apparel,1,1562.09,1562.09
TXN103301,2024-03-30,CUST0394,East,Home & Living,1,3977.45,3977.45
TXN109789,2024-03-30,CUST0327,North,Electronics,1,7038.97,7038.97
TXN112033,2024-03-30,CUST0520,North,Electronics,2,8661.41,17322.82
TXN112983,2024-03-30,CUST0340,East,Apparel,1,1031.71,1031.71
TXN111611,2024-03-31,CUST0141,North,Apparel,1,2909.91,2909.91
TXN112444,2024-03-31,CUST0158,North,Home & Living,1,3038.15,3038.15
TXN102498,2024-03-31,CUST0212,Central,Apparel,2,3156.79,6313.58
TXN102477,2024-03-31,CUST0227,West,Home & Living,2,5384.32,10768.65
TXN113830,2024-03-31,CUST0489,North,Home & Living,1,10373.02,10373.02
TXN110044,2024-03-31,CUST0221,West,Apparel,3,958.26,2874.77
TXN100951,2024-03-31,CUST0094,South,Electronics,1,3647.33,3647.33
TXN110907,2024-03-31,CUST0768,North,Grocery,2,1752.85,3505.69
TXN108459,2024-03-31,CUST0253,Central,Electronics,1,36447.52,36447.52
TXN100973,2024-03-31,CUST0389,South,Electronics,2,7983.04,15966.07
TXN101019,2024-03-31,CUST0250,North,Grocery,1,979.15,979.15
TXN105340,2024-03-31,CUST0648,West,Grocery,1,624.51,624.51
TXN101867,2024-03-31,CUST0524,North,Electronics,1,39898.13,39898.13
TXN110700,2024-03-31,CUST0759,West,Home & Living,1,13434.48,13434.48
TXN109016,2024-03-31,CUST0749,North,Apparel,1,4436.84,4436.84
TXN106264,2024-03-31,CUST0253,Central,Electronics,2,27847.59,55695.17
TXN112340,2024-03-31,CUST0125,South,Grocery,1,214.25,214.25
TXN111869,2024-03-31,CUST0362,North,Apparel,1,2038.9,2038.9
TXN108975,2024-03-31,CUST0724,North,Home & Living,1,2440.73,2440.73
TXN111270,2024-03-31,CUST0557,Central,Home & Living,1,3510.13,3510.13
TXN102085,2024-03-31,CUST0454,North,Grocery,1,361.74,361.74
TXN106393,2024-04-01,CUST0251,West,Apparel,1,976.03,976.03
TXN114364,2024-04-01,CUST0524,North,Home & Living,1,4446.86,4446.86
TXN102552,2024-04-01,CUST0556,West,Apparel,1,353.92,353.92
TXN114409,2024-04-01,CUST0305,Central,Grocery,1,919.69,919.69
TXN104628,2024-04-01,CUST0617,North,Electronics,1,23359.38,23359.38
TXN112173,2024-04-01,CUST0641,Central,Apparel,3,1541.99,4625.96
TXN111399,2024-04-01,CUST0038,South,Grocery,1,365.04,365.04
TXN108093,2024-04-01,CUST0679,West,Apparel,1,5163.51,5163.51
TXN110850,2024-04-01,CUST0706,South,Beauty,1,4648.32,4648.32
TXN104889,2024-04-01,CUST0559,North,Home & Living,1,2165.11,2165.11
TXN113170,2024-04-01,CUST0688,West,Home & Living,2,4152.47,8304.94
TXN104116,2024-04-01,CUST0157,East,Beauty,2,2151.38,4302.76
TXN105901,2024-04-01,CUST0669,West,Grocery,1,577.59,577.59
TXN112764,2024-04-01,CUST0063,East,Apparel,1,2744.23,2744.23
TXN114149,2024-04-01,CUST0034,North,Electronics,2,7887.06,15774.12
TXN114147,2024-04-01,CUST0053,North,Grocery,1,1359.92,1359.92
TXN110197,2024-04-01,CUST0389,South,Grocery,1,603.8,603.8
TXN106934,2024-04-01,CUST0438,South,Home & Living,1,3385.19,3385.19
TXN102026,2024-04-02,CUST0001,West,Home & Living,2,5307.62,10615.23
TXN114243,2024-04-02,CUST0290,North,Beauty,1,1691.31,1691.31
TXN101956,2024-04-02,CUST0226,South,Grocery,2,272.65,545.3
TXN100147,2024-04-02,CUST0213,Central,Grocery,1,827.3,827.3
TXN108951,2024-04-02,CUST0325,East,Apparel,1,7595.86,7595.86
TXN108954,2024-04-02,CUST0589,Central,Home & Living,1,5336.28,5336.28
TXN107013,2024-04-02,CUST0089,North,Apparel,1,1140.98,1140.98
TXN101489,2024-04-02,CUST0205,West,Apparel,1,2864.95,2864.95
TXN100808,2024-04-02,CUST0796,East,Grocery,1,408.04,408.04
TXN107485,2024-04-02,CUST0116,South,Home & Living,1,13261.02,13261.02
TXN104934,2024-04-02,CUST0063,East,Electronics,1,22167.56,22167.56
TXN110880,2024-04-02,CUST0665,Central,Electronics,1,13884.41,13884.41
TXN111486,2024-04-02,CUST0272,North,Apparel,1,3732.14,3732.14
TXN104615,2024-04-02,CUST0641,Central,Beauty,1,311.03,311.03
TXN104923,2024-04-02,CUST0156,South,Home & Living,1,4218.85,4218.85
TXN110607,2024-04-02,CUST0468,South,Home & Living,1,681.45,681.45
TXN106661,2024-04-02,CUST0154,Central,Beauty,1,1972.99,1972.99
TXN110317,2024-04-02,CUST0800,Central,Grocery,2,1984.57,3969.14
TXN103431,2024-04-03,CUST0429,Central,Home & Living,1,4972.97,4972.97
TXN113060,2024-04-03,CUST0676,East,Electronics,2,15672.64,31345.27
TXN101186,2024-04-03,CUST0772,North,Home & Living,2,4811.88,9623.76
TXN109644,2024-04-03,CUST0156,South,Beauty,1,1600.42,1600.42
TXN103046,2024-04-03,CUST0532,West,Apparel,1,1323.98,1323.98
TXN110866,2024-04-03,CUST0183,North,Home & Living,1,12637.27,12637.27
TXN111811,2024-04-03,CUST0183,North,Home & Living,1,4641.23,4641.23
TXN111893,2024-04-03,CUST0365,North,Grocery,1,403.34,403.34
TXN114648,2024-04-03,CUST0540,North,Apparel,2,1113.57,2227.14
TXN108322,2024-04-03,CUST0482,West,Grocery,1,888.15,888.15
TXN101101,2024-04-03,CUST0786,North,Beauty,1,5375.4,5375.4
TXN104309,2024-04-03,CUST0139,North,Apparel,1,1498.72,1498.72
TXN103747,2024-04-03,CUST0211,North,Beauty,1,1636.59,1636.59
TXN112861,2024-04-03,CUST0614,North,Home & Living,1,1853.53,1853.53
TXN112628,2024-04-03,CUST0002,North,Grocery,1,304.79,304.79
TXN103770,2024-04-03,CUST0308,West,Grocery,2,315.97,631.94
TXN105259,2024-04-03,CUST0501,North,Electronics,2,4279.74,8559.49
TXN101506,2024-04-03,CUST0568,Central,Apparel,1,2997.14,2997.14
TXN114700,2024-04-04,CUST0337,West,Home & Living,1,6131.01,6131.01
TXN108986,2024-04-04,CUST0062,South,Electronics,2,18310.15,36620.3
TXN102084,2024-04-04,CUST0532,West,Home & Living,1,11434.48,11434.48
TXN106300,2024-04-04,CUST0465,North,Beauty,2,5235.62,10471.25
TXN107427,2024-04-04,CUST0097,South,Electronics,2,11222.03,22444.06
TXN108135,2024-04-04,CUST0482,West,Beauty,1,2236.63,2236.63
TXN101982,2024-04-04,CUST0285,Central,Apparel,3,1543.5,4630.5
TXN101585,2024-04-04,CUST0432,North,Home & Living,1,3961.8,3961.8
TXN112837,2024-04-04,CUST0361,West,Electronics,1,7712.54,7712.54
TXN114917,2024-04-04,CUST0746,South,Electronics,1,21667.66,21667.66
TXN108049,2024-04-04,CUST0170,South,Grocery,1,935.19,935.19
TXN103665,2024-04-04,CUST0413,North,Grocery,1,2127.97,2127.97
TXN112722,2024-04-04,CUST0499,East,Home & Living,1,10781.96,10781.96
TXN111902,2024-04-04,CUST0138,Central,Apparel,1,1734.91,1734.91
TXN111678,2024-04-04,CUST0343,East,Grocery,2,597.39,1194.78
TXN114768,2024-04-04,CUST0353,West,Grocery,2,551.11,1102.23
TXN102298,2024-04-04,CUST0437,West,Grocery,1,620.27,620.27
TXN108534,2024-04-04,CUST0035,South,Grocery,2,667.84,1335.68
TXN104963,2024-04-05,CUST0465,North,Apparel,1,4837.07,4837.07
TXN101794,2024-04-05,CUST0724,North,Electronics,1,26644.85,26644.85
TXN112965,2024-04-05,CUST0123,Central,Electronics,1,23723.98,23723.98
TXN107534,2024-04-05,CUST0615,East,Home & Living,1,7451.17,7451.17
TXN113583,2024-04-05,CUST0413,North,Electronics,2,47942.09,95884.18
TXN101224,2024-04-05,CUST0257,West,Apparel,1,4775.55,4775.55
TXN105690,2024-04-05,CUST0567,West,Beauty,1,1797.73,1797.73
TXN100749,2024-04-05,CUST0009,South,Electronics,3,30047.16,90141.49
TXN102194,2024-04-05,CUST0031,North,Grocery,1,493.73,493.73
TXN108563,2024-04-05,CUST0314,East,Electronics,1,30482.14,30482.14
TXN107717,2024-04-06,CUST0295,North,Apparel,1,2956.82,2956.82
TXN103294,2024-04-06,CUST0311,West,Electronics,1,30563.7,30563.7
TXN111637,2024-04-06,CUST0541,North,Apparel,1,5908.57,5908.57
TXN101897,2024-04-06,CUST0715,North,Electronics,1,7029.8,7029.8
TXN113502,2024-04-06,CUST0155,South,Home & Living,1,4740.75,4740.75
TXN100413,2024-04-06,CUST0117,South,Grocery,1,168.33,168.33
TXN108311,2024-04-06,CUST0731,South,Grocery,3,359.35,1078.06
TXN100997,2024-04-06,CUST0402,North,Home & Living,1,10245.83,10245.83
TXN103407,2024-04-06,CUST0679,West,Apparel,2,1003.64,2007.27
TXN111924,2024-04-06,CUST0448,North,Electronics,1,25657.54,25657.54
TXN106058,2024-04-06,CUST0389,South,Home & Living,1,4299.96,4299.96
TXN101073,2024-04-06,CUST0168,South,Apparel,1,921.73,921.73
TXN112745,2024-04-06,CUST0039,East,Apparel,2,3154.39,6308.77
TXN105694,2024-04-06,CUST0135,North,Grocery,1,2134.12,2134.12
TXN104173,2024-04-06,CUST0563,East,Apparel,2,1446.92,2893.84
TXN103871,2024-04-06,CUST0249,West,Grocery,3,869.61,2608.84
TXN105596,2024-04-06,CUST0113,East,Apparel,1,8047.4,8047.4
TXN111119,2024-04-06,CUST0051,North,Apparel,1,7969.25,7969.25
TXN103190,2024-04-06,CUST0090,North,Apparel,1,612.26,612.26
TXN105267,2024-04-06,CUST0151,East,Beauty,1,4460.91,4460.91
TXN114729,2024-04-06,CUST0753,West,Grocery,2,786.51,1573.03
TXN111969,2024-04-07,CUST0681,West,Electronics,1,17723.87,17723.87
TXN110715,2024-04-07,CUST0183,North,Grocery,1,1695.35,1695.35
TXN112149,2024-04-07,CUST0180,East,Grocery,2,555.4,1110.79
TXN101962,2024-04-07,CUST0051,North,Electronics,1,64586.41,64586.41
TXN102458,2024-04-07,CUST0717,East,Grocery,1,249.92,249.92
TXN111044,2024-04-07,CUST0274,North,Electronics,1,45922.97,45922.97
TXN113470,2024-04-07,CUST0751,Central,Electronics,1,18192.99,18192.99
TXN103796,2024-04-07,CUST0077,West,Apparel,2,1459.57,2919.15
TXN109828,2024-04-07,CUST0006,West,Beauty,2,191.94,383.88
TXN113345,2024-04-07,CUST0800,Central,Electronics,1,34561.06,34561.06
TXN114032,2024-04-07,CUST0787,West,Apparel,1,2705.1,2705.1
TXN114613,2024-04-07,CUST0350,West,Home & Living,1,1505.7,1505.7
TXN112476,2024-04-07,CUST0475,South,Home & Living,1,1924.25,1924.25
TXN114247,2024-04-07,CUST0614,North,Beauty,1,1344.24,1344.24
TXN101154,2024-04-07,CUST0738,West,Grocery,1,614.65,614.65
TXN105629,2024-04-07,CUST0346,West,Apparel,1,3486.27,3486.27
TXN107312,2024-04-08,CUST0703,North,Electronics,1,7594.59,7594.59
TXN109710,2024-04-08,CUST0092,West,Grocery,2,714.67,1429.35
TXN102469,2024-04-08,CUST0679,West,Grocery,1,1999.98,1999.98
TXN107302,2024-04-08,CUST0617,North,Home & Living,2,5178.19,10356.38
TXN103636,2024-04-08,CUST0541,North,Apparel,1,1075.34,1075.34
TXN106039,2024-04-08,CUST0021,West,Electronics,2,20146.79,40293.58
TXN110661,2024-04-08,CUST0331,West,Apparel,2,2903.32,5806.64
TXN106665,2024-04-08,CUST0012,West,Beauty,1,2152.96,2152.96
TXN103865,2024-04-08,CUST0409,North,Home & Living,1,6693.32,6693.32
TXN108298,2024-04-08,CUST0666,North,Home & Living,1,1218.33,1218.33
TXN113252,2024-04-08,CUST0588,North,Electronics,1,20861.1,20861.1
TXN108982,2024-04-08,CUST0385,North,Apparel,1,1706.23,1706.23
TXN104043,2024-04-08,CUST0276,South,Apparel,2,2433.33,4866.66
TXN102961,2024-04-08,CUST0235,North,Beauty,1,1903.91,1903.91
TXN101083,2024-04-08,CUST0305,Central,Grocery,1,282.67,282.67
TXN111612,2024-04-08,CUST0158,North,Electronics,1,19373.12,19373.12
TXN109673,2024-04-08,CUST0096,North,Apparel,1,1020.43,1020.43
TXN107047,2024-04-08,CUST0076,North,Home & Living,1,5956.35,5956.35
TXN104015,2024-04-09,CUST0674,South,Apparel,1,1602.57,1602.57
TXN104706,2024-04-09,CUST0302,Central,Grocery,1,310.67,310.67
TXN108540,2024-04-09,CUST0030,South,Grocery,1,265.86,265.86
TXN101158,2024-04-09,CUST0554,West,Home & Living,1,1191.65,1191.65
TXN109534,2024-04-09,CUST0453,North,Electronics,1,14502.54,14502.54
TXN108340,2024-04-09,CUST0755,North,Grocery,1,535.82,535.82
TXN110227,2024-04-09,CUST0752,East,Apparel,1,1278.98,1278.98
TXN106338,2024-04-09,CUST0283,South,Apparel,1,2955.58,2955.58
TXN113780,2024-04-09,CUST0716,North,Home & Living,1,11758.22,11758.22
TXN100345,2024-04-09,CUST0415,West,Home & Living,1,4428.87,4428.87
TXN111905,2024-04-09,CUST0749,North,Apparel,2,4985.66,9971.32
TXN101648,2024-04-09,CUST0701,East,Electronics,2,22137.14,44274.28
TXN112585,2024-04-09,CUST0355,East,Apparel,1,1015.65,1015.65
TXN109848,2024-04-09,CUST0013,North,Home & Living,1,5619.32,5619.32
TXN105191,2024-04-10,CUST0246,East,Grocery,1,1416.76,1416.76
TXN103111,2024-04-10,CUST0373,East,Home & Living,3,3953.69,11861.06
TXN106786,2024-04-10,CUST0786,North,Apparel,1,4748.02,4748.02
TXN112393,2024-04-10,CUST0285,Central,Electronics,1,4154.97,4154.97
TXN109140,2024-04-10,CUST0140,East,Apparel,1,1539.51,1539.51
TXN100223,2024-04-10,CUST0615,East,Apparel,1,4919.18,4919.18
TXN104943,2024-04-10,CUST0220,North,Apparel,1,1000.34,1000.34
TXN110494,2024-04-10,CUST0490,North,Grocery,1,1174.97,1174.97
TXN108111,2024-04-10,CUST0688,West,Home & Living,1,1550.68,1550.68
TXN110541,2024-04-10,CUST0772,North,Apparel,1,564.36,564.36
TXN108059,2024-04-10,CUST0654,East,Grocery,1,801.15,801.15
TXN111259,2024-04-10,CUST0183,North,Electronics,1,60512.74,60512.74
TXN109704,2024-04-10,CUST0021,West,Home & Living,1,1931.31,1931.31
TXN100678,2024-04-10,CUST0502,Central,Apparel,1,2197.25,2197.25
TXN109489,2024-04-10,CUST0510,West,Electronics,1,19459.73,19459.73
TXN102419,2024-04-10,CUST0192,West,Electronics,1,13897.62,13897.62
TXN109756,2024-04-10,CUST0093,West,Apparel,1,4337.76,4337.76
TXN106510,2024-04-11,CUST0405,South,Beauty,1,1166.45,1166.45
TXN114385,2024-04-11,CUST0263,West,Electronics,2,16754.94,33509.89
TXN106459,2024-04-11,CUST0446,East,Grocery,3,1129.79,3389.38
TXN113376,2024-04-11,CUST0441,West,Apparel,1,922.31,922.31
TXN102563,2024-04-11,CUST0305,Central,Grocery,1,797.03,797.03
TXN111493,2024-04-11,CUST0089,North,Home & Living,1,2200.59,2200.59
TXN105712,2024-04-11,CUST0246,East,Grocery,1,1116.57,1116.57
TXN112699,2024-04-11,CUST0552,East,Grocery,1,490.51,490.51
TXN104818,2024-04-11,CUST0600,West,Home & Living,3,4257.1,12771.29
TXN110185,2024-04-11,CUST0701,East,Electronics,1,16735.33,16735.33
TXN113549,2024-04-11,CUST0095,East,Home & Living,1,1742.74,1742.74
TXN109924,2024-04-11,CUST0460,East,Apparel,1,1940.05,1940.05
TXN108632,2024-04-11,CUST0689,South,Electronics,1,11161.76,11161.76
TXN102064,2024-04-11,CUST0446,East,Grocery,2,1881.87,3763.75
TXN112115,2024-04-11,CUST0179,South,Grocery,1,160.94,160.94
TXN112968,2024-04-11,CUST0612,North,Home & Living,1,4566.19,4566.19
TXN112058,2024-04-11,CUST0170,South,Apparel,1,3673.14,3673.14
TXN103726,2024-04-11,CUST0070,Central,Home & Living,2,4182.34,8364.68
TXN111461,2024-04-11,CUST0236,West,Electronics,1,41327.08,41327.08
TXN113889,2024-04-11,CUST0536,East,Electronics,1,11604.4,11604.4
TXN111528,2024-04-11,CUST0550,North,Electronics,1,33107.09,33107.09
TXN108928,2024-04-11,CUST0718,Central,Beauty,1,2338.36,2338.36
TXN102382,2024-04-12,CUST0187,West,Home & Living,1,7821.52,7821.52
TXN106686,2024-04-12,CUST0360,North,Apparel,1,2336.27,2336.27
TXN102881,2024-04-12,CUST0384,Central,Beauty,1,4762.99,4762.99
TXN114009,2024-04-12,CUST0446,East,Electronics,1,49944.86,49944.86
TXN104572,2024-04-12,CUST0048,Central,Grocery,2,620.28,1240.56
TXN104918,2024-04-12,CUST0790,West,Grocery,1,1254.86,1254.86
TXN114059,2024-04-12,CUST0302,Central,Grocery,1,470.07,470.07
TXN112120,2024-04-12,CUST0379,West,Electronics,3,16515.83,49547.48
TXN104956,2024-04-12,CUST0291,Central,Home & Living,2,1819.76,3639.51
TXN101215,2024-04-12,CUST0612,North,Apparel,2,1039.14,2078.28
TXN110487,2024-04-12,CUST0454,North,Beauty,1,4674.62,4674.62
TXN113080,2024-04-12,CUST0422,North,Grocery,1,804.21,804.21
TXN113393,2024-04-12,CUST0322,Central,Grocery,1,103.68,103.68
TXN104660,2024-04-13,CUST0104,East,Apparel,1,2898.94,2898.94
TXN104418,2024-04-13,CUST0442,West,Apparel,1,7913.05,7913.05
TXN101002,2024-04-13,CUST0587,West,Home & Living,2,3941.79,7883.58
TXN103067,2024-04-13,CUST0674,South,Electronics,1,11889.83,11889.83
TXN113485,2024-04-13,CUST0085,West,Apparel,1,2443.73,2443.73
TXN113530,2024-04-13,CUST0219,Central,Home & Living,2,2400.69,4801.39
TXN107287,2024-04-13,CUST0545,West,Apparel,1,1731.93,1731.93
TXN104707,2024-04-13,CUST0292,East,Beauty,1,1081.79,1081.79
TXN114298,2024-04-13,CUST0036,South,Home & Living,1,5531.51,5531.51
TXN101096,2024-04-13,CUST0532,West,Electronics,1,17035.16,17035.16
TXN110071,2024-04-13,CUST0121,West,Apparel,2,3800.77,7601.55
TXN111095,2024-04-13,CUST0489,North,Beauty,1,1737.96,1737.96
TXN102659,2024-04-13,CUST0323,West,Beauty,1,216.13,216.13
TXN112674,2024-04-13,CUST0162,East,Apparel,1,757.15,757.15
TXN112518,2024-04-13,CUST0794,North,Grocery,1,847.4,847.4
TXN102823,2024-04-13,CUST0572,North,Beauty,1,2661.38,2661.38
TXN109516,2024-04-13,CUST0749,North,Home & Living,1,6259.31,6259.31
TXN109263,2024-04-13,CUST0409,North,Beauty,1,1668.73,1668.73
TXN106421,2024-04-13,CUST0676,East,Electronics,1,19762.41,19762.41
TXN109128,2024-04-13,CUST0149,West,Home & Living,1,4034.35,4034.35
TXN106291,2024-04-13,CUST0407,West,Home & Living,1,4556.79,4556.79
TXN105669,2024-04-13,CUST0280,Central,Beauty,2,294.5,588.99
TXN103925,2024-04-13,CUST0033,North,Electronics,1,23811.49,23811.49
TXN109288,2024-04-13,CUST0655,North,Electronics,1,7918.51,7918.51
TXN113182,2024-04-13,CUST0709,East,Home & Living,1,2836.47,2836.47
TXN112952,2024-04-13,CUST0599,East,Grocery,1,537.32,537.32
TXN104077,2024-04-13,CUST0140,East,Electronics,1,39937.81,39937.81
TXN107905,2024-04-14,CUST0379,West,Grocery,1,681.97,681.97
TXN105561,2024-04-14,CUST0331,West,Grocery,1,299.8,299.8
TXN111653,2024-04-14,CUST0241,East,Grocery,1,1378.72,1378.72
TXN102544,2024-04-14,CUST0739,North,Home & Living,1,1374.49,1374.49
TXN108375,2024-04-14,CUST0155,South,Electronics,1,45377.74,45377.74
TXN107842,2024-04-14,CUST0197,Central,Electronics,1,7473.63,7473.63
TXN105602,2024-04-14,CUST0416,North,Beauty,2,993.61,1987.21
TXN102217,2024-04-14,CUST0660,East,Beauty,1,1891.99,1891.99
TXN108133,2024-04-14,CUST0619,South,Home & Living,3,4084.67,12254.01
TXN101148,2024-04-14,CUST0648,West,Electronics,1,13564.39,13564.39
TXN106390,2024-04-14,CUST0515,South,Beauty,1,1576.36,1576.36
TXN112092,2024-04-14,CUST0602,North,Grocery,1,131.99,131.99
TXN109017,2024-04-14,CUST0706,South,Beauty,1,4904.24,4904.24
TXN112604,2024-04-14,CUST0649,Central,Apparel,1,1821.59,1821.59
TXN102792,2024-04-14,CUST0509,South,Apparel,3,6778.68,20336.04
TXN109000,2024-04-14,CUST0162,East,Apparel,3,3777.18,11331.53
TXN103126,2024-04-14,CUST0736,North,Electronics,1,69925.79,69925.79
TXN110101,2024-04-14,CUST0402,North,Home & Living,1,11341.13,11341.13
TXN113261,2024-04-14,CUST0464,South,Apparel,1,570.69,570.69
TXN108716,2024-04-15,CUST0390,West,Apparel,2,2044.5,4088.99
TXN108303,2024-04-15,CUST0448,North,Home & Living,2,5136.73,10273.47
TXN110226,2024-04-15,CUST0269,South,Grocery,1,520.28,520.28
TXN108312,2024-04-15,CUST0082,East,Apparel,3,638.77,1916.3
TXN111583,2024-04-15,CUST0156,South,Grocery,1,355.56,355.56
TXN101065,2024-04-15,CUST0241,East,Electronics,1,24786.15,24786.15
TXN112744,2024-04-15,CUST0794,North,Home & Living,1,3692.16,3692.16
TXN104652,2024-04-15,CUST0267,North,Grocery,1,995.38,995.38
TXN109897,2024-04-15,CUST0322,Central,Apparel,2,1563.15,3126.29
TXN101492,2024-04-15,CUST0322,Central,Apparel,1,1756.78,1756.78
TXN111734,2024-04-15,CUST0337,West,Beauty,1,2679.24,2679.24
TXN111031,2024-04-15,CUST0027,South,Electronics,1,22946.97,22946.97
TXN106269,2024-04-15,CUST0007,Central,Home & Living,1,754.96,754.96
TXN113779,2024-04-15,CUST0169,East,Electronics,2,17603.56,35207.12
TXN105693,2024-04-15,CUST0400,North,Electronics,1,17478.18,17478.18
TXN101759,2024-04-16,CUST0519,North,Apparel,2,6611.17,13222.34
TXN103718,2024-04-16,CUST0119,West,Electronics,2,79058.62,158117.25
TXN110069,2024-04-16,CUST0018,South,Electronics,1,20822.37,20822.37
TXN103354,2024-04-16,CUST0367,West,Home & Living,1,6133.22,6133.22
TXN107548,2024-04-16,CUST0329,South,Home & Living,1,4225.27,4225.27
TXN110894,2024-04-16,CUST0061,West,Apparel,1,2396.29,2396.29
TXN107999,2024-04-16,CUST0322,Central,Apparel,1,1053.07,1053.07
TXN112398,2024-04-16,CUST0322,Central,Beauty,1,2261.96,2261.96
TXN111139,2024-04-16,CUST0586,South,Beauty,2,1303.41,2606.82
TXN105502,2024-04-16,CUST0770,South,Beauty,1,2488.74,2488.74
TXN111239,2024-04-16,CUST0222,South,Electronics,1,4117.91,4117.91
TXN108142,2024-04-16,CUST0683,East,Grocery,1,619.29,619.29
TXN103861,2024-04-16,CUST0199,Central,Grocery,1,183.47,183.47
TXN102558,2024-04-16,CUST0769,East,Electronics,1,15760.42,15760.42
TXN108891,2024-04-16,CUST0008,Central,Home & Living,1,1847.83,1847.83
TXN101860,2024-04-16,CUST0227,West,Electronics,2,48425.24,96850.48
TXN102615,2024-04-17,CUST0657,West,Grocery,1,731.57,731.57
TXN110280,2024-04-17,CUST0398,Central,Home & Living,1,3496.96,3496.96
TXN112576,2024-04-17,CUST0256,South,Electronics,1,17382.66,17382.66
TXN113317,2024-04-17,CUST0288,North,Home & Living,1,4624.15,4624.15
TXN101898,2024-04-17,CUST0165,South,Beauty,1,1367.4,1367.4
TXN114783,2024-04-17,CUST0414,West,Apparel,1,4037.98,4037.98
TXN104901,2024-04-17,CUST0068,North,Beauty,1,833.16,833.16
TXN111545,2024-04-17,CUST0570,North,Home & Living,1,3433.99,3433.99
TXN102428,2024-04-17,CUST0578,East,Electronics,3,45380.71,136142.13
TXN110597,2024-04-17,CUST0135,North,Grocery,1,1661.79,1661.79
TXN112273,2024-04-17,CUST0711,West,Apparel,1,1715.54,1715.54
TXN106724,2024-04-17,CUST0054,Central,Electronics,1,32750.31,32750.31
TXN112778,2024-04-17,CUST0246,East,Apparel,1,2761.8,2761.8
TXN101899,2024-04-17,CUST0578,East,Electronics,1,55361.83,55361.83
TXN114894,2024-04-17,CUST0082,East,Grocery,1,1039.99,1039.99
TXN108282,2024-04-17,CUST0290,North,Electronics,1,27448.44,27448.44
TXN101333,2024-04-17,CUST0441,West,Beauty,1,286.6,286.6
TXN104627,2024-04-17,CUST0794,North,Apparel,1,858.75,858.75
TXN112996,2024-04-17,CUST0752,East,Grocery,1,2068.53,2068.53
TXN113121,2024-04-17,CUST0081,North,Apparel,1,2400.54,2400.54
TXN102351,2024-04-17,CUST0671,East,Beauty,1,1639.29,1639.29
TXN105757,2024-04-18,CUST0759,West,Beauty,1,351.52,351.52
TXN100235,2024-04-18,CUST0517,East,Home & Living,3,3990.63,11971.89
TXN110362,2024-04-18,CUST0248,North,Grocery,3,293.3,879.9
TXN101689,2024-04-18,CUST0172,Central,Beauty,1,1838.01,1838.01
TXN113271,2024-04-18,CUST0337,West,Home & Living,1,6225.03,6225.03
TXN103302,2024-04-18,CUST0105,South,Grocery,1,575.59,575.59
TXN110644,2024-04-18,CUST0076,North,Grocery,3,1024.27,3072.82
TXN106336,2024-04-18,CUST0412,South,Grocery,1,1149.33,1149.33
TXN103505,2024-04-18,CUST0089,North,Apparel,1,5677.59,5677.59
TXN103575,2024-04-18,CUST0653,West,Electronics,1,13238.6,13238.6
TXN109305,2024-04-18,CUST0332,South,Grocery,1,977.73,977.73
TXN108294,2024-04-18,CUST0573,West,Home & Living,2,2974.55,5949.1
TXN101454,2024-04-18,CUST0518,West,Electronics,1,17917.01,17917.01
TXN114923,2024-04-18,CUST0442,West,Grocery,2,724.2,1448.4
TXN106183,2024-04-18,CUST0011,Central,Electronics,1,2411.38,2411.38
TXN104470,2024-04-19,CUST0763,West,Grocery,3,647.79,1943.37
TXN109332,2024-04-19,CUST0177,East,Electronics,1,20445.73,20445.73
TXN107481,2024-04-19,CUST0384,Central,Apparel,1,7507.3,7507.3
TXN103922,2024-04-19,CUST0509,South,Beauty,2,3039.8,6079.59
TXN106674,2024-04-19,CUST0419,East,Beauty,1,857.92,857.92
TXN100616,2024-04-19,CUST0664,East,Grocery,2,830.59,1661.17
TXN114269,2024-04-19,CUST0271,South,Apparel,1,1149.99,1149.99
TXN103037,2024-04-19,CUST0521,North,Apparel,1,825.84,825.84
TXN103959,2024-04-19,CUST0507,West,Electronics,1,34216.99,34216.99
TXN114416,2024-04-19,CUST0795,West,Beauty,2,378.64,757.28
TXN111063,2024-04-19,CUST0515,South,Home & Living,1,4115.49,4115.49
TXN110712,2024-04-19,CUST0278,East,Home & Living,2,3454.94,6909.88
TXN110405,2024-04-19,CUST0748,East,Apparel,1,1401.24,1401.24
TXN111555,2024-04-19,CUST0053,North,Home & Living,1,10739.67,10739.67
TXN113873,2024-04-19,CUST0056,North,Electronics,1,66856.08,66856.08
TXN108638,2024-04-19,CUST0666,North,Grocery,2,208.58,417.15
TXN111729,2024-04-20,CUST0772,North,Electronics,1,17889.4,17889.4
TXN112034,2024-04-20,CUST0520,North,Apparel,2,1969.35,3938.7
TXN111319,2024-04-20,CUST0409,North,Apparel,1,4760.84,4760.84
TXN102153,2024-04-20,CUST0541,North,Apparel,2,4025.5,8050.99
TXN106037,2024-04-20,CUST0495,West,Apparel,1,498.2,498.2
TXN110713,2024-04-20,CUST0250,North,Apparel,1,456.21,456.21
TXN109505,2024-04-20,CUST0089,North,Apparel,2,942.38,1884.76
TXN106836,2024-04-20,CUST0367,West,Electronics,1,52308.33,52308.33
TXN110633,2024-04-20,CUST0179,South,Electronics,1,63874.18,63874.18
TXN104856,2024-04-20,CUST0489,North,Electronics,1,68350.93,68350.93
TXN109949,2024-04-20,CUST0767,East,Beauty,1,1213.73,1213.73
TXN101829,2024-04-20,CUST0472,West,Electronics,1,7989.28,7989.28
TXN113815,2024-04-20,CUST0592,North,Apparel,1,4458.47,4458.47
TXN103764,2024-04-20,CUST0413,North,Grocery,2,1121.19,2242.38
TXN110325,2024-04-20,CUST0701,East,Electronics,1,12835.15,12835.15
TXN110552,2024-04-20,CUST0116,South,Apparel,1,1826.48,1826.48
TXN104185,2024-04-20,CUST0732,East,Beauty,2,1973.87,3947.74
TXN104984,2024-04-20,CUST0525,Central,Electronics,1,13186.37,13186.37
TXN106532,2024-04-20,CUST0781,North,Electronics,1,14062.12,14062.12
TXN107266,2024-04-21,CUST0338,South,Home & Living,3,7910.66,23731.99
TXN114482,2024-04-21,CUST0199,Central,Beauty,1,303.56,303.56
TXN101863,2024-04-21,CUST0479,North,Home & Living,1,1698.12,1698.12
TXN102408,2024-04-21,CUST0533,North,Home & Living,1,9252.73,9252.73
TXN110342,2024-04-21,CUST0198,North,Grocery,1,2060.15,2060.15
TXN101978,2024-04-21,CUST0581,North,Apparel,1,527.93,527.93
TXN105379,2024-04-21,CUST0035,South,Home & Living,2,9352.46,18704.92
TXN114840,2024-04-21,CUST0317,North,Grocery,1,401.26,401.26
TXN114695,2024-04-21,CUST0259,South,Beauty,1,2514.9,2514.9
TXN112583,2024-04-21,CUST0274,North,Apparel,1,7255.09,7255.09
TXN113133,2024-04-21,CUST0532,West,Home & Living,1,2424.34,2424.34
TXN104720,2024-04-21,CUST0490,North,Beauty,1,4566.45,4566.45
TXN104034,2024-04-21,CUST0155,South,Apparel,1,6195.61,6195.61
TXN110924,2024-04-21,CUST0012,West,Grocery,1,708.45,708.45
TXN104505,2024-04-21,CUST0151,East,Beauty,1,3760.98,3760.98
TXN109441,2024-04-21,CUST0543,West,Home & Living,1,4101.61,4101.61
TXN112618,2024-04-21,CUST0204,West,Home & Living,2,8998.8,17997.6
TXN106658,2024-04-22,CUST0489,North,Apparel,1,1014.18,1014.18
TXN110832,2024-04-22,CUST0716,North,Electronics,1,11984.71,11984.71
TXN108711,2024-04-22,CUST0230,West,Electronics,1,9811.76,9811.76
TXN103412,2024-04-22,CUST0432,North,Grocery,1,617.04,617.04
TXN107305,2024-04-22,CUST0499,East,Beauty,1,354.89,354.89
TXN111151,2024-04-22,CUST0116,South,Home & Living,1,4455.83,4455.83
TXN103869,2024-04-22,CUST0283,South,Home & Living,2,1999.55,3999.11
TXN114746,2024-04-22,CUST0284,West,Electronics,1,26891.13,26891.13
TXN100625,2024-04-22,CUST0383,East,Grocery,1,269.24,269.24
TXN104563,2024-04-22,CUST0297,North,Grocery,1,1054.22,1054.22
TXN100399,2024-04-22,CUST0230,West,Apparel,1,3648.61,3648.61
TXN114973,2024-04-22,CUST0582,South,Apparel,1,3839.97,3839.97
TXN109425,2024-04-22,CUST0455,West,Home & Living,1,3794.4,3794.4
TXN107466,2024-04-22,CUST0206,East,Apparel,1,2169.11,2169.11
TXN108825,2024-04-23,CUST0676,East,Home & Living,1,7656.9,7656.9
TXN112358,2024-04-23,CUST0510,West,Grocery,1,1128.72,1128.72
TXN114660,2024-04-23,CUST0359,West,Apparel,1,8026.91,8026.91
TXN106129,2024-04-23,CUST0439,Central,Apparel,1,981.71,981.71
TXN104169,2024-04-23,CUST0735,South,Apparel,1,2904.92,2904.92
TXN102492,2024-04-23,CUST0390,West,Apparel,1,2573.9,2573.9
TXN111559,2024-04-23,CUST0118,Central,Grocery,1,540.44,540.44
TXN113466,2024-04-23,CUST0027,South,Grocery,1,385.18,385.18
TXN100449,2024-04-23,CUST0070,Central,Grocery,1,1567.35,1567.35
TXN110623,2024-04-23,CUST0395,North,Apparel,2,2799.89,5599.78
TXN114791,2024-04-23,CUST0248,North,Home & Living,1,2117.39,2117.39
TXN101972,2024-04-23,CUST0675,South,Electronics,1,20423.67,20423.67
TXN102445,2024-04-23,CUST0350,West,Grocery,1,615.58,615.58
TXN113117,2024-04-23,CUST0720,Central,Grocery,1,799.07,799.07
TXN107796,2024-04-23,CUST0008,Central,Grocery,1,266.86,266.86
TXN114845,2024-04-23,CUST0753,West,Grocery,1,1019.25,1019.25
TXN105612,2024-04-23,CUST0219,Central,Beauty,1,2510.77,2510.77
TXN101502,2024-04-23,CUST0736,North,Grocery,1,642.36,642.36
TXN106628,2024-04-24,CUST0473,West,Beauty,1,1849.92,1849.92
TXN104214,2024-04-24,CUST0056,North,Grocery,3,1607.58,4822.75
TXN104056,2024-04-24,CUST0532,West,Electronics,2,24417.89,48835.77
TXN113111,2024-04-24,CUST0046,South,Electronics,1,27507.3,27507.3
TXN102637,2024-04-24,CUST0607,West,Electronics,1,21593.48,21593.48
TXN111115,2024-04-24,CUST0095,East,Apparel,2,2031.93,4063.85
TXN109125,2024-04-24,CUST0316,East,Grocery,1,1103.25,1103.25
TXN101964,2024-04-24,CUST0373,East,Beauty,1,1326.88,1326.88
TXN101447,2024-04-24,CUST0274,North,Electronics,1,57456.32,57456.32
TXN113660,2024-04-24,CUST0525,Central,Grocery,1,994.81,994.81
TXN102872,2024-04-24,CUST0177,East,Home & Living,1,2589.55,2589.55
TXN114066,2024-04-24,CUST0440,North,Beauty,2,2012.61,4025.22
TXN102252,2024-04-24,CUST0488,South,Beauty,1,690.95,690.95
TXN104964,2024-04-24,CUST0129,East,Grocery,1,223.17,223.17
TXN110647,2024-04-24,CUST0089,North,Home & Living,2,12091.46,24182.92
TXN107843,2024-04-24,CUST0305,Central,Apparel,1,1556.3,1556.3
TXN100936,2024-04-24,CUST0579,South,Electronics,1,6442.78,6442.78
TXN107251,2024-04-24,CUST0384,Central,Home & Living,1,4708.17,4708.17
TXN103276,2024-04-24,CUST0479,North,Apparel,1,4954.74,4954.74
TXN100846,2024-04-25,CUST0212,Central,Electronics,1,8814.59,8814.59
TXN106713,2024-04-25,CUST0482,West,Electronics,2,42401.66,84803.32
TXN100910,2024-04-25,CUST0053,North,Beauty,1,718.37,718.37
TXN102387,2024-04-25,CUST0367,West,Electronics,1,24185.74,24185.74
TXN108099,2024-04-25,CUST0646,North,Home & Living,1,12016.17,12016.17
TXN103960,2024-04-25,CUST0270,South,Home & Living,2,4234.22,8468.44
TXN109039,2024-04-25,CUST0218,East,Apparel,1,4368.37,4368.37
TXN105256,2024-04-25,CUST0499,East,Apparel,1,2701.34,2701.34
TXN108668,2024-04-25,CUST0249,West,Grocery,1,1516.65,1516.65
TXN101110,2024-04-25,CUST0613,North,Grocery,1,1045.87,1045.87
TXN108235,2024-04-25,CUST0012,West,Apparel,1,7843.91,7843.91
TXN106454,2024-04-25,CUST0638,West,Home & Living,1,456.51,456.51
TXN111618,2024-04-26,CUST0675,South,Apparel,1,2154.36,2154.36
TXN104917,2024-04-26,CUST0570,North,Electronics,2,16338.82,32677.63
TXN114625,2024-04-26,CUST0759,West,Grocery,1,1597.69,1597.69
TXN107040,2024-04-26,CUST0662,East,Home & Living,2,10651.16,21302.32
TXN104382,2024-04-26,CUST0772,North,Apparel,1,728.25,728.25
TXN114632,2024-04-26,CUST0564,East,Home & Living,3,4870.85,14612.56
TXN109233,2024-04-26,CUST0208,West,Home & Living,1,4879.32,4879.32
TXN112984,2024-04-26,CUST0616,Central,Grocery,1,421.64,421.64
TXN102361,2024-04-26,CUST0315,East,Apparel,1,2347.85,2347.85
TXN112419,2024-04-26,CUST0123,Central,Apparel,2,2746.45,5492.9
TXN107155,2024-04-26,CUST0685,South,Home & Living,1,9282.08,9282.08
TXN104542,2024-04-26,CUST0092,West,Grocery,1,239.91,239.91
TXN113284,2024-04-26,CUST0341,West,Beauty,1,1841.25,1841.25
TXN105746,2024-04-26,CUST0368,East,Electronics,1,56916.99,56916.99
TXN111500,2024-04-26,CUST0174,North,Apparel,1,2238.54,2238.54
TXN109914,2024-04-26,CUST0579,South,Apparel,1,1089.69,1089.69
TXN100048,2024-04-26,CUST0619,South,Electronics,1,38569.7,38569.7
TXN100437,2024-04-26,CUST0126,North,Grocery,1,406.08,406.08
TXN110116,2024-04-26,CUST0063,East,Apparel,1,1324.04,1324.04
TXN102087,2024-04-26,CUST0311,West,Electronics,1,20834.41,20834.41
TXN112001,2024-04-26,CUST0166,South,Apparel,1,3345.91,3345.91
TXN111030,2024-04-27,CUST0397,Central,Grocery,1,297.36,297.36
TXN102409,2024-04-27,CUST0051,North,Home & Living,1,3307.46,3307.46
TXN110901,2024-04-27,CUST0012,West,Grocery,2,856.16,1712.31
TXN114176,2024-04-27,CUST0738,West,Apparel,2,2719.5,5439.01
TXN106469,2024-04-27,CUST0460,East,Home & Living,1,3942.13,3942.13
TXN106429,2024-04-27,CUST0645,West,Home & Living,1,3428.4,3428.4
TXN110007,2024-04-27,CUST0140,East,Apparel,1,7736.62,7736.62
TXN112484,2024-04-27,CUST0156,South,Home & Living,1,4383.68,4383.68
TXN102048,2024-04-27,CUST0477,North,Apparel,1,2896.83,2896.83
TXN108095,2024-04-27,CUST0446,East,Grocery,1,269.75,269.75
TXN113471,2024-04-27,CUST0188,South,Apparel,1,833.72,833.72
TXN111571,2024-04-27,CUST0356,West,Grocery,1,191.63,191.63
TXN114885,2024-04-27,CUST0510,West,Apparel,1,1888.29,1888.29
TXN110721,2024-04-27,CUST0780,East,Grocery,1,313.94,313.94
TXN105445,2024-04-28,CUST0306,North,Electronics,2,13077.92,26155.85
TXN111112,2024-04-28,CUST0521,North,Apparel,1,3758.94,3758.94
TXN113918,2024-04-28,CUST0379,West,Grocery,3,356.39,1069.18
TXN100611,2024-04-28,CUST0643,East,Home & Living,2,3954.16,7908.33
TXN101127,2024-04-28,CUST0192,West,Apparel,1,5999.71,5999.71
TXN100476,2024-04-28,CUST0198,North,Apparel,1,7437.8,7437.8
TXN108535,2024-04-28,CUST0012,West,Apparel,1,5835.17,5835.17
TXN102186,2024-04-28,CUST0465,North,Apparel,2,6998.73,13997.46
TXN106217,2024-04-28,CUST0756,North,Grocery,1,342.33,342.33
TXN103457,2024-04-28,CUST0227,West,Electronics,2,18424.8,36849.6
TXN100196,2024-04-28,CUST0560,East,Apparel,1,2909.03,2909.03
TXN110772,2024-04-28,CUST0295,North,Apparel,1,2604.12,2604.12
TXN101845,2024-04-28,CUST0512,Central,Grocery,1,466.1,466.1
TXN110031,2024-04-28,CUST0733,West,Grocery,3,1015.07,3045.2
TXN112211,2024-04-28,CUST0008,Central,Electronics,3,7415.44,22246.32
TXN112196,2024-04-28,CUST0776,North,Apparel,2,1900.9,3801.79
TXN110735,2024-04-28,CUST0089,North,Apparel,1,2338.22,2338.22
TXN112132,2024-04-28,CUST0768,North,Home & Living,1,6041.94,6041.94
TXN104170,2024-04-29,CUST0501,North,Grocery,1,639.62,639.62
TXN100879,2024-04-29,CUST0631,South,Apparel,1,1992.54,1992.54
TXN112997,2024-04-29,CUST0796,East,Home & Living,1,11977.17,11977.17
TXN112999,2024-04-29,CUST0796,East,Apparel,1,5908.7,5908.7
TXN105284,2024-04-29,CUST0759,West,Grocery,1,235.47,235.47
TXN101756,2024-04-29,CUST0544,West,Electronics,2,25088.38,50176.76
TXN106722,2024-04-29,CUST0175,North,Electronics,1,23117.48,23117.48
TXN107106,2024-04-29,CUST0582,South,Apparel,1,3768.64,3768.64
TXN108292,2024-04-29,CUST0648,West,Grocery,1,1070.33,1070.33
TXN112589,2024-04-29,CUST0499,East,Home & Living,1,12485.91,12485.91
TXN106465,2024-04-29,CUST0012,West,Apparel,1,8029.6,8029.6
TXN111698,2024-04-29,CUST0276,South,Beauty,1,1345.22,1345.22
TXN113437,2024-04-29,CUST0384,Central,Home & Living,1,13020.19,13020.19
TXN107144,2024-04-29,CUST0414,West,Grocery,1,525.79,525.79
TXN113346,2024-04-29,CUST0044,Central,Home & Living,1,13323.81,13323.81
TXN107004,2024-04-29,CUST0367,West,Apparel,1,7412.12,7412.12
TXN101656,2024-04-29,CUST0541,North,Beauty,1,4030.65,4030.65
TXN111146,2024-04-29,CUST0076,North,Electronics,1,19053.3,19053.3
TXN102663,2024-04-29,CUST0311,West,Grocery,1,715.04,715.04
TXN114368,2024-04-29,CUST0306,North,Apparel,1,5385.5,5385.5
TXN107432,2024-04-29,CUST0288,North,Electronics,1,21935.05,21935.05
TXN109412,2024-04-29,CUST0772,North,Apparel,1,3540.6,3540.6
TXN111798,2024-04-29,CUST0040,East,Beauty,1,1817.77,1817.77
TXN100030,2024-04-29,CUST0595,South,Apparel,1,3620.55,3620.55
TXN114589,2024-04-29,CUST0509,South,Grocery,2,485.67,971.34
TXN112901,2024-04-29,CUST0725,South,Beauty,1,2167.55,2167.55
TXN111302,2024-04-30,CUST0035,South,Grocery,2,1655.71,3311.42
TXN102962,2024-04-30,CUST0709,East,Electronics,1,13710.36,13710.36
TXN114212,2024-04-30,CUST0485,South,Grocery,1,629.56,629.56
TXN107798,2024-04-30,CUST0396,West,Apparel,1,4560.44,4560.44
TXN104007,2024-04-30,CUST0718,Central,Apparel,1,6369.48,6369.48
TXN102806,2024-04-30,CUST0763,West,Electronics,1,26025.17,26025.17
TXN106258,2024-04-30,CUST0116,South,Grocery,1,302.97,302.97
TXN113515,2024-04-30,CUST0662,East,Grocery,1,2007.99,2007.99
TXN100061,2024-04-30,CUST0414,West,Electronics,2,25607.69,51215.37
TXN110761,2024-04-30,CUST0267,North,Apparel,1,2527.03,2527.03
TXN114897,2024-04-30,CUST0105,South,Home & Living,1,8241.09,8241.09
TXN106432,2024-04-30,CUST0200,South,Beauty,1,2077.88,2077.88
TXN107207,2024-04-30,CUST0609,East,Apparel,1,1707.06,1707.06
TXN109299,2024-04-30,CUST0249,West,Electronics,2,25083.29,50166.57
TXN109025,2024-04-30,CUST0514,West,Grocery,1,555.23,555.23
TXN103603,2024-04-30,CUST0561,Central,Apparel,2,3173.5,6347.0
TXN106610,2024-04-30,CUST0145,North,Apparel,1,2416.68,2416.68
TXN100860,2024-04-30,CUST0797,North,Electronics,1,49464.3,49464.3
TXN103049,2024-04-30,CUST0141,North,Electronics,1,20796.96,20796.96
TXN101638,2024-05-01,CUST0489,North,Beauty,2,2256.47,4512.93
TXN110559,2024-05-01,CUST0128,East,Electronics,1,34219.92,34219.92
TXN108870,2024-05-01,CUST0462,West,Grocery,1,139.29,139.29
TXN106810,2024-05-01,CUST0366,West,Home & Living,1,3902.07,3902.07
TXN101891,2024-05-01,CUST0484,North,Grocery,1,449.94,449.94
TXN100826,2024-05-01,CUST0099,North,Home & Living,2,3219.39,6438.77
TXN104301,2024-05-01,CUST0439,Central,Beauty,1,2854.62,2854.62
TXN101698,2024-05-01,CUST0301,North,Apparel,1,630.53,630.53
TXN100843,2024-05-01,CUST0670,West,Apparel,1,2091.1,2091.1
TXN111565,2024-05-01,CUST0045,North,Home & Living,2,5361.62,10723.23
TXN105208,2024-05-01,CUST0265,South,Apparel,1,1664.93,1664.93
TXN100195,2024-05-01,CUST0071,South,Apparel,2,2298.89,4597.77
TXN107847,2024-05-01,CUST0560,East,Apparel,1,1308.0,1308.0
TXN107893,2024-05-01,CUST0151,East,Apparel,1,1352.78,1352.78
TXN107928,2024-05-01,CUST0796,East,Home & Living,2,11624.69,23249.38
TXN110194,2024-05-01,CUST0384,Central,Home & Living,1,11382.55,11382.55
TXN100526,2024-05-01,CUST0502,Central,Grocery,1,53.55,53.55
TXN114721,2024-05-01,CUST0733,West,Apparel,1,1103.68,1103.68
TXN100549,2024-05-01,CUST0663,North,Home & Living,1,6393.27,6393.27
TXN105634,2024-05-01,CUST0268,North,Apparel,2,3671.14,7342.27
TXN101450,2024-05-01,CUST0174,North,Electronics,3,23914.12,71742.37
TXN102654,2024-05-01,CUST0136,North,Home & Living,1,2267.94,2267.94
TXN112830,2024-05-01,CUST0799,North,Electronics,2,22510.01,45020.02
TXN109207,2024-05-01,CUST0297,North,Electronics,1,28301.42,28301.42
TXN109217,2024-05-01,CUST0548,South,Apparel,1,1722.02,1722.02
TXN112948,2024-05-01,CUST0455,West,Grocery,1,274.69,274.69
TXN112595,2024-05-01,CUST0056,North,Home & Living,1,6129.99,6129.99
TXN103847,2024-05-01,CUST0492,North,Apparel,1,2393.46,2393.46
TXN103856,2024-05-01,CUST0291,Central,Electronics,2,14521.26,29042.52
TXN113109,2024-05-01,CUST0050,East,Grocery,1,709.15,709.15
TXN101369,2024-05-02,CUST0402,North,Apparel,1,7754.42,7754.42
TXN101676,2024-05-02,CUST0677,West,Grocery,1,598.91,598.91
TXN104755,2024-05-02,CUST0779,East,Beauty,1,472.19,472.19
TXN114310,2024-05-02,CUST0751,Central,Electronics,1,18215.3,18215.3
TXN110935,2024-05-02,CUST0468,South,Apparel,1,1237.2,1237.2
TXN101381,2024-05-02,CUST0194,East,Home & Living,2,641.32,1282.64
TXN105279,2024-05-02,CUST0218,East,Apparel,2,732.1,1464.21
TXN100883,2024-05-02,CUST0123,Central,Beauty,2,905.95,1811.9
TXN112370,2024-05-02,CUST0173,West,Beauty,3,1930.65,5791.96
TXN111244,2024-05-02,CUST0367,West,Electronics,1,41202.21,41202.21
TXN100102,2024-05-02,CUST0249,West,Beauty,1,2636.29,2636.29
TXN101294,2024-05-02,CUST0127,North,Home & Living,1,6170.91,6170.91
TXN111953,2024-05-02,CUST0183,North,Apparel,1,2873.32,2873.32
TXN102450,2024-05-02,CUST0752,East,Electronics,2,77434.02,154868.03
TXN105815,2024-05-02,CUST0439,Central,Apparel,2,2683.93,5367.86
TXN109594,2024-05-02,CUST0111,East,Electronics,1,30403.56,30403.56
TXN112513,2024-05-02,CUST0438,South,Grocery,2,999.81,1999.63
TXN113862,2024-05-02,CUST0293,East,Beauty,1,388.97,388.97
TXN113905,2024-05-02,CUST0678,West,Grocery,1,667.08,667.08
TXN100594,2024-05-02,CUST0094,South,Electronics,1,38823.82,38823.82
TXN107673,2024-05-02,CUST0306,North,Home & Living,1,9895.94,9895.94
TXN107601,2024-05-02,CUST0362,North,Apparel,1,3929.67,3929.67
TXN103426,2024-05-02,CUST0212,Central,Electronics,1,26372.78,26372.78
TXN112869,2024-05-02,CUST0182,West,Apparel,1,2636.97,2636.97
TXN101970,2024-05-03,CUST0250,North,Home & Living,3,6623.49,19870.48
TXN108996,2024-05-03,CUST0442,West,Grocery,1,1238.65,1238.65
TXN109137,2024-05-03,CUST0396,West,Electronics,2,46091.01,92182.02
TXN106224,2024-05-03,CUST0367,West,Home & Living,3,4220.3,12660.9
TXN104515,2024-05-03,CUST0550,North,Electronics,1,31809.27,31809.27
TXN111817,2024-05-03,CUST0771,East,Electronics,1,14072.37,14072.37
TXN107031,2024-05-03,CUST0185,West,Grocery,1,458.09,458.09
TXN103573,2024-05-03,CUST0033,North,Apparel,1,1895.24,1895.24
TXN109107,2024-05-03,CUST0435,East,Electronics,1,23485.24,23485.24
TXN102263,2024-05-03,CUST0208,West,Electronics,1,2879.89,2879.89
TXN109858,2024-05-03,CUST0727,South,Grocery,1,449.38,449.38
TXN114733,2024-05-03,CUST0748,East,Electronics,1,8126.88,8126.88
TXN112461,2024-05-03,CUST0778,East,Grocery,1,66.95,66.95
TXN111081,2024-05-03,CUST0585,East,Apparel,1,415.54,415.54
TXN112641,2024-05-03,CUST0716,North,Home & Living,1,9552.51,9552.51
TXN104361,2024-05-03,CUST0760,Central,Electronics,1,22882.81,22882.81
TXN105800,2024-05-04,CUST0054,Central,Grocery,1,2110.86,2110.86
TXN114021,2024-05-04,CUST0676,East,Home & Living,1,10276.55,10276.55
TXN108173,2024-05-04,CUST0343,East,Home & Living,1,1087.06,1087.06
TXN114037,2024-05-04,CUST0081,North,Apparel,1,2380.72,2380.72
TXN102695,2024-05-04,CUST0242,West,Home & Living,1,4671.62,4671.62
TXN111247,2024-05-04,CUST0713,Central,Home & Living,1,1232.85,1232.85
TXN112866,2024-05-04,CUST0249,West,Grocery,1,690.12,690.12
TXN114951,2024-05-04,CUST0306,North,Electronics,1,45350.79,45350.79
TXN113648,2024-05-04,CUST0635,North,Home & Living,1,2137.96,2137.96
TXN102658,2024-05-04,CUST0280,Central,Grocery,1,411.76,411.76
TXN111882,2024-05-04,CUST0490,North,Electronics,1,21057.76,21057.76
TXN104395,2024-05-04,CUST0536,East,Grocery,1,1337.59,1337.59
TXN109928,2024-05-04,CUST0447,North,Beauty,1,4767.75,4767.75
TXN114373,2024-05-04,CUST0412,South,Apparel,1,5942.58,5942.58
TXN104075,2024-05-04,CUST0031,North,Beauty,2,337.36,674.72
TXN105320,2024-05-04,CUST0752,East,Home & Living,1,10406.28,10406.28
TXN104795,2024-05-05,CUST0228,West,Grocery,2,450.15,900.29
TXN111304,2024-05-05,CUST0693,North,Grocery,1,144.5,144.5
TXN114965,2024-05-05,CUST0731,South,Home & Living,1,2894.75,2894.75
TXN106017,2024-05-05,CUST0582,South,Apparel,2,6266.43,12532.86
TXN102876,2024-05-05,CUST0339,South,Home & Living,1,664.14,664.14
TXN109265,2024-05-05,CUST0780,East,Beauty,1,768.56,768.56
TXN107722,2024-05-05,CUST0489,North,Electronics,1,54322.5,54322.5
TXN103471,2024-05-05,CUST0580,East,Apparel,1,2921.16,2921.16
TXN110418,2024-05-05,CUST0146,North,Home & Living,1,3953.15,3953.15
TXN106503,2024-05-05,CUST0043,North,Apparel,1,1864.0,1864.0
TXN114649,2024-05-05,CUST0040,East,Apparel,1,1697.61,1697.61
TXN102520,2024-05-05,CUST0241,East,Electronics,3,42484.09,127452.28
TXN101263,2024-05-05,CUST0469,East,Grocery,2,794.07,1588.14
TXN114720,2024-05-05,CUST0712,West,Electronics,3,34794.48,104383.44
TXN112330,2024-05-05,CUST0281,West,Home & Living,1,2019.31,2019.31
TXN109668,2024-05-06,CUST0751,Central,Electronics,1,13993.48,13993.48
TXN108024,2024-05-06,CUST0310,North,Beauty,1,964.53,964.53
TXN108548,2024-05-06,CUST0687,South,Electronics,1,16994.83,16994.83
TXN111898,2024-05-06,CUST0296,North,Apparel,1,2226.44,2226.44
TXN106707,2024-05-06,CUST0267,North,Home & Living,1,2192.35,2192.35
TXN113990,2024-05-06,CUST0518,West,Beauty,1,169.07,169.07
TXN100957,2024-05-06,CUST0243,South,Home & Living,1,4199.05,4199.05
TXN101841,2024-05-06,CUST0425,South,Home & Living,1,2457.9,2457.9
TXN112085,2024-05-06,CUST0151,East,Grocery,2,1271.26,2542.52
TXN111649,2024-05-06,CUST0394,East,Home & Living,1,6439.25,6439.25
TXN107454,2024-05-06,CUST0464,South,Grocery,1,686.02,686.02
TXN104580,2024-05-06,CUST0475,South,Apparel,1,861.74,861.74
TXN112546,2024-05-06,CUST0519,North,Grocery,1,191.74,191.74
TXN113037,2024-05-06,CUST0328,South,Electronics,1,9481.41,9481.41
TXN110061,2024-05-06,CUST0800,Central,Home & Living,1,8363.89,8363.89
TXN105568,2024-05-07,CUST0215,West,Apparel,1,2987.85,2987.85
TXN100753,2024-05-07,CUST0705,South,Grocery,1,303.45,303.45
TXN103290,2024-05-07,CUST0253,Central,Electronics,1,22097.39,22097.39
TXN101670,2024-05-07,CUST0206,East,Electronics,1,4556.47,4556.47
TXN107394,2024-05-07,CUST0242,West,Beauty,2,2935.85,5871.69
TXN106081,2024-05-07,CUST0428,North,Electronics,1,79596.16,79596.16
TXN113563,2024-05-07,CUST0400,North,Grocery,1,254.86,254.86
TXN106774,2024-05-07,CUST0468,South,Grocery,2,318.26,636.52
TXN114454,2024-05-07,CUST0676,East,Apparel,1,7085.14,7085.14
TXN110345,2024-05-07,CUST0662,East,Apparel,2,7109.77,14219.53
TXN104337,2024-05-07,CUST0179,South,Grocery,1,305.45,305.45
TXN111608,2024-05-07,CUST0122,South,Grocery,1,1142.81,1142.81
TXN113384,2024-05-07,CUST0599,East,Grocery,1,275.17,275.17
TXN109082,2024-05-08,CUST0201,North,Grocery,2,1080.32,2160.64
TXN101086,2024-05-08,CUST0106,Central,Home & Living,2,3066.1,6132.2
TXN109981,2024-05-08,CUST0204,West,Electronics,1,31241.27,31241.27
TXN114215,2024-05-08,CUST0533,North,Grocery,2,645.34,1290.68
TXN106131,2024-05-08,CUST0119,West,Apparel,1,3878.33,3878.33
TXN108445,2024-05-08,CUST0490,North,Grocery,2,1887.45,3774.89
TXN102991,2024-05-08,CUST0175,North,Apparel,1,3602.39,3602.39
TXN109311,2024-05-08,CUST0513,East,Grocery,1,1973.68,1973.68
TXN104409,2024-05-08,CUST0205,West,Home & Living,1,7326.07,7326.07
TXN111222,2024-05-08,CUST0121,West,Beauty,1,2935.24,2935.24
TXN108944,2024-05-08,CUST0728,South,Grocery,1,89.82,89.82
TXN112495,2024-05-08,CUST0563,East,Home & Living,1,2732.28,2732.28
TXN101758,2024-05-08,CUST0659,North,Electronics,1,8103.7,8103.7
TXN100851,2024-05-08,CUST0778,East,Electronics,1,16354.39,16354.39
TXN111494,2024-05-08,CUST0729,West,Electronics,1,27058.66,27058.66
TXN109424,2024-05-08,CUST0375,East,Home & Living,1,4516.99,4516.99
TXN110728,2024-05-08,CUST0734,North,Home & Living,1,2303.81,2303.81
TXN113728,2024-05-08,CUST0786,North,Home & Living,3,7117.3,21351.91
TXN103695,2024-05-08,CUST0115,East,Electronics,1,14089.83,14089.83
TXN101850,2024-05-09,CUST0368,East,Apparel,1,3494.31,3494.31
TXN109419,2024-05-09,CUST0767,East,Grocery,1,1087.17,1087.17
TXN113958,2024-05-09,CUST0741,West,Electronics,1,18601.31,18601.31
TXN100065,2024-05-09,CUST0683,East,Grocery,1,737.69,737.69
TXN107753,2024-05-09,CUST0170,South,Electronics,1,25095.99,25095.99
TXN101990,2024-05-09,CUST0766,South,Grocery,1,876.53,876.53
TXN100301,2024-05-09,CUST0004,East,Electronics,1,39303.43,39303.43
TXN106591,2024-05-09,CUST0317,North,Electronics,1,18305.56,18305.56
TXN110188,2024-05-09,CUST0352,West,Electronics,1,33323.46,33323.46
TXN103151,2024-05-09,CUST0363,South,Home & Living,1,1574.66,1574.66
TXN111758,2024-05-09,CUST0704,South,Electronics,2,25069.65,50139.29
TXN107188,2024-05-09,CUST0074,South,Home & Living,1,5058.38,5058.38
TXN103246,2024-05-09,CUST0761,South,Grocery,2,258.21,516.42
TXN114723,2024-05-09,CUST0613,North,Apparel,1,2426.82,2426.82
TXN107254,2024-05-10,CUST0391,North,Electronics,3,35036.19,105108.57
TXN110521,2024-05-10,CUST0368,East,Apparel,1,3244.5,3244.5
TXN102619,2024-05-10,CUST0205,West,Apparel,2,2418.83,4837.65
TXN108157,2024-05-10,CUST0797,North,Electronics,1,57960.95,57960.95
TXN105542,2024-05-10,CUST0615,East,Grocery,1,650.47,650.47
TXN113392,2024-05-10,CUST0197,Central,Home & Living,1,7795.25,7795.25
TXN107524,2024-05-10,CUST0315,East,Electronics,1,18399.81,18399.81
TXN114092,2024-05-10,CUST0428,North,Grocery,2,1955.32,3910.65
TXN105060,2024-05-10,CUST0462,West,Apparel,1,4266.0,4266.0
TXN111628,2024-05-10,CUST0092,West,Apparel,2,806.99,1613.97
TXN111851,2024-05-10,CUST0476,North,Grocery,1,1428.43,1428.43
TXN105037,2024-05-10,CUST0472,West,Apparel,2,7973.82,15947.63
TXN110763,2024-05-10,CUST0044,Central,Apparel,1,4923.55,4923.55
TXN100993,2024-05-10,CUST0418,West,Home & Living,1,5115.59,5115.59
TXN110174,2024-05-10,CUST0794,North,Grocery,1,703.06,703.06
TXN105737,2024-05-10,CUST0220,North,Home & Living,1,7933.89,7933.89
TXN106414,2024-05-10,CUST0532,West,Home & Living,1,6624.69,6624.69
TXN109866,2024-05-10,CUST0114,South,Electronics,1,32616.61,32616.61
TXN114472,2024-05-10,CUST0776,North,Home & Living,1,4511.89,4511.89
TXN107832,2024-05-10,CUST0548,South,Apparel,1,4166.26,4166.26
TXN112635,2024-05-10,CUST0786,North,Beauty,1,4712.95,4712.95
TXN108705,2024-05-10,CUST0569,North,Electronics,1,55083.93,55083.93
TXN101509,2024-05-10,CUST0489,North,Electronics,1,56707.5,56707.5
TXN104931,2024-05-10,CUST0724,North,Electronics,1,36660.32,36660.32
TXN112487,2024-05-10,CUST0230,West,Home & Living,1,4475.71,4475.71
TXN106220,2024-05-10,CUST0280,Central,Apparel,1,2376.65,2376.65
TXN105695,2024-05-10,CUST0787,West,Grocery,1,597.79,597.79
TXN105062,2024-05-11,CUST0274,North,Grocery,1,1719.14,1719.14
TXN104824,2024-05-11,CUST0358,Central,Electronics,1,10909.6,10909.6
TXN107450,2024-05-11,CUST0655,North,Grocery,1,624.77,624.77
TXN110820,2024-05-11,CUST0787,West,Electronics,1,27201.86,27201.86
TXN106088,2024-05-11,CUST0247,North,Apparel,1,1924.39,1924.39
TXN107668,2024-05-11,CUST0122,South,Apparel,1,7507.29,7507.29
TXN106714,2024-05-11,CUST0318,West,Grocery,1,237.88,237.88
TXN110654,2024-05-11,CUST0633,South,Home & Living,1,5090.23,5090.23
TXN103235,2024-05-11,CUST0073,East,Electronics,1,27023.61,27023.61
TXN109112,2024-05-11,CUST0756,North,Grocery,1,461.82,461.82
TXN103238,2024-05-11,CUST0035,South,Grocery,3,1398.65,4195.96
TXN102707,2024-05-11,CUST0500,West,Grocery,1,641.65,641.65
TXN107852,2024-05-11,CUST0122,South,Home & Living,3,10361.07,31083.21
TXN106745,2024-05-11,CUST0592,North,Beauty,1,1263.55,1263.55
TXN110614,2024-05-11,CUST0503,North,Apparel,2,2532.51,5065.03
TXN112016,2024-05-11,CUST0093,West,Grocery,2,252.13,504.26
TXN101936,2024-05-11,CUST0209,North,Apparel,1,676.66,676.66
TXN101719,2024-05-11,CUST0613,North,Grocery,1,323.36,323.36
TXN113763,2024-05-11,CUST0070,Central,Home & Living,1,10120.81,10120.81
TXN101974,2024-05-11,CUST0717,East,Apparel,1,3670.37,3670.37
TXN102256,2024-05-11,CUST0280,Central,Grocery,1,231.49,231.49
TXN105662,2024-05-12,CUST0526,South,Beauty,2,1049.19,2098.38
TXN105204,2024-05-12,CUST0355,East,Apparel,1,2106.35,2106.35
TXN112339,2024-05-12,CUST0690,South,Electronics,2,27875.24,55750.47
TXN108341,2024-05-12,CUST0047,North,Beauty,1,1851.97,1851.97
TXN108041,2024-05-12,CUST0406,West,Home & Living,1,12527.04,12527.04
TXN110236,2024-05-12,CUST0472,West,Apparel,2,1364.45,2728.91
TXN107544,2024-05-12,CUST0576,West,Beauty,1,1967.5,1967.5
TXN104508,2024-05-12,CUST0164,South,Grocery,1,401.92,401.92
TXN112494,2024-05-12,CUST0542,South,Electronics,3,11758.23,35274.7
TXN106582,2024-05-12,CUST0056,North,Home & Living,2,2148.16,4296.32
TXN111176,2024-05-12,CUST0150,East,Apparel,1,2731.05,2731.05
TXN105437,2024-05-12,CUST0366,West,Grocery,1,257.45,257.45
TXN102501,2024-05-12,CUST0348,East,Electronics,1,16864.44,16864.44
TXN109113,2024-05-12,CUST0600,West,Home & Living,2,4654.57,9309.14
TXN100798,2024-05-12,CUST0509,South,Grocery,1,1696.03,1696.03
TXN103971,2024-05-12,CUST0054,Central,Beauty,1,280.39,280.39
TXN104585,2024-05-12,CUST0640,East,Electronics,1,2451.47,2451.47
TXN105469,2024-05-12,CUST0154,Central,Home & Living,1,5419.86,5419.86
TXN104155,2024-05-13,CUST0306,North,Electronics,1,4507.16,4507.16
TXN103347,2024-05-13,CUST0581,North,Apparel,2,2106.71,4213.42
TXN102842,2024-05-13,CUST0188,South,Electronics,3,22574.75,67724.25
TXN100321,2024-05-13,CUST0002,North,Grocery,1,2100.12,2100.12
TXN108858,2024-05-13,CUST0017,East,Apparel,1,596.58,596.58
TXN101211,2024-05-13,CUST0507,West,Home & Living,1,1322.0,1322.0
TXN105447,2024-05-13,CUST0017,East,Electronics,1,19608.37,19608.37
TXN105446,2024-05-13,CUST0573,West,Apparel,1,907.38,907.38
TXN100356,2024-05-13,CUST0508,West,Apparel,1,3010.66,3010.66
TXN107284,2024-05-13,CUST0647,West,Apparel,1,4430.35,4430.35
TXN107691,2024-05-13,CUST0444,West,Grocery,1,54.82,54.82
TXN114196,2024-05-13,CUST0290,North,Beauty,1,2511.72,2511.72
TXN113861,2024-05-13,CUST0654,East,Apparel,1,2034.47,2034.47
TXN100812,2024-05-13,CUST0395,North,Electronics,1,18603.0,18603.0
TXN113890,2024-05-13,CUST0404,South,Electronics,1,37197.39,37197.39
TXN108189,2024-05-13,CUST0016,East,Electronics,1,25857.41,25857.41
TXN112148,2024-05-13,CUST0573,West,Electronics,1,8386.43,8386.43
TXN114106,2024-05-13,CUST0339,South,Apparel,2,1311.65,2623.31
TXN113446,2024-05-13,CUST0119,West,Electronics,1,27430.86,27430.86
TXN111133,2024-05-13,CUST0143,East,Apparel,1,1620.52,1620.52
TXN109047,2024-05-14,CUST0679,West,Home & Living,1,10696.96,10696.96
TXN101588,2024-05-14,CUST0663,North,Apparel,1,4076.38,4076.38
TXN114260,2024-05-14,CUST0070,Central,Grocery,1,1053.11,1053.11
TXN114620,2024-05-14,CUST0689,South,Grocery,1,666.83,666.83
TXN107625,2024-05-14,CUST0747,West,Apparel,1,1693.26,1693.26
TXN114929,2024-05-14,CUST0772,North,Home & Living,1,6613.73,6613.73
TXN105793,2024-05-14,CUST0433,North,Apparel,1,3800.87,3800.87
TXN104538,2024-05-14,CUST0505,West,Apparel,1,4196.26,4196.26
TXN100332,2024-05-14,CUST0451,West,Beauty,1,2138.25,2138.25
TXN102992,2024-05-14,CUST0408,South,Home & Living,1,5339.48,5339.48
TXN104649,2024-05-14,CUST0071,South,Beauty,1,778.35,778.35
TXN107677,2024-05-14,CUST0438,South,Home & Living,1,690.19,690.19
TXN103364,2024-05-14,CUST0392,East,Beauty,3,1842.33,5526.99
TXN101159,2024-05-14,CUST0053,North,Apparel,1,3895.22,3895.22
TXN107479,2024-05-14,CUST0173,West,Grocery,1,444.04,444.04
TXN106211,2024-05-14,CUST0051,North,Grocery,2,754.65,1509.29
TXN110754,2024-05-15,CUST0433,North,Beauty,1,2858.28,2858.28
TXN102900,2024-05-15,CUST0479,North,Apparel,1,5730.82,5730.82
TXN101790,2024-05-15,CUST0258,South,Apparel,1,4017.05,4017.05
TXN112232,2024-05-15,CUST0537,North,Beauty,1,597.37,597.37
TXN107190,2024-05-15,CUST0721,North,Grocery,1,624.23,624.23
TXN106953,2024-05-15,CUST0333,North,Electronics,2,30215.56,60431.12
TXN100374,2024-05-15,CUST0243,South,Electronics,1,53400.36,53400.36
TXN101126,2024-05-15,CUST0054,Central,Apparel,1,7977.14,7977.14
TXN113781,2024-05-15,CUST0257,West,Apparel,1,3123.57,3123.57
TXN110199,2024-05-15,CUST0317,North,Apparel,1,975.7,975.7
TXN111260,2024-05-15,CUST0265,South,Grocery,2,1574.05,3148.1
TXN105553,2024-05-15,CUST0717,East,Home & Living,1,604.14,604.14
TXN111830,2024-05-15,CUST0091,West,Apparel,1,1147.78,1147.78
TXN102625,2024-05-15,CUST0574,South,Apparel,1,551.47,551.47
TXN103476,2024-05-15,CUST0489,North,Apparel,2,3815.33,7630.66
TXN101326,2024-05-16,CUST0646,North,Home & Living,1,6198.34,6198.34
TXN100334,2024-05-16,CUST0532,West,Electronics,2,17649.41,35298.83
TXN100326,2024-05-16,CUST0472,West,Apparel,1,5039.46,5039.46
TXN111448,2024-05-16,CUST0790,West,Beauty,1,5275.3,5275.3
TXN111914,2024-05-16,CUST0041,North,Grocery,1,728.88,728.88
TXN109553,2024-05-16,CUST0337,West,Grocery,1,405.51,405.51
TXN111659,2024-05-16,CUST0155,South,Electronics,1,30751.94,30751.94
TXN103838,2024-05-16,CUST0029,West,Grocery,2,72.78,145.56
TXN107552,2024-05-16,CUST0115,East,Home & Living,2,3526.87,7053.74
TXN102470,2024-05-16,CUST0258,South,Apparel,1,2610.06,2610.06
TXN101637,2024-05-16,CUST0771,East,Apparel,1,1226.68,1226.68
TXN112089,2024-05-16,CUST0632,East,Apparel,1,7723.86,7723.86
TXN101261,2024-05-16,CUST0230,West,Electronics,1,43963.85,43963.85
TXN101553,2024-05-16,CUST0350,West,Grocery,1,352.89,352.89
TXN110340,2024-05-16,CUST0076,North,Home & Living,1,2485.54,2485.54
TXN109059,2024-05-16,CUST0454,North,Home & Living,1,1690.13,1690.13
TXN108500,2024-05-16,CUST0783,East,Grocery,1,404.76,404.76
TXN113929,2024-05-17,CUST0413,North,Electronics,2,74610.73,149221.45
TXN106568,2024-05-17,CUST0358,Central,Apparel,1,2239.18,2239.18
TXN113878,2024-05-17,CUST0767,East,Grocery,1,403.08,403.08
TXN111945,2024-05-17,CUST0533,North,Electronics,1,6772.44,6772.44
TXN108642,2024-05-17,CUST0387,West,Electronics,1,18486.47,18486.47
TXN104717,2024-05-17,CUST0465,North,Electronics,1,5385.01,5385.01
TXN111650,2024-05-17,CUST0572,North,Home & Living,1,1075.45,1075.45
TXN107632,2024-05-17,CUST0748,East,Grocery,1,213.76,213.76
TXN103339,2024-05-17,CUST0648,West,Grocery,1,714.6,714.6
TXN106799,2024-05-17,CUST0768,North,Beauty,1,4441.04,4441.04
TXN114830,2024-05-17,CUST0239,North,Home & Living,1,6691.1,6691.1
TXN111076,2024-05-17,CUST0241,East,Electronics,1,68465.81,68465.81
TXN113692,2024-05-17,CUST0545,West,Home & Living,1,3953.79,3953.79
TXN104059,2024-05-17,CUST0499,East,Apparel,1,5803.72,5803.72
TXN109127,2024-05-17,CUST0370,South,Home & Living,1,915.0,915.0
TXN110122,2024-05-17,CUST0400,North,Electronics,3,12581.64,37744.91
TXN110166,2024-05-17,CUST0210,South,Home & Living,1,2977.11,2977.11
TXN112856,2024-05-17,CUST0163,North,Home & Living,3,6088.54,18265.62
TXN111278,2024-05-17,CUST0442,West,Home & Living,2,14383.9,28767.8
TXN100197,2024-05-17,CUST0058,South,Electronics,1,15242.38,15242.38
TXN114651,2024-05-17,CUST0332,South,Home & Living,1,3816.13,3816.13
TXN107617,2024-05-18,CUST0733,West,Beauty,3,1637.2,4911.59
TXN106137,2024-05-18,CUST0177,East,Apparel,1,3179.96,3179.96
TXN106261,2024-05-18,CUST0166,South,Electronics,1,5786.2,5786.2
TXN109524,2024-05-18,CUST0014,Central,Grocery,1,534.19,534.19
TXN113509,2024-05-18,CUST0122,South,Grocery,1,1744.94,1744.94
TXN102148,2024-05-18,CUST0325,East,Apparel,2,4533.14,9066.28
TXN100706,2024-05-18,CUST0073,East,Electronics,1,16107.65,16107.65
TXN111207,2024-05-18,CUST0258,South,Home & Living,1,6480.04,6480.04
TXN104780,2024-05-18,CUST0479,North,Electronics,2,66686.82,133373.63
TXN114798,2024-05-18,CUST0040,East,Beauty,1,1119.29,1119.29
TXN106326,2024-05-18,CUST0685,South,Beauty,1,761.52,761.52
TXN109186,2024-05-18,CUST0184,North,Beauty,3,1615.51,4846.53
TXN104182,2024-05-18,CUST0476,North,Grocery,2,1616.91,3233.82
TXN110055,2024-05-18,CUST0485,South,Apparel,3,4469.27,13407.81
TXN111907,2024-05-18,CUST0632,East,Beauty,1,1304.14,1304.14
TXN112863,2024-05-18,CUST0035,South,Apparel,2,7032.56,14065.12
TXN101765,2024-05-18,CUST0504,East,Home & Living,1,5703.03,5703.03
TXN110854,2024-05-18,CUST0243,South,Apparel,1,6476.51,6476.51
TXN113120,2024-05-18,CUST0489,North,Apparel,1,5051.3,5051.3
TXN101310,2024-05-18,CUST0192,West,Beauty,1,2167.01,2167.01
TXN112899,2024-05-18,CUST0367,West,Electronics,1,29048.49,29048.49
TXN102365,2024-05-19,CUST0625,Central,Beauty,1,262.68,262.68
TXN100732,2024-05-19,CUST0481,East,Home & Living,1,3996.15,3996.15
TXN109755,2024-05-19,CUST0114,South,Home & Living,1,3235.04,3235.04
TXN101702,2024-05-19,CUST0449,Central,Apparel,1,789.82,789.82
TXN114657,2024-05-19,CUST0073,East,Grocery,1,710.43,710.43
TXN110094,2024-05-19,CUST0214,North,Apparel,1,381.04,381.04
TXN105579,2024-05-19,CUST0406,West,Home & Living,1,5154.28,5154.28
TXN113286,2024-05-19,CUST0359,West,Electronics,1,36336.76,36336.76
TXN114386,2024-05-19,CUST0790,West,Apparel,1,7580.88,7580.88
TXN102599,2024-05-19,CUST0490,North,Grocery,1,1555.13,1555.13
TXN108338,2024-05-19,CUST0706,South,Grocery,1,671.18,671.18
TXN114644,2024-05-19,CUST0439,Central,Beauty,1,2843.54,2843.54
TXN100522,2024-05-19,CUST0779,East,Electronics,2,42355.42,84710.84
TXN103068,2024-05-19,CUST0527,North,Home & Living,1,5065.03,5065.03
TXN110301,2024-05-19,CUST0786,North,Beauty,1,4569.76,4569.76
TXN101164,2024-05-19,CUST0115,East,Grocery,1,600.01,600.01
TXN108667,2024-05-19,CUST0321,Central,Home & Living,2,2286.46,4572.93
TXN106068,2024-05-20,CUST0701,East,Grocery,1,697.22,697.22
TXN110665,2024-05-20,CUST0297,North,Home & Living,1,6406.46,6406.46
TXN102007,2024-05-20,CUST0233,North,Grocery,2,344.49,688.98
TXN104912,2024-05-20,CUST0679,West,Beauty,1,4798.16,4798.16
TXN107938,2024-05-20,CUST0032,South,Grocery,1,231.7,231.7
TXN114170,2024-05-20,CUST0297,North,Home & Living,1,2968.97,2968.97
TXN114647,2024-05-20,CUST0530,South,Electronics,2,12210.54,24421.09
TXN114186,2024-05-20,CUST0204,West,Grocery,1,1743.44,1743.44
TXN111103,2024-05-20,CUST0566,North,Apparel,1,1092.79,1092.79
TXN109339,2024-05-20,CUST0017,East,Beauty,1,841.93,841.93
TXN105355,2024-05-20,CUST0283,South,Apparel,1,281.51,281.51
TXN109720,2024-05-20,CUST0481,East,Electronics,1,36398.05,36398.05
TXN104573,2024-05-20,CUST0672,West,Grocery,1,1387.64,1387.64
TXN101727,2024-05-20,CUST0415,West,Home & Living,1,5135.36,5135.36
TXN105509,2024-05-20,CUST0337,West,Home & Living,1,7579.4,7579.4
TXN103015,2024-05-21,CUST0253,Central,Home & Living,2,1554.85,3109.71
TXN101624,2024-05-21,CUST0140,East,Grocery,1,1381.52,1381.52
TXN106914,2024-05-21,CUST0256,South,Home & Living,1,6302.36,6302.36
TXN110206,2024-05-21,CUST0569,North,Home & Living,1,2476.02,2476.02
TXN113147,2024-05-21,CUST0446,East,Electronics,1,13395.77,13395.77
TXN113519,2024-05-21,CUST0477,North,Grocery,3,722.09,2166.26
TXN105537,2024-05-21,CUST0498,North,Apparel,1,2344.55,2344.55
TXN103275,2024-05-21,CUST0508,West,Grocery,1,1078.28,1078.28
TXN108052,2024-05-21,CUST0204,West,Home & Living,1,5386.7,5386.7
TXN103283,2024-05-21,CUST0151,East,Home & Living,1,4577.2,4577.2
TXN107750,2024-05-21,CUST0095,East,Electronics,1,23036.32,23036.32
TXN102662,2024-05-21,CUST0336,North,Home & Living,1,4124.23,4124.23
TXN100908,2024-05-21,CUST0679,West,Apparel,2,3254.34,6508.68
TXN103399,2024-05-21,CUST0478,Central,Grocery,1,117.17,117.17
TXN101650,2024-05-21,CUST0429,Central,Grocery,1,240.94,240.94
TXN104608,2024-05-21,CUST0325,East,Grocery,1,411.89,411.89
TXN109554,2024-05-21,CUST0667,Central,Apparel,1,1239.02,1239.02
TXN102548,2024-05-21,CUST0572,North,Electronics,1,13474.2,13474.2
TXN109066,2024-05-22,CUST0002,North,Electronics,2,72408.06,144816.12
TXN114446,2024-05-22,CUST0743,East,Beauty,1,704.95,704.95
TXN105731,2024-05-22,CUST0690,South,Home & Living,1,4529.63,4529.63
TXN104970,2024-05-22,CUST0452,South,Apparel,1,2425.94,2425.94
TXN103541,2024-05-22,CUST0108,South,Grocery,1,652.36,652.36
TXN111995,2024-05-22,CUST0331,West,Grocery,1,157.43,157.43
TXN113608,2024-05-22,CUST0115,East,Electronics,1,14241.71,14241.71
TXN101037,2024-05-22,CUST0599,East,Grocery,1,712.86,712.86
TXN112079,2024-05-22,CUST0252,East,Home & Living,1,595.53,595.53
TXN100093,2024-05-23,CUST0122,South,Electronics,1,6623.57,6623.57
TXN102628,2024-05-23,CUST0382,South,Electronics,1,43971.95,43971.95
TXN107476,2024-05-23,CUST0620,Central,Apparel,1,2645.47,2645.47
TXN113582,2024-05-23,CUST0615,East,Electronics,1,28983.82,28983.82
TXN107873,2024-05-23,CUST0176,North,Electronics,1,3576.46,3576.46
TXN104961,2024-05-23,CUST0258,South,Home & Living,2,1547.9,3095.81
TXN113429,2024-05-23,CUST0291,Central,Apparel,1,2162.95,2162.95
TXN110241,2024-05-23,CUST0476,North,Grocery,1,1206.9,1206.9
TXN105782,2024-05-23,CUST0794,North,Grocery,1,638.97,638.97
TXN105122,2024-05-23,CUST0662,East,Electronics,1,48739.71,48739.71
TXN105846,2024-05-23,CUST0448,North,Apparel,1,1986.85,1986.85
TXN108153,2024-05-23,CUST0610,West,Grocery,1,813.53,813.53
TXN104264,2024-05-23,CUST0562,North,Apparel,1,1804.88,1804.88
TXN109352,2024-05-23,CUST0187,West,Apparel,1,3401.52,3401.52
TXN113306,2024-05-23,CUST0368,East,Apparel,1,2042.15,2042.15
TXN113325,2024-05-23,CUST0218,East,Home & Living,1,1741.13,1741.13
TXN111340,2024-05-23,CUST0231,North,Grocery,2,606.28,1212.57
TXN104932,2024-05-24,CUST0746,South,Apparel,1,6297.93,6297.93
TXN104535,2024-05-24,CUST0088,North,Grocery,1,1190.23,1190.23
TXN109153,2024-05-24,CUST0513,East,Apparel,1,6286.01,6286.01
TXN107315,2024-05-24,CUST0393,South,Apparel,1,2387.93,2387.93
TXN111384,2024-05-24,CUST0273,North,Grocery,1,851.98,851.98
TXN102080,2024-05-24,CUST0590,South,Electronics,2,31050.85,62101.69
TXN108055,2024-05-24,CUST0453,North,Electronics,1,4120.69,4120.69
TXN105639,2024-05-24,CUST0356,West,Home & Living,2,5521.36,11042.71
TXN110803,2024-05-24,CUST0221,West,Apparel,1,3666.49,3666.49
TXN111974,2024-05-24,CUST0434,North,Apparel,2,823.92,1647.84
TXN104292,2024-05-24,CUST0400,North,Electronics,1,16914.78,16914.78
TXN109787,2024-05-24,CUST0654,East,Apparel,1,2076.76,2076.76
TXN100162,2024-05-24,CUST0083,North,Home & Living,2,4250.12,8500.24
TXN111875,2024-05-24,CUST0025,East,Apparel,2,2907.3,5814.6
TXN114067,2024-05-24,CUST0031,North,Grocery,1,293.7,293.7
TXN111229,2024-05-24,CUST0093,West,Apparel,1,1309.78,1309.78
TXN101227,2024-05-24,CUST0081,North,Home & Living,2,6878.72,13757.44
TXN106559,2024-05-24,CUST0620,Central,Beauty,1,2005.44,2005.44
TXN111952,2024-05-24,CUST0648,West,Apparel,2,4152.1,8304.19
TXN107431,2024-05-25,CUST0555,South,Grocery,1,731.29,731.29
TXN100665,2024-05-25,CUST0500,West,Home & Living,1,9053.36,9053.36
TXN114543,2024-05-25,CUST0776,North,Apparel,2,2642.79,5285.58
TXN106583,2024-05-25,CUST0799,North,Apparel,1,1200.13,1200.13
TXN114856,2024-05-25,CUST0531,East,Electronics,1,19598.88,19598.88
TXN102596,2024-05-25,CUST0023,South,Grocery,1,408.66,408.66
TXN105930,2024-05-25,CUST0070,Central,Beauty,1,4659.69,4659.69
TXN103537,2024-05-25,CUST0068,North,Apparel,3,3255.69,9767.07
TXN112106,2024-05-25,CUST0450,East,Home & Living,2,4387.96,8775.91
TXN108051,2024-05-25,CUST0136,North,Apparel,1,1587.11,1587.11
TXN114190,2024-05-25,CUST0634,East,Grocery,1,792.92,792.92
TXN112450,2024-05-25,CUST0514,West,Electronics,1,39597.01,39597.01
TXN108861,2024-05-25,CUST0422,North,Electronics,2,16500.46,33000.92
TXN113701,2024-05-25,CUST0390,West,Grocery,1,214.57,214.57
TXN104205,2024-05-25,CUST0074,South,Grocery,1,657.18,657.18
TXN107263,2024-05-25,CUST0489,North,Grocery,1,482.97,482.97
TXN108016,2024-05-25,CUST0537,North,Home & Living,1,952.83,952.83
TXN108129,2024-05-25,CUST0108,South,Home & Living,1,5240.95,5240.95
TXN109975,2024-05-26,CUST0127,North,Home & Living,1,2476.58,2476.58
TXN102887,2024-05-26,CUST0280,Central,Grocery,1,976.57,976.57
TXN100821,2024-05-26,CUST0021,West,Electronics,2,23825.8,47651.61
TXN101572,2024-05-26,CUST0135,North,Apparel,1,2432.77,2432.77
TXN109679,2024-05-26,CUST0599,East,Beauty,1,149.79,149.79
TXN114949,2024-05-26,CUST0076,North,Grocery,1,585.35,585.35
TXN113761,2024-05-26,CUST0044,Central,Apparel,1,3595.36,3595.36
TXN107258,2024-05-26,CUST0464,South,Electronics,1,2608.05,2608.05
TXN106646,2024-05-26,CUST0183,North,Electronics,1,32225.06,32225.06
TXN111202,2024-05-26,CUST0544,West,Grocery,2,1037.2,2074.4
TXN114202,2024-05-26,CUST0458,South,Beauty,1,1456.33,1456.33
TXN107747,2024-05-26,CUST0693,North,Apparel,1,2759.82,2759.82
TXN103995,2024-05-26,CUST0390,West,Apparel,1,809.33,809.33
TXN104898,2024-05-26,CUST0186,South,Home & Living,1,4920.25,4920.25
TXN106522,2024-05-26,CUST0101,North,Beauty,1,311.28,311.28
TXN101409,2024-05-26,CUST0046,South,Apparel,1,1356.54,1356.54
TXN103910,2024-05-26,CUST0114,South,Beauty,1,2318.71,2318.71
TXN110656,2024-05-27,CUST0251,West,Home & Living,1,3760.27,3760.27
TXN104647,2024-05-27,CUST0633,South,Electronics,2,20184.66,40369.33
TXN109266,2024-05-27,CUST0035,South,Apparel,1,4050.61,4050.61
TXN109745,2024-05-27,CUST0766,South,Apparel,1,3945.78,3945.78
TXN100650,2024-05-27,CUST0079,North,Electronics,1,7651.03,7651.03
TXN109774,2024-05-27,CUST0738,West,Apparel,1,4069.03,4069.03
TXN112165,2024-05-27,CUST0397,Central,Home & Living,1,7107.06,7107.06
TXN113311,2024-05-27,CUST0440,North,Home & Living,1,424.52,424.52
TXN109608,2024-05-27,CUST0022,North,Electronics,1,10284.02,10284.02
TXN110229,2024-05-27,CUST0036,South,Home & Living,1,7942.48,7942.48
TXN105084,2024-05-27,CUST0542,South,Home & Living,1,4443.72,4443.72
TXN101132,2024-05-27,CUST0051,North,Apparel,3,4628.94,13886.83
TXN106663,2024-05-27,CUST0019,North,Apparel,2,966.05,1932.09
TXN114180,2024-05-27,CUST0084,North,Apparel,1,2913.12,2913.12
TXN102517,2024-05-27,CUST0327,North,Home & Living,1,3440.49,3440.49
TXN102442,2024-05-27,CUST0383,East,Home & Living,1,2003.02,2003.02
TXN105289,2024-05-27,CUST0412,South,Home & Living,1,4799.85,4799.85
TXN107121,2024-05-27,CUST0593,North,Grocery,1,107.56,107.56
TXN114575,2024-05-28,CUST0230,West,Grocery,2,554.7,1109.4
TXN100016,2024-05-28,CUST0798,North,Home & Living,2,5553.65,11107.3
TXN108348,2024-05-28,CUST0412,South,Grocery,1,117.67,117.67
TXN114484,2024-05-28,CUST0595,South,Home & Living,2,6642.01,13284.02
TXN111886,2024-05-28,CUST0428,North,Apparel,1,1747.19,1747.19
TXN109149,2024-05-28,CUST0012,West,Electronics,1,14289.1,14289.1
TXN107051,2024-05-28,CUST0333,North,Home & Living,1,3451.16,3451.16
TXN109453,2024-05-28,CUST0640,East,Electronics,1,18189.61,18189.61
TXN110327,2024-05-28,CUST0018,South,Grocery,1,683.67,683.67
TXN112455,2024-05-28,CUST0679,West,Home & Living,1,10512.76,10512.76
TXN101525,2024-05-28,CUST0484,North,Home & Living,1,2425.26,2425.26
TXN106849,2024-05-28,CUST0622,East,Grocery,1,206.51,206.51
TXN112684,2024-05-28,CUST0367,West,Apparel,1,3682.58,3682.58
TXN111409,2024-05-29,CUST0151,East,Electronics,1,67144.67,67144.67
TXN105908,2024-05-29,CUST0484,North,Grocery,2,696.59,1393.18
TXN107844,2024-05-29,CUST0388,North,Beauty,1,492.28,492.28
TXN106772,2024-05-29,CUST0320,North,Apparel,2,2015.2,4030.41
TXN111365,2024-05-29,CUST0197,Central,Home & Living,1,5903.69,5903.69
TXN113209,2024-05-29,CUST0781,North,Home & Living,1,2110.16,2110.16
TXN105178,2024-05-29,CUST0796,East,Apparel,1,7423.54,7423.54
TXN104347,2024-05-29,CUST0005,South,Apparel,3,1764.11,5292.34
TXN106536,2024-05-29,CUST0319,North,Apparel,1,1961.77,1961.77
TXN105632,2024-05-29,CUST0041,North,Home & Living,2,2175.87,4351.75
TXN112828,2024-05-29,CUST0442,West,Home & Living,1,12644.29,12644.29
TXN100996,2024-05-29,CUST0222,South,Electronics,1,10944.5,10944.5
TXN101377,2024-05-29,CUST0009,South,Apparel,1,2777.56,2777.56
TXN110991,2024-05-29,CUST0506,West,Home & Living,1,5489.83,5489.83
TXN107416,2024-05-29,CUST0089,North,Apparel,1,2883.13,2883.13
TXN105269,2024-05-29,CUST0770,South,Electronics,1,42204.64,42204.64
TXN111535,2024-05-29,CUST0798,North,Electronics,1,31100.54,31100.54
TXN113529,2024-05-29,CUST0271,South,Apparel,1,1538.47,1538.47
TXN100149,2024-05-29,CUST0116,South,Beauty,1,4582.87,4582.87
TXN114874,2024-05-29,CUST0652,East,Home & Living,2,3063.51,6127.01
TXN108166,2024-05-29,CUST0502,Central,Electronics,1,31012.03,31012.03
TXN102574,2024-05-30,CUST0705,South,Home & Living,2,3687.1,7374.19
TXN107145,2024-05-30,CUST0409,North,Home & Living,1,13567.62,13567.62
TXN101231,2024-05-30,CUST0521,North,Electronics,1,41031.45,41031.45
TXN103401,2024-05-30,CUST0385,North,Home & Living,1,2296.56,2296.56
TXN101611,2024-05-30,CUST0530,South,Grocery,1,687.31,687.31
TXN104989,2024-05-30,CUST0628,Central,Apparel,1,484.61,484.61
TXN106401,2024-05-30,CUST0536,East,Grocery,1,1547.45,1547.45
TXN114182,2024-05-30,CUST0205,West,Grocery,1,78.79,78.79
TXN113216,2024-05-30,CUST0365,North,Beauty,1,4674.56,4674.56
TXN104982,2024-05-30,CUST0578,East,Home & Living,1,12484.88,12484.88
TXN110410,2024-05-30,CUST0771,East,Home & Living,1,2607.58,2607.58
TXN112602,2024-05-30,CUST0607,West,Apparel,1,1787.07,1787.07
TXN103579,2024-05-30,CUST0736,North,Electronics,1,42957.15,42957.15
TXN103026,2024-05-30,CUST0263,West,Apparel,3,528.96,1586.87
TXN114608,2024-05-30,CUST0538,West,Home & Living,1,2591.86,2591.86
TXN107151,2024-05-30,CUST0165,South,Home & Living,1,1431.1,1431.1
TXN104648,2024-05-31,CUST0564,East,Electronics,1,3535.2,3535.2
TXN102963,2024-05-31,CUST0044,Central,Electronics,2,22539.76,45079.51
TXN101173,2024-05-31,CUST0374,North,Electronics,1,31426.04,31426.04
TXN101886,2024-05-31,CUST0280,Central,Apparel,1,2411.22,2411.22
TXN105591,2024-05-31,CUST0396,West,Apparel,1,4615.53,4615.53
TXN110456,2024-05-31,CUST0647,West,Electronics,1,8053.45,8053.45
TXN103525,2024-05-31,CUST0486,East,Apparel,2,1087.94,2175.88
TXN108915,2024-05-31,CUST0401,West,Electronics,1,29854.08,29854.08
TXN103907,2024-05-31,CUST0257,West,Electronics,1,61081.75,61081.75
TXN109571,2024-05-31,CUST0561,Central,Grocery,2,1001.29,2002.59
TXN114772,2024-05-31,CUST0334,North,Electronics,1,13895.0,13895.0
TXN102818,2024-05-31,CUST0265,South,Apparel,1,4681.73,4681.73
TXN100924,2024-05-31,CUST0643,East,Apparel,1,926.11,926.11
TXN101855,2024-05-31,CUST0140,East,Home & Living,1,14355.09,14355.09
TXN113040,2024-05-31,CUST0428,North,Grocery,1,995.29,995.29
TXN112498,2024-05-31,CUST0538,West,Beauty,1,2091.05,2091.05
TXN113169,2024-05-31,CUST0054,Central,Home & Living,1,12846.5,12846.5
TXN108036,2024-05-31,CUST0752,East,Home & Living,1,13294.43,13294.43
TXN111543,2024-05-31,CUST0076,North,Electronics,2,18380.05,36760.11
TXN102265,2024-06-01,CUST0280,Central,Electronics,2,30948.71,61897.42
TXN107754,2024-06-01,CUST0066,East,Grocery,1,80.65,80.65
TXN101122,2024-06-01,CUST0617,North,Grocery,1,635.88,635.88
TXN108779,2024-06-01,CUST0615,East,Home & Living,1,6380.91,6380.91
TXN100344,2024-06-01,CUST0625,Central,Home & Living,1,1862.87,1862.87
TXN114222,2024-06-01,CUST0630,West,Grocery,1,375.04,375.04
TXN101985,2024-06-01,CUST0262,Central,Apparel,1,2898.06,2898.06
TXN101383,2024-06-01,CUST0653,West,Apparel,1,3215.26,3215.26
TXN103024,2024-06-01,CUST0759,West,Beauty,1,4839.04,4839.04
TXN104147,2024-06-01,CUST0789,South,Apparel,1,1129.93,1129.93
TXN111733,2024-06-01,CUST0692,South,Grocery,1,301.66,301.66
TXN107357,2024-06-01,CUST0683,East,Home & Living,1,4352.01,4352.01
TXN102631,2024-06-01,CUST0447,North,Grocery,1,1232.15,1232.15
TXN108715,2024-06-01,CUST0428,North,Grocery,1,1241.12,1241.12
TXN106631,2024-06-01,CUST0367,West,Electronics,2,14152.24,28304.47
TXN113338,2024-06-02,CUST0292,East,Apparel,3,1629.28,4887.83
TXN101701,2024-06-02,CUST0800,Central,Apparel,1,4731.09,4731.09
TXN107894,2024-06-02,CUST0510,West,Grocery,1,718.44,718.44
TXN110741,2024-06-02,CUST0258,South,Beauty,1,2216.56,2216.56
TXN114495,2024-06-02,CUST0789,South,Apparel,1,2426.24,2426.24
TXN113501,2024-06-02,CUST0051,North,Home & Living,1,3011.36,3011.36
TXN109773,2024-06-02,CUST0355,East,Electronics,1,19888.9,19888.9
TXN105879,2024-06-02,CUST0365,North,Grocery,1,977.44,977.44
TXN111331,2024-06-02,CUST0654,East,Home & Living,1,6845.83,6845.83
TXN104671,2024-06-02,CUST0749,North,Home & Living,1,10572.6,10572.6
TXN105025,2024-06-02,CUST0142,East,Apparel,1,2568.49,2568.49
TXN111106,2024-06-02,CUST0151,East,Home & Living,1,12848.21,12848.21
TXN111578,2024-06-02,CUST0242,West,Grocery,1,440.16,440.16
TXN106676,2024-06-02,CUST0412,South,Grocery,1,805.73,805.73
TXN111016,2024-06-02,CUST0070,Central,Home & Living,1,3658.91,3658.91
TXN112403,2024-06-02,CUST0396,West,Beauty,1,5041.58,5041.58
TXN110865,2024-06-02,CUST0200,South,Grocery,1,1130.95,1130.95
TXN102465,2024-06-03,CUST0088,North,Apparel,1,4145.0,4145.0
TXN109275,2024-06-03,CUST0246,East,Home & Living,2,9735.24,19470.48
TXN100590,2024-06-03,CUST0213,Central,Home & Living,1,6596.13,6596.13
TXN100573,2024-06-03,CUST0685,South,Beauty,1,3140.69,3140.69
TXN114023,2024-06-03,CUST0574,South,Home & Living,1,2465.67,2465.67
TXN110747,2024-06-03,CUST0627,North,Home & Living,1,2986.62,2986.62
TXN102467,2024-06-03,CUST0788,South,Electronics,1,29415.63,29415.63
TXN114450,2024-06-03,CUST0595,South,Grocery,1,497.65,497.65
TXN101989,2024-06-03,CUST0165,South,Home & Living,2,4038.06,8076.12
TXN111646,2024-06-04,CUST0266,West,Electronics,2,35373.88,70747.77
TXN107669,2024-06-04,CUST0237,South,Grocery,1,556.31,556.31
TXN108393,2024-06-04,CUST0655,North,Electronics,1,19274.04,19274.04
TXN114475,2024-06-04,CUST0147,North,Grocery,2,233.81,467.62
TXN108027,2024-06-04,CUST0703,North,Apparel,3,551.62,1654.85
TXN107826,2024-06-04,CUST0233,North,Electronics,1,24811.09,24811.09
TXN104693,2024-06-04,CUST0256,South,Apparel,1,1962.13,1962.13
TXN112579,2024-06-04,CUST0211,North,Beauty,1,1993.85,1993.85
TXN102545,2024-06-04,CUST0512,Central,Grocery,1,348.06,348.06
TXN108545,2024-06-04,CUST0616,Central,Electronics,1,58521.68,58521.68
TXN111447,2024-06-04,CUST0451,West,Apparel,1,3510.24,3510.24
TXN107214,2024-06-04,CUST0515,South,Beauty,1,201.17,201.17
TXN113511,2024-06-04,CUST0582,South,Apparel,2,3605.72,7211.44
TXN109312,2024-06-04,CUST0171,East,Grocery,1,886.82,886.82
TXN109572,2024-06-04,CUST0759,West,Home & Living,1,10396.95,10396.95
TXN101284,2024-06-04,CUST0056,North,Home & Living,1,9236.5,9236.5
TXN110321,2024-06-05,CUST0192,West,Grocery,1,1831.5,1831.5
TXN106368,2024-06-05,CUST0342,South,Beauty,1,1031.2,1031.2
TXN101927,2024-06-05,CUST0597,South,Apparel,1,2225.71,2225.71
TXN104839,2024-06-05,CUST0428,North,Grocery,1,1109.07,1109.07
TXN109159,2024-06-05,CUST0555,South,Grocery,1,2070.18,2070.18
TXN104740,2024-06-05,CUST0202,East,Beauty,1,1974.32,1974.32
TXN112415,2024-06-05,CUST0177,East,Grocery,1,678.9,678.9
TXN103555,2024-06-05,CUST0243,South,Electronics,1,72190.24,72190.24
TXN104595,2024-06-05,CUST0131,North,Apparel,1,2694.26,2694.26
TXN105785,2024-06-05,CUST0259,South,Apparel,1,417.21,417.21
TXN106237,2024-06-05,CUST0541,North,Apparel,1,6669.57,6669.57
TXN112736,2024-06-05,CUST0465,North,Grocery,2,273.51,547.02
TXN106725,2024-06-05,CUST0662,East,Grocery,2,1712.37,3424.73
TXN102744,2024-06-05,CUST0472,West,Grocery,1,589.06,589.06
TXN114744,2024-06-05,CUST0273,North,Grocery,2,256.45,512.9
TXN102588,2024-06-05,CUST0541,North,Apparel,2,5079.97,10159.93
TXN104404,2024-06-06,CUST0133,Central,Electronics,1,20322.03,20322.03
TXN107419,2024-06-06,CUST0519,North,Apparel,1,7630.89,7630.89
TXN105380,2024-06-06,CUST0162,East,Home & Living,1,3243.91,3243.91
TXN107039,2024-06-06,CUST0482,West,Apparel,1,1806.98,1806.98
TXN114019,2024-06-06,CUST0357,North,Home & Living,2,5542.38,11084.77
TXN100763,2024-06-06,CUST0396,West,Grocery,1,492.94,492.94
TXN104435,2024-06-06,CUST0195,South,Electronics,1,13563.01,13563.01
TXN103840,2024-06-06,CUST0375,East,Electronics,1,6666.48,6666.48
TXN111757,2024-06-06,CUST0800,Central,Home & Living,1,7176.19,7176.19
TXN102060,2024-06-06,CUST0412,South,Electronics,1,58361.36,58361.36
TXN109577,2024-06-06,CUST0786,North,Apparel,1,5052.98,5052.98
TXN109382,2024-06-06,CUST0708,East,Apparel,1,1292.19,1292.19
TXN102363,2024-06-06,CUST0470,South,Apparel,1,3817.04,3817.04
TXN113591,2024-06-06,CUST0060,North,Apparel,1,1378.78,1378.78
TXN107194,2024-06-07,CUST0359,West,Home & Living,2,1639.28,3278.57
TXN101848,2024-06-07,CUST0475,South,Home & Living,1,5304.4,5304.4
TXN102181,2024-06-07,CUST0261,West,Electronics,3,33436.35,100309.05
TXN109555,2024-06-07,CUST0248,North,Apparel,1,7144.77,7144.77
TXN103499,2024-06-07,CUST0035,South,Apparel,1,6128.02,6128.02
TXN112144,2024-06-07,CUST0080,North,Apparel,1,2695.47,2695.47
TXN102975,2024-06-07,CUST0249,West,Beauty,1,3539.13,3539.13
TXN101630,2024-06-07,CUST0417,North,Apparel,2,2230.66,4461.32
TXN102943,2024-06-07,CUST0231,North,Grocery,1,195.74,195.74
TXN103609,2024-06-07,CUST0151,East,Grocery,3,1084.87,3254.62
TXN112138,2024-06-07,CUST0138,Central,Grocery,2,788.11,1576.22
TXN109024,2024-06-07,CUST0774,West,Grocery,2,116.78,233.55
TXN107956,2024-06-07,CUST0090,North,Apparel,2,2034.73,4069.46
TXN112512,2024-06-07,CUST0156,South,Electronics,1,17450.16,17450.16
TXN109960,2024-06-07,CUST0335,West,Apparel,2,1376.92,2753.84
TXN111305,2024-06-07,CUST0476,North,Electronics,1,69335.81,69335.81
TXN102848,2024-06-07,CUST0265,South,Electronics,2,41541.84,83083.68
TXN108593,2024-06-07,CUST0716,North,Grocery,1,437.65,437.65
TXN103036,2024-06-07,CUST0262,Central,Apparel,1,6500.81,6500.81
TXN101054,2024-06-07,CUST0608,West,Electronics,1,2345.91,2345.91
TXN107994,2024-06-08,CUST0215,West,Grocery,1,1138.34,1138.34
TXN107633,2024-06-08,CUST0368,East,Home & Living,2,4527.57,9055.14
TXN113553,2024-06-08,CUST0179,South,Grocery,1,1043.95,1043.95
TXN111962,2024-06-08,CUST0479,North,Apparel,1,4037.44,4037.44
TXN108471,2024-06-08,CUST0646,North,Apparel,2,6043.52,12087.03
TXN109847,2024-06-08,CUST0335,West,Beauty,2,417.81,835.62
TXN106533,2024-06-08,CUST0299,West,Apparel,1,3062.3,3062.3
TXN110877,2024-06-08,CUST0299,West,Apparel,3,1017.21,3051.64
TXN109030,2024-06-08,CUST0447,North,Home & Living,3,5260.55,15781.64
TXN105021,2024-06-08,CUST0327,North,Home & Living,1,5644.27,5644.27
TXN109095,2024-06-08,CUST0646,North,Electronics,1,9314.86,9314.86
TXN103586,2024-06-08,CUST0532,West,Grocery,1,1380.4,1380.4
TXN100152,2024-06-08,CUST0010,North,Electronics,2,27512.94,55025.89
TXN104750,2024-06-08,CUST0006,West,Grocery,1,573.26,573.26
TXN104044,2024-06-08,CUST0476,North,Electronics,2,55130.91,110261.82
TXN104491,2024-06-09,CUST0615,East,Apparel,1,3089.18,3089.18
TXN103361,2024-06-09,CUST0172,Central,Electronics,1,7159.7,7159.7
TXN109851,2024-06-09,CUST0493,East,Grocery,1,820.97,820.97
TXN106247,2024-06-09,CUST0401,West,Home & Living,1,1334.32,1334.32
TXN111057,2024-06-09,CUST0006,West,Home & Living,1,865.44,865.44
TXN107446,2024-06-09,CUST0320,North,Beauty,1,339.05,339.05
TXN109436,2024-06-09,CUST0485,South,Home & Living,1,1184.67,1184.67
TXN114097,2024-06-09,CUST0554,West,Grocery,1,1009.36,1009.36
TXN111130,2024-06-09,CUST0183,North,Apparel,1,7945.76,7945.76
TXN107384,2024-06-09,CUST0009,South,Apparel,2,1164.75,2329.49
TXN114390,2024-06-10,CUST0485,South,Grocery,1,808.2,808.2
TXN114849,2024-06-10,CUST0328,South,Apparel,1,2576.52,2576.52
TXN107731,2024-06-10,CUST0606,South,Beauty,2,1026.0,2052.0
TXN106108,2024-06-10,CUST0434,North,Electronics,1,3273.01,3273.01
TXN103210,2024-06-10,CUST0141,North,Apparel,1,3474.88,3474.88
TXN105722,2024-06-10,CUST0392,East,Apparel,1,2170.87,2170.87
TXN110982,2024-06-10,CUST0595,South,Grocery,1,1406.51,1406.51
TXN111673,2024-06-10,CUST0479,North,Home & Living,1,10053.08,10053.08
TXN108790,2024-06-10,CUST0716,North,Electronics,1,70201.62,70201.62
TXN103447,2024-06-10,CUST0427,South,Home & Living,3,4009.43,12028.3
TXN114356,2024-06-10,CUST0597,South,Grocery,1,261.8,261.8
TXN114369,2024-06-10,CUST0563,East,Apparel,2,1231.81,2463.61
TXN107392,2024-06-10,CUST0270,South,Grocery,1,492.22,492.22
TXN108084,2024-06-10,CUST0446,East,Electronics,1,28239.04,28239.04
TXN113516,2024-06-10,CUST0527,North,Grocery,2,294.45,588.89
TXN109746,2024-06-10,CUST0760,Central,Grocery,1,1114.88,1114.88
TXN102945,2024-06-10,CUST0648,West,Grocery,1,69.27,69.27
TXN105153,2024-06-10,CUST0072,North,Apparel,1,1868.75,1868.75
TXN106087,2024-06-11,CUST0249,West,Apparel,2,1806.22,3612.45
TXN107170,2024-06-11,CUST0208,West,Apparel,1,1684.87,1684.87
TXN114941,2024-06-11,CUST0367,West,Apparel,1,7983.23,7983.23
TXN109121,2024-06-11,CUST0192,West,Apparel,1,1854.54,1854.54
TXN112289,2024-06-11,CUST0534,Central,Apparel,1,585.27,585.27
TXN110849,2024-06-11,CUST0248,North,Electronics,1,63518.71,63518.71
TXN111853,2024-06-11,CUST0142,East,Electronics,1,7802.86,7802.86
TXN104287,2024-06-11,CUST0738,West,Apparel,1,2336.52,2336.52
TXN106667,2024-06-11,CUST0290,North,Beauty,1,2994.63,2994.63
TXN112639,2024-06-11,CUST0147,North,Grocery,1,550.86,550.86
TXN114932,2024-06-11,CUST0253,Central,Beauty,1,947.77,947.77
TXN104414,2024-06-11,CUST0368,East,Electronics,1,18456.94,18456.94
TXN110271,2024-06-12,CUST0321,Central,Grocery,1,613.25,613.25
TXN114444,2024-06-12,CUST0284,West,Electronics,1,9261.4,9261.4
TXN102557,2024-06-12,CUST0682,North,Electronics,2,23110.59,46221.18
TXN104881,2024-06-12,CUST0392,East,Apparel,1,1661.59,1661.59
TXN109991,2024-06-12,CUST0723,South,Electronics,1,15407.0,15407.0
TXN111192,2024-06-12,CUST0629,East,Apparel,2,306.13,612.25
TXN112894,2024-06-12,CUST0560,East,Electronics,1,32082.62,32082.62
TXN112463,2024-06-12,CUST0386,Central,Apparel,2,970.73,1941.46
TXN108281,2024-06-12,CUST0454,North,Apparel,2,2646.81,5293.62
TXN100589,2024-06-12,CUST0523,West,Grocery,1,1237.96,1237.96
TXN113766,2024-06-12,CUST0690,South,Electronics,1,29302.52,29302.52
TXN113832,2024-06-13,CUST0476,North,Beauty,1,1247.08,1247.08
TXN111663,2024-06-13,CUST0561,Central,Beauty,1,373.71,373.71
TXN105472,2024-06-13,CUST0495,West,Apparel,1,1020.39,1020.39
TXN104922,2024-06-13,CUST0630,West,Home & Living,1,4977.08,4977.08
TXN113076,2024-06-13,CUST0155,South,Electronics,1,67617.9,67617.9
TXN111926,2024-06-13,CUST0666,North,Electronics,1,4822.42,4822.42
TXN101375,2024-06-13,CUST0023,South,Grocery,1,174.44,174.44
TXN104916,2024-06-13,CUST0679,West,Beauty,1,4186.79,4186.79
TXN100738,2024-06-14,CUST0105,South,Grocery,1,1190.91,1190.91
TXN107490,2024-06-14,CUST0355,East,Grocery,1,134.98,134.98
TXN112437,2024-06-14,CUST0328,South,Grocery,1,791.44,791.44
TXN102746,2024-06-14,CUST0636,North,Apparel,1,2843.22,2843.22
TXN107630,2024-06-14,CUST0388,North,Grocery,1,716.5,716.5
TXN110025,2024-06-14,CUST0057,North,Apparel,1,1448.01,1448.01
TXN107091,2024-06-14,CUST0519,North,Apparel,1,2474.04,2474.04
TXN114140,2024-06-14,CUST0325,East,Grocery,1,809.29,809.29
TXN105094,2024-06-14,CUST0452,South,Apparel,1,3641.14,3641.14
TXN111154,2024-06-14,CUST0518,West,Grocery,1,417.73,417.73
TXN114103,2024-06-14,CUST0026,Central,Apparel,1,2574.0,2574.0
TXN100313,2024-06-14,CUST0293,East,Beauty,1,2094.85,2094.85
TXN108183,2024-06-14,CUST0754,Central,Home & Living,1,679.02,679.02
TXN110368,2024-06-14,CUST0211,North,Home & Living,1,2080.69,2080.69
TXN104492,2024-06-14,CUST0268,North,Grocery,1,367.04,367.04
TXN113936,2024-06-14,CUST0232,East,Grocery,2,697.69,1395.39
TXN112242,2024-06-14,CUST0229,South,Grocery,1,1227.46,1227.46
TXN100734,2024-06-15,CUST0097,South,Electronics,1,20098.41,20098.41
TXN111320,2024-06-15,CUST0701,East,Grocery,1,490.63,490.63
TXN105376,2024-06-15,CUST0587,West,Grocery,1,176.0,176.0
TXN113489,2024-06-15,CUST0272,North,Beauty,1,2830.6,2830.6
TXN103872,2024-06-15,CUST0053,North,Electronics,1,13613.17,13613.17
TXN103878,2024-06-15,CUST0606,South,Home & Living,2,3798.6,7597.2
TXN106829,2024-06-15,CUST0113,East,Grocery,1,755.02,755.02
TXN109198,2024-06-15,CUST0603,North,Grocery,1,434.16,434.16
TXN111069,2024-06-15,CUST0088,North,Apparel,3,1848.44,5545.31
TXN112400,2024-06-15,CUST0059,East,Apparel,1,2432.4,2432.4
TXN106864,2024-06-15,CUST0799,North,Grocery,1,516.29,516.29
TXN108156,2024-06-15,CUST0199,Central,Apparel,1,7441.84,7441.84
TXN108352,2024-06-15,CUST0311,West,Beauty,1,1603.79,1603.79
TXN105564,2024-06-16,CUST0555,South,Apparel,1,5268.92,5268.92
TXN100357,2024-06-16,CUST0343,East,Home & Living,1,3444.9,3444.9
TXN112068,2024-06-16,CUST0721,North,Home & Living,1,6830.84,6830.84
TXN106418,2024-06-16,CUST0370,South,Apparel,1,2148.65,2148.65
TXN114580,2024-06-16,CUST0685,South,Beauty,1,1470.64,1470.64
TXN100008,2024-06-16,CUST0193,North,Beauty,1,2188.62,2188.62
TXN108914,2024-06-16,CUST0510,West,Apparel,1,2926.12,2926.12
TXN103440,2024-06-16,CUST0601,North,Apparel,2,1046.82,2093.64
TXN110052,2024-06-16,CUST0061,West,Home & Living,1,1758.74,1758.74
TXN104821,2024-06-16,CUST0380,East,Grocery,1,199.56,199.56
TXN102446,2024-06-16,CUST0262,Central,Apparel,1,6153.44,6153.44
TXN108421,2024-06-16,CUST0026,Central,Electronics,3,16405.24,49215.73
TXN110593,2024-06-16,CUST0472,West,Home & Living,1,11486.35,11486.35
TXN107965,2024-06-17,CUST0269,South,Electronics,1,18287.94,18287.94
TXN103197,2024-06-17,CUST0620,Central,Electronics,3,22477.76,67433.28
TXN108473,2024-06-17,CUST0246,East,Apparel,1,7175.53,7175.53
TXN101568,2024-06-17,CUST0604,West,Beauty,1,343.41,343.41
TXN103074,2024-06-17,CUST0328,South,Home & Living,1,3855.22,3855.22
TXN114057,2024-06-17,CUST0791,West,Home & Living,1,4913.01,4913.01
TXN106441,2024-06-17,CUST0220,North,Home & Living,1,6977.09,6977.09
TXN101466,2024-06-17,CUST0012,West,Apparel,2,5197.01,10394.02
TXN111906,2024-06-17,CUST0446,East,Electronics,1,63989.09,63989.09
TXN104635,2024-06-17,CUST0676,East,Electronics,1,61944.26,61944.26
TXN106863,2024-06-18,CUST0641,Central,Apparel,1,1101.55,1101.55
TXN111753,2024-06-18,CUST0509,South,Electronics,1,64936.82,64936.82
TXN105698,2024-06-18,CUST0289,Central,Beauty,1,1142.21,1142.21
TXN104437,2024-06-18,CUST0705,South,Apparel,1,2307.78,2307.78
TXN110572,2024-06-18,CUST0035,South,Apparel,1,4310.29,4310.29
TXN110211,2024-06-18,CUST0757,East,Apparel,1,3435.22,3435.22
TXN103095,2024-06-18,CUST0710,West,Apparel,1,2426.03,2426.03
TXN109401,2024-06-18,CUST0116,South,Apparel,1,1673.07,1673.07
TXN100222,2024-06-18,CUST0489,North,Grocery,1,1357.13,1357.13
TXN100452,2024-06-18,CUST0140,East,Grocery,1,1371.1,1371.1
TXN100770,2024-06-18,CUST0513,East,Beauty,1,2153.63,2153.63
TXN107016,2024-06-19,CUST0770,South,Apparel,1,1550.9,1550.9
TXN112298,2024-06-19,CUST0775,North,Home & Living,1,606.69,606.69
TXN103000,2024-06-19,CUST0167,West,Apparel,1,1188.34,1188.34
TXN106905,2024-06-19,CUST0576,West,Grocery,1,1866.6,1866.6
TXN105719,2024-06-19,CUST0763,West,Home & Living,1,5539.89,5539.89
TXN114418,2024-06-19,CUST0797,North,Electronics,1,11778.44,11778.44
TXN111584,2024-06-19,CUST0408,South,Grocery,2,494.81,989.62
TXN106009,2024-06-19,CUST0179,South,Electronics,1,51474.95,51474.95
TXN102401,2024-06-19,CUST0644,South,Beauty,1,1302.72,1302.72
TXN109170,2024-06-19,CUST0385,North,Home & Living,1,5870.41,5870.41
TXN107099,2024-06-19,CUST0463,South,Electronics,1,4328.99,4328.99
TXN113001,2024-06-19,CUST0206,East,Home & Living,1,4802.62,4802.62
TXN102426,2024-06-19,CUST0320,North,Electronics,1,29429.71,29429.71
TXN111755,2024-06-19,CUST0569,North,Electronics,3,13212.05,39636.15
TXN106523,2024-06-19,CUST0515,South,Home & Living,1,896.98,896.98
TXN103933,2024-06-20,CUST0632,East,Apparel,1,4163.17,4163.17
TXN114113,2024-06-20,CUST0685,South,Electronics,3,33777.03,101331.1
TXN109116,2024-06-20,CUST0233,North,Home & Living,2,2558.15,5116.3
TXN109189,2024-06-20,CUST0273,North,Home & Living,3,7691.41,23074.22
TXN111923,2024-06-20,CUST0686,South,Apparel,1,3606.82,3606.82
TXN103908,2024-06-20,CUST0211,North,Apparel,1,553.89,553.89
TXN112104,2024-06-20,CUST0386,Central,Electronics,1,24013.19,24013.19
TXN102620,2024-06-20,CUST0248,North,Home & Living,1,4336.26,4336.26
TXN108694,2024-06-20,CUST0394,East,Home & Living,1,2231.57,2231.57
TXN114673,2024-06-20,CUST0499,East,Grocery,1,225.75,225.75
TXN112834,2024-06-20,CUST0740,East,Grocery,1,733.7,733.7
TXN109784,2024-06-20,CUST0230,West,Apparel,1,3528.4,3528.4
TXN110872,2024-06-20,CUST0240,South,Apparel,1,808.76,808.76
TXN111787,2024-06-20,CUST0155,South,Beauty,2,3919.29,7838.57
TXN100220,2024-06-21,CUST0175,North,Home & Living,1,1451.7,1451.7
TXN112445,2024-06-21,CUST0267,North,Grocery,1,868.93,868.93
TXN101774,2024-06-21,CUST0651,South,Apparel,1,2422.79,2422.79
TXN112752,2024-06-21,CUST0223,Central,Electronics,1,16100.88,16100.88
TXN108922,2024-06-21,CUST0705,South,Apparel,1,811.85,811.85
TXN114686,2024-06-21,CUST0797,North,Beauty,1,4294.41,4294.41
TXN102176,2024-06-21,CUST0658,East,Grocery,1,702.36,702.36
TXN111080,2024-06-21,CUST0572,North,Grocery,1,871.45,871.45
TXN105115,2024-06-21,CUST0336,North,Home & Living,1,4338.51,4338.51
TXN108493,2024-06-22,CUST0679,West,Electronics,2,32220.88,64441.75
TXN111353,2024-06-22,CUST0240,South,Electronics,1,25489.47,25489.47
TXN113811,2024-06-22,CUST0447,North,Grocery,1,2023.87,2023.87
TXN111145,2024-06-22,CUST0203,West,Apparel,1,2555.97,2555.97
TXN108495,2024-06-22,CUST0306,North,Apparel,2,7880.53,15761.06
TXN102011,2024-06-22,CUST0119,West,Apparel,2,1905.8,3811.6
TXN114055,2024-06-22,CUST0205,West,Electronics,2,33251.71,66503.42
TXN106998,2024-06-22,CUST0419,East,Apparel,1,1026.05,1026.05
TXN101414,2024-06-22,CUST0492,North,Home & Living,1,795.66,795.66
TXN104678,2024-06-22,CUST0677,West,Electronics,2,6687.11,13374.22
TXN111359,2024-06-22,CUST0800,Central,Beauty,1,1589.24,1589.24
TXN107428,2024-06-22,CUST0800,Central,Electronics,1,68244.87,68244.87
TXN101737,2024-06-22,CUST0597,South,Electronics,2,34660.97,69321.95
TXN103119,2024-06-22,CUST0742,North,Home & Living,1,2277.88,2277.88
TXN109743,2024-06-22,CUST0702,South,Apparel,1,2407.33,2407.33
TXN107390,2024-06-22,CUST0205,West,Apparel,1,3474.85,3474.85
TXN101583,2024-06-23,CUST0204,West,Home & Living,1,3942.53,3942.53
TXN111491,2024-06-23,CUST0281,West,Apparel,1,3614.27,3614.27
TXN111068,2024-06-23,CUST0257,West,Grocery,2,130.4,260.8
TXN112418,2024-06-23,CUST0777,North,Apparel,1,1698.15,1698.15
TXN114257,2024-06-23,CUST0374,North,Apparel,1,1634.99,1634.99
TXN104679,2024-06-23,CUST0163,North,Apparel,1,605.35,605.35
TXN113788,2024-06-23,CUST0382,South,Apparel,1,1544.77,1544.77
TXN110371,2024-06-23,CUST0257,West,Home & Living,1,7628.61,7628.61
TXN103815,2024-06-23,CUST0310,North,Apparel,2,1317.7,2635.4
TXN103486,2024-06-23,CUST0610,West,Electronics,2,23775.87,47551.74
TXN103262,2024-06-23,CUST0056,North,Electronics,1,32417.82,32417.82
TXN112622,2024-06-23,CUST0360,North,Grocery,1,378.38,378.38
TXN108697,2024-06-23,CUST0282,North,Home & Living,1,3834.17,3834.17
TXN104234,2024-06-23,CUST0632,East,Electronics,1,38093.78,38093.78
TXN112537,2024-06-23,CUST0053,North,Apparel,1,3913.0,3913.0
TXN101206,2024-06-23,CUST0595,South,Grocery,2,1407.38,2814.76
TXN106056,2024-06-23,CUST0560,East,Electronics,2,38740.98,77481.96
TXN106954,2024-06-23,CUST0326,East,Grocery,1,75.05,75.05
TXN111392,2024-06-23,CUST0062,South,Apparel,2,562.94,1125.89
TXN104053,2024-06-23,CUST0278,East,Grocery,1,522.98,522.98
TXN114306,2024-06-24,CUST0752,East,Grocery,1,1939.6,1939.6
TXN112382,2024-06-24,CUST0212,Central,Apparel,1,2821.14,2821.14
TXN107363,2024-06-24,CUST0010,North,Apparel,3,404.62,1213.87
TXN111630,2024-06-24,CUST0041,North,Electronics,1,23352.11,23352.11
TXN110353,2024-06-24,CUST0542,South,Home & Living,1,7214.89,7214.89
TXN105455,2024-06-24,CUST0103,North,Home & Living,1,1807.64,1807.64
TXN110534,2024-06-24,CUST0096,North,Apparel,1,2175.54,2175.54
TXN104123,2024-06-24,CUST0119,West,Home & Living,1,4401.59,4401.59
TXN104219,2024-06-24,CUST0402,North,Grocery,1,896.53,896.53
TXN107294,2024-06-24,CUST0008,Central,Electronics,1,19928.66,19928.66
TXN108815,2024-06-24,CUST0662,East,Grocery,1,1023.08,1023.08
TXN105335,2024-06-24,CUST0387,West,Apparel,1,1136.06,1136.06
TXN110254,2024-06-24,CUST0454,North,Beauty,1,1054.32,1054.32
TXN105536,2024-06-24,CUST0696,East,Home & Living,1,3288.16,3288.16
TXN107516,2024-06-25,CUST0481,East,Electronics,1,40825.18,40825.18
TXN112924,2024-06-25,CUST0402,North,Apparel,1,2567.33,2567.33
TXN112574,2024-06-25,CUST0750,East,Apparel,1,3835.06,3835.06
TXN108945,2024-06-25,CUST0329,South,Beauty,1,1448.18,1448.18
TXN109122,2024-06-25,CUST0411,South,Beauty,1,1719.67,1719.67
TXN106042,2024-06-25,CUST0359,West,Electronics,1,46612.21,46612.21
TXN108972,2024-06-25,CUST0242,West,Electronics,1,15431.19,15431.19
TXN111484,2024-06-25,CUST0190,West,Grocery,1,640.56,640.56
TXN101315,2024-06-25,CUST0521,North,Apparel,1,4363.09,4363.09
TXN104827,2024-06-25,CUST0607,West,Beauty,1,348.01,348.01
TXN106913,2024-06-26,CUST0537,North,Grocery,1,1079.33,1079.33
TXN112431,2024-06-26,CUST0651,South,Beauty,3,1420.74,4262.22
TXN104528,2024-06-26,CUST0126,North,Grocery,1,264.3,264.3
TXN102367,2024-06-26,CUST0035,South,Grocery,1,431.51,431.51
TXN101649,2024-06-26,CUST0500,West,Grocery,1,509.79,509.79
TXN113912,2024-06-26,CUST0719,North,Grocery,1,680.52,680.52
TXN109518,2024-06-26,CUST0593,North,Grocery,3,437.84,1313.53
TXN113759,2024-06-26,CUST0256,South,Grocery,1,763.85,763.85
TXN112597,2024-06-26,CUST0604,West,Grocery,1,156.55,156.55
TXN113939,2024-06-26,CUST0476,North,Electronics,1,77306.57,77306.57
TXN104753,2024-06-26,CUST0458,South,Grocery,1,438.61,438.61
TXN107763,2024-06-26,CUST0162,East,Grocery,1,275.34,275.34
TXN104776,2024-06-26,CUST0581,North,Grocery,1,359.75,359.75
TXN103156,2024-06-26,CUST0008,Central,Apparel,3,4321.97,12965.92
TXN107926,2024-06-26,CUST0718,Central,Beauty,2,1746.67,3493.35
TXN102027,2024-06-26,CUST0701,East,Apparel,1,2952.25,2952.25
TXN100585,2024-06-27,CUST0754,Central,Grocery,1,86.16,86.16
TXN108747,2024-06-27,CUST0747,West,Grocery,1,636.85,636.85
TXN105784,2024-06-27,CUST0537,North,Apparel,1,1949.92,1949.92
TXN111015,2024-06-27,CUST0511,North,Beauty,1,2482.65,2482.65
TXN111785,2024-06-27,CUST0248,North,Electronics,1,21180.04,21180.04
TXN105068,2024-06-27,CUST0127,North,Home & Living,1,3359.09,3359.09
TXN114611,2024-06-27,CUST0087,East,Apparel,1,2775.38,2775.38
TXN104604,2024-06-27,CUST0076,North,Beauty,2,2479.82,4959.63
TXN104139,2024-06-27,CUST0369,North,Grocery,1,356.68,356.68
TXN114778,2024-06-27,CUST0427,South,Electronics,1,12436.42,12436.42
TXN107829,2024-06-27,CUST0663,North,Grocery,2,292.35,584.7
TXN113576,2024-06-27,CUST0261,West,Apparel,1,2224.76,2224.76
TXN112154,2024-06-27,CUST0161,North,Electronics,1,6956.5,6956.5
TXN109309,2024-06-27,CUST0192,West,Electronics,1,26281.69,26281.69
TXN112091,2024-06-27,CUST0035,South,Home & Living,1,13196.54,13196.54
TXN112133,2024-06-27,CUST0626,Central,Apparel,1,2132.3,2132.3
TXN110930,2024-06-27,CUST0160,West,Grocery,1,103.76,103.76
TXN104967,2024-06-28,CUST0451,West,Apparel,1,1579.0,1579.0
TXN113426,2024-06-28,CUST0246,East,Apparel,2,4544.18,9088.36
TXN113197,2024-06-28,CUST0156,South,Electronics,1,14422.01,14422.01
TXN108930,2024-06-28,CUST0586,South,Grocery,1,169.89,169.89
TXN108884,2024-06-28,CUST0044,Central,Electronics,1,5353.76,5353.76
TXN101713,2024-06-28,CUST0007,Central,Beauty,2,893.52,1787.04
TXN113806,2024-06-28,CUST0576,West,Apparel,1,2568.34,2568.34
TXN111374,2024-06-28,CUST0790,West,Apparel,1,4318.67,4318.67
TXN110365,2024-06-28,CUST0368,East,Apparel,1,7468.4,7468.4
TXN113149,2024-06-28,CUST0797,North,Apparel,1,4703.5,4703.5
TXN109795,2024-06-28,CUST0206,East,Beauty,1,1250.62,1250.62
TXN100268,2024-06-28,CUST0113,East,Home & Living,1,14185.52,14185.52
TXN113776,2024-06-28,CUST0676,East,Grocery,1,1455.87,1455.87
TXN107259,2024-06-28,CUST0493,East,Home & Living,1,592.02,592.02
TXN111616,2024-06-28,CUST0250,North,Grocery,1,524.88,524.88
TXN110441,2024-06-28,CUST0281,West,Apparel,2,6982.28,13964.57
TXN114532,2024-06-28,CUST0730,East,Grocery,2,237.39,474.77
TXN110114,2024-06-28,CUST0175,North,Grocery,1,1156.02,1156.02
TXN112528,2024-06-28,CUST0518,West,Apparel,1,2357.37,2357.37
TXN108191,2024-06-29,CUST0415,West,Electronics,1,40914.9,40914.9
TXN111654,2024-06-29,CUST0179,South,Home & Living,1,5975.6,5975.6
TXN107369,2024-06-29,CUST0055,North,Electronics,1,12577.5,12577.5
TXN106356,2024-06-29,CUST0525,Central,Home & Living,1,6906.47,6906.47
TXN114835,2024-06-29,CUST0520,North,Electronics,2,21669.8,43339.61
TXN100442,2024-06-29,CUST0421,Central,Beauty,1,686.93,686.93
TXN110670,2024-06-29,CUST0746,South,Electronics,1,38209.9,38209.9
TXN102931,2024-06-29,CUST0167,West,Grocery,2,709.59,1419.18
TXN108391,2024-06-29,CUST0259,South,Electronics,1,7835.81,7835.81
TXN114220,2024-06-29,CUST0056,North,Home & Living,2,14396.7,28793.4
TXN108436,2024-06-29,CUST0718,Central,Electronics,1,72491.73,72491.73
TXN107705,2024-06-29,CUST0117,South,Apparel,1,2660.53,2660.53
TXN113844,2024-06-29,CUST0372,Central,Beauty,3,2073.34,6220.02
TXN109907,2024-06-29,CUST0135,North,Grocery,1,347.09,347.09
TXN112832,2024-06-29,CUST0018,South,Beauty,1,797.5,797.5
TXN112946,2024-06-29,CUST0422,North,Apparel,1,4322.38,4322.38
TXN112881,2024-06-29,CUST0452,South,Electronics,1,26160.85,26160.85
TXN104348,2024-06-29,CUST0533,North,Apparel,1,5277.88,5277.88
TXN100004,2024-06-29,CUST0056,North,Electronics,1,38085.38,38085.38
TXN113211,2024-06-29,CUST0396,West,Beauty,1,4906.04,4906.04
TXN100636,2024-06-30,CUST0718,Central,Home & Living,1,3601.95,3601.95
TXN105301,2024-06-30,CUST0168,South,Home & Living,1,3224.85,3224.85
TXN111325,2024-06-30,CUST0281,West,Apparel,1,1549.47,1549.47
TXN110922,2024-06-30,CUST0511,North,Apparel,1,1973.62,1973.62
TXN100165,2024-06-30,CUST0259,South,Home & Living,1,1955.66,1955.66
TXN110437,2024-06-30,CUST0682,North,Electronics,2,27541.89,55083.79
TXN107915,2024-06-30,CUST0158,North,Apparel,1,716.4,716.4
TXN104567,2024-06-30,CUST0794,North,Home & Living,1,6009.48,6009.48
TXN106065,2024-06-30,CUST0228,West,Apparel,1,1792.61,1792.61
TXN106347,2024-06-30,CUST0572,North,Apparel,1,3059.46,3059.46
TXN113358,2024-06-30,CUST0485,South,Home & Living,2,4734.86,9469.72
TXN104062,2024-06-30,CUST0649,Central,Apparel,1,3291.04,3291.04
TXN111395,2024-06-30,CUST0756,North,Grocery,1,786.79,786.79
TXN108685,2024-06-30,CUST0091,West,Grocery,1,57.68,57.68
TXN102482,2024-06-30,CUST0497,North,Apparel,1,501.56,501.56
TXN100058,2024-06-30,CUST0320,North,Beauty,1,1451.65,1451.65
TXN103707,2024-06-30,CUST0314,East,Grocery,1,1059.26,1059.26
TXN106895,2024-06-30,CUST0787,West,Electronics,1,19441.94,19441.94
TXN103300,2024-07-01,CUST0004,East,Home & Living,1,696.84,696.84
TXN101816,2024-07-01,CUST0249,West,Grocery,1,371.87,371.87
TXN109780,2024-07-01,CUST0347,West,Apparel,1,1727.8,1727.8
TXN113821,2024-07-01,CUST0536,East,Home & Living,2,1594.93,3189.86
TXN112161,2024-07-01,CUST0391,North,Grocery,1,1983.07,1983.07
TXN110775,2024-07-01,CUST0590,South,Grocery,1,79.74,79.74
TXN106511,2024-07-01,CUST0246,East,Apparel,1,2567.77,2567.77
TXN110620,2024-07-01,CUST0062,South,Apparel,3,3111.33,9334.0
TXN106458,2024-07-01,CUST0391,North,Apparel,1,6565.43,6565.43
TXN113369,2024-07-01,CUST0481,East,Grocery,1,1169.9,1169.9
TXN104789,2024-07-01,CUST0454,North,Apparel,1,3416.07,3416.07
TXN111681,2024-07-01,CUST0054,Central,Electronics,1,12031.62,12031.62
TXN102074,2024-07-01,CUST0485,South,Home & Living,1,5199.89,5199.89
TXN114689,2024-07-01,CUST0013,North,Apparel,1,3921.07,3921.07
TXN104451,2024-07-02,CUST0764,North,Grocery,1,740.41,740.41
TXN110021,2024-07-02,CUST0226,South,Grocery,2,365.61,731.23
TXN100144,2024-07-02,CUST0337,West,Home & Living,2,3677.18,7354.36
TXN112527,2024-07-02,CUST0096,North,Home & Living,2,5470.33,10940.66
TXN102155,2024-07-02,CUST0159,North,Electronics,2,4578.86,9157.73
TXN101781,2024-07-02,CUST0354,West,Electronics,1,3038.65,3038.65
TXN107415,2024-07-02,CUST0061,West,Apparel,1,1360.7,1360.7
TXN112071,2024-07-02,CUST0024,South,Electronics,1,27061.53,27061.53
TXN101226,2024-07-02,CUST0572,North,Beauty,1,180.86,180.86
TXN107900,2024-07-02,CUST0414,West,Grocery,1,153.85,153.85
TXN111865,2024-07-02,CUST0468,South,Grocery,1,887.72,887.72
TXN113236,2024-07-02,CUST0338,South,Grocery,1,401.92,401.92
TXN109172,2024-07-02,CUST0356,West,Apparel,1,2617.35,2617.35
TXN100769,2024-07-02,CUST0572,North,Grocery,1,868.77,868.77
TXN108836,2024-07-02,CUST0235,North,Home & Living,1,3323.11,3323.11
TXN103844,2024-07-02,CUST0059,East,Grocery,1,174.59,174.59
TXN108268,2024-07-02,CUST0733,West,Beauty,1,1397.78,1397.78
TXN114045,2024-07-02,CUST0755,North,Beauty,1,1407.87,1407.87
TXN103317,2024-07-02,CUST0297,North,Home & Living,1,5493.7,5493.7
TXN104432,2024-07-02,CUST0626,Central,Home & Living,3,5083.03,15249.09
TXN105941,2024-07-03,CUST0053,North,Apparel,1,6517.68,6517.68
TXN108926,2024-07-03,CUST0470,South,Grocery,1,862.56,862.56
TXN104188,2024-07-03,CUST0800,Central,Electronics,1,36112.9,36112.9
TXN113786,2024-07-03,CUST0193,North,Electronics,1,12602.63,12602.63
TXN102939,2024-07-03,CUST0074,South,Apparel,1,2775.88,2775.88
TXN103730,2024-07-03,CUST0212,Central,Apparel,2,2577.28,5154.57
TXN102128,2024-07-03,CUST0137,North,Electronics,1,29253.05,29253.05
TXN108603,2024-07-03,CUST0257,West,Home & Living,1,9477.08,9477.08
TXN105053,2024-07-03,CUST0151,East,Home & Living,1,12299.25,12299.25
TXN109728,2024-07-03,CUST0672,West,Apparel,2,5484.3,10968.6
TXN103428,2024-07-03,CUST0569,North,Grocery,1,1400.37,1400.37
TXN113403,2024-07-03,CUST0070,Central,Apparel,1,2994.4,2994.4
TXN105044,2024-07-03,CUST0220,North,Electronics,1,4390.0,4390.0
TXN107109,2024-07-03,CUST0568,Central,Home & Living,1,4875.4,4875.4
TXN102334,2024-07-03,CUST0248,North,Grocery,1,2046.25,2046.25
TXN113836,2024-07-03,CUST0633,South,Apparel,1,2963.94,2963.94
TXN103684,2024-07-03,CUST0375,East,Electronics,1,28354.72,28354.72
TXN106623,2024-07-04,CUST0721,North,Apparel,3,868.47,2605.42
TXN109455,2024-07-04,CUST0274,North,Grocery,2,583.75,1167.51
TXN108806,2024-07-04,CUST0221,West,Electronics,1,42742.67,42742.67
TXN102712,2024-07-04,CUST0106,Central,Electronics,1,19481.8,19481.8
TXN110975,2024-07-04,CUST0273,North,Home & Living,1,5964.36,5964.36
TXN105209,2024-07-04,CUST0253,Central,Electronics,1,39450.42,39450.42
TXN108546,2024-07-04,CUST0620,Central,Home & Living,1,700.19,700.19
TXN101824,2024-07-04,CUST0672,West,Apparel,1,6313.33,6313.33
TXN114265,2024-07-04,CUST0064,South,Home & Living,1,3787.55,3787.55
TXN109552,2024-07-04,CUST0293,East,Grocery,1,387.45,387.45
TXN102019,2024-07-04,CUST0147,North,Grocery,1,413.37,413.37
TXN102918,2024-07-04,CUST0164,South,Grocery,2,422.54,845.07
TXN113702,2024-07-04,CUST0192,West,Electronics,1,7719.99,7719.99
TXN112111,2024-07-04,CUST0126,North,Beauty,1,958.36,958.36
TXN105993,2024-07-04,CUST0720,Central,Apparel,1,1219.48,1219.48
TXN107886,2024-07-04,CUST0004,East,Beauty,1,1998.07,1998.07
TXN112056,2024-07-04,CUST0285,Central,Electronics,1,5144.12,5144.12
TXN108759,2024-07-04,CUST0501,North,Grocery,1,465.84,465.84
TXN109226,2024-07-04,CUST0023,South,Grocery,1,534.57,534.57
TXN113179,2024-07-04,CUST0687,South,Apparel,1,1011.35,1011.35
TXN108703,2024-07-04,CUST0800,Central,Apparel,1,3433.69,3433.69
TXN100782,2024-07-05,CUST0737,North,Apparel,1,1111.26,1111.26
TXN101931,2024-07-05,CUST0634,East,Apparel,1,2647.69,2647.69
TXN107209,2024-07-05,CUST0105,South,Beauty,1,1027.86,1027.86
TXN102843,2024-07-05,CUST0322,Central,Beauty,1,799.56,799.56
TXN112658,2024-07-05,CUST0127,North,Apparel,2,3506.96,7013.92
TXN100679,2024-07-05,CUST0056,North,Beauty,2,559.45,1118.9
TXN100520,2024-07-05,CUST0641,Central,Apparel,1,1687.57,1687.57
TXN106606,2024-07-05,CUST0109,North,Apparel,1,1503.05,1503.05
TXN106133,2024-07-05,CUST0647,West,Grocery,1,1024.32,1024.32
TXN110474,2024-07-05,CUST0325,East,Grocery,2,1136.34,2272.67
TXN109995,2024-07-05,CUST0632,East,Apparel,1,6768.63,6768.63
TXN106423,2024-07-05,CUST0331,West,Apparel,1,2325.9,2325.9
TXN112229,2024-07-05,CUST0383,East,Beauty,1,2698.56,2698.56
TXN108406,2024-07-05,CUST0031,North,Grocery,1,695.48,695.48
TXN109330,2024-07-05,CUST0693,North,Electronics,1,20258.21,20258.21
TXN104247,2024-07-05,CUST0576,West,Electronics,1,69368.46,69368.46
TXN106047,2024-07-05,CUST0169,East,Electronics,1,8401.91,8401.91
TXN103610,2024-07-05,CUST0761,South,Beauty,1,224.52,224.52
TXN112195,2024-07-05,CUST0684,North,Apparel,1,808.91,808.91
TXN114510,2024-07-05,CUST0321,Central,Apparel,1,1770.32,1770.32
TXN105842,2024-07-06,CUST0115,East,Electronics,1,23062.5,23062.5
TXN104298,2024-07-06,CUST0766,South,Electronics,1,40451.64,40451.64
TXN114825,2024-07-06,CUST0535,Central,Grocery,1,163.31,163.31
TXN111772,2024-07-06,CUST0013,North,Apparel,2,2009.4,4018.8
TXN109533,2024-07-06,CUST0533,North,Grocery,2,1062.57,2125.15
TXN100584,2024-07-06,CUST0514,West,Grocery,2,130.77,261.53
TXN114736,2024-07-06,CUST0273,North,Home & Living,1,3992.71,3992.71
TXN109865,2024-07-06,CUST0031,North,Grocery,1,451.42,451.42
TXN102493,2024-07-06,CUST0749,North,Grocery,1,423.47,423.47
TXN106110,2024-07-06,CUST0031,North,Electronics,1,19674.58,19674.58
TXN111163,2024-07-06,CUST0489,North,Beauty,1,3071.66,3071.66
TXN111497,2024-07-06,CUST0048,Central,Electronics,1,25436.41,25436.41
TXN114121,2024-07-06,CUST0056,North,Apparel,1,1948.64,1948.64
TXN106546,2024-07-06,CUST0246,East,Electronics,1,8120.37,8120.37
TXN108721,2024-07-07,CUST0205,West,Apparel,1,4029.5,4029.5
TXN103587,2024-07-07,CUST0288,North,Apparel,2,2642.91,5285.83
TXN106624,2024-07-07,CUST0277,South,Grocery,1,766.08,766.08
TXN107084,2024-07-07,CUST0267,North,Apparel,1,946.41,946.41
TXN107896,2024-07-07,CUST0402,North,Apparel,1,1904.64,1904.64
TXN103983,2024-07-07,CUST0548,South,Apparel,1,1418.16,1418.16
TXN104319,2024-07-07,CUST0471,West,Apparel,1,669.42,669.42
TXN105462,2024-07-07,CUST0532,West,Apparel,1,6154.13,6154.13
TXN110059,2024-07-07,CUST0243,South,Home & Living,1,5241.07,5241.07
TXN108732,2024-07-07,CUST0075,North,Apparel,1,3745.4,3745.4
TXN104554,2024-07-07,CUST0157,East,Home & Living,2,3221.18,6442.36
TXN102156,2024-07-07,CUST0155,South,Apparel,1,5728.59,5728.59
TXN112185,2024-07-07,CUST0186,South,Grocery,1,210.18,210.18
TXN110961,2024-07-07,CUST0203,West,Apparel,1,2618.77,2618.77
TXN113380,2024-07-07,CUST0212,Central,Apparel,1,1471.88,1471.88
TXN104423,2024-07-07,CUST0084,North,Apparel,1,2625.81,2625.81
TXN100531,2024-07-07,CUST0010,North,Grocery,3,477.45,1432.35
TXN106430,2024-07-07,CUST0279,North,Electronics,1,28701.17,28701.17
TXN114900,2024-07-07,CUST0244,East,Home & Living,1,2307.21,2307.21
TXN107969,2024-07-07,CUST0661,South,Electronics,2,27948.12,55896.25
TXN103810,2024-07-07,CUST0537,North,Apparel,1,4133.43,4133.43
TXN107515,2024-07-07,CUST0388,North,Electronics,1,15962.61,15962.61
TXN105918,2024-07-07,CUST0624,North,Home & Living,1,659.27,659.27
TXN110972,2024-07-07,CUST0093,West,Home & Living,1,3538.82,3538.82
TXN114012,2024-07-08,CUST0221,West,Apparel,1,877.94,877.94
TXN104249,2024-07-08,CUST0409,North,Electronics,1,10904.67,10904.67
TXN101792,2024-07-08,CUST0716,North,Home & Living,1,1532.31,1532.31
TXN102724,2024-07-08,CUST0647,West,Electronics,1,19181.73,19181.73
TXN107143,2024-07-08,CUST0048,Central,Home & Living,1,2737.51,2737.51
TXN113750,2024-07-08,CUST0010,North,Grocery,1,881.16,881.16
TXN111000,2024-07-08,CUST0228,West,Electronics,1,18690.96,18690.96
TXN107117,2024-07-08,CUST0541,North,Apparel,1,5908.69,5908.69
TXN106494,2024-07-08,CUST0428,North,Home & Living,1,14285.63,14285.63
TXN105572,2024-07-08,CUST0304,Central,Grocery,1,616.98,616.98
TXN103981,2024-07-08,CUST0286,South,Electronics,1,21152.85,21152.85
TXN114623,2024-07-08,CUST0415,West,Apparel,1,3867.58,3867.58
TXN109654,2024-07-08,CUST0262,Central,Grocery,1,1702.65,1702.65
TXN109657,2024-07-08,CUST0303,Central,Apparel,2,1238.38,2476.75
TXN100460,2024-07-08,CUST0053,North,Apparel,2,1148.57,2297.13
TXN111896,2024-07-08,CUST0748,East,Beauty,1,1883.6,1883.6
TXN102218,2024-07-08,CUST0657,West,Home & Living,2,5559.33,11118.67
TXN112709,2024-07-08,CUST0198,North,Apparel,1,6960.43,6960.43
TXN114130,2024-07-08,CUST0597,South,Grocery,2,112.23,224.47
TXN112029,2024-07-08,CUST0800,Central,Apparel,2,6516.72,13033.43
TXN113866,2024-07-09,CUST0721,North,Beauty,1,5348.05,5348.05
TXN107543,2024-07-09,CUST0412,South,Home & Living,1,12313.01,12313.01
TXN100761,2024-07-09,CUST0344,East,Electronics,1,18676.71,18676.71
TXN113253,2024-07-09,CUST0164,South,Electronics,1,29396.33,29396.33
TXN101592,2024-07-09,CUST0767,East,Home & Living,1,3328.89,3328.89
TXN111904,2024-07-09,CUST0105,South,Grocery,1,384.6,384.6
TXN112950,2024-07-09,CUST0248,North,Electronics,1,69125.52,69125.52
TXN102979,2024-07-09,CUST0509,South,Electronics,1,24954.9,24954.9
TXN106595,2024-07-09,CUST0253,Central,Home & Living,3,6915.7,20747.09
TXN101856,2024-07-09,CUST0406,West,Beauty,1,789.9,789.9
TXN100643,2024-07-09,CUST0798,North,Grocery,1,1189.74,1189.74
TXN107366,2024-07-09,CUST0474,North,Home & Living,1,3744.0,3744.0
TXN111463,2024-07-10,CUST0785,Central,Beauty,1,1891.27,1891.27
TXN114168,2024-07-10,CUST0445,West,Grocery,1,93.5,93.5
TXN103683,2024-07-10,CUST0718,Central,Home & Living,1,9068.8,9068.8
TXN101203,2024-07-10,CUST0772,North,Apparel,2,923.15,1846.31
TXN113262,2024-07-10,CUST0105,South,Electronics,1,47982.17,47982.17
TXN110103,2024-07-10,CUST0274,North,Apparel,1,1675.52,1675.52
TXN111280,2024-07-10,CUST0595,South,Beauty,1,4862.28,4862.28
TXN114143,2024-07-10,CUST0523,West,Electronics,1,64291.98,64291.98
TXN114046,2024-07-10,CUST0646,North,Apparel,1,3622.46,3622.46
TXN106762,2024-07-10,CUST0193,North,Electronics,1,41512.77,41512.77
TXN113558,2024-07-10,CUST0211,North,Home & Living,1,695.22,695.22
TXN114861,2024-07-11,CUST0672,West,Home & Living,1,3584.83,3584.83
TXN100757,2024-07-11,CUST0054,Central,Apparel,1,4974.79,4974.79
TXN105211,2024-07-11,CUST0046,South,Apparel,1,3581.63,3581.63
TXN109875,2024-07-11,CUST0153,North,Beauty,1,2039.54,2039.54
TXN102396,2024-07-11,CUST0265,South,Apparel,1,1856.45,1856.45
TXN114219,2024-07-11,CUST0161,North,Home & Living,1,1587.36,1587.36
TXN103626,2024-07-11,CUST0470,South,Electronics,3,34662.66,103987.97
TXN112177,2024-07-11,CUST0458,South,Grocery,3,145.67,437.0
TXN101538,2024-07-11,CUST0419,East,Apparel,2,4425.87,8851.75
TXN113157,2024-07-11,CUST0486,East,Apparel,1,7109.75,7109.75
TXN105566,2024-07-11,CUST0688,West,Apparel,1,1916.82,1916.82
TXN100278,2024-07-11,CUST0242,West,Apparel,1,2835.54,2835.54
TXN110299,2024-07-11,CUST0105,South,Beauty,2,4853.06,9706.13
TXN107318,2024-07-11,CUST0363,South,Grocery,1,388.48,388.48
TXN103039,2024-07-11,CUST0648,West,Apparel,1,2466.74,2466.74
TXN108649,2024-07-11,CUST0016,East,Apparel,1,1010.13,1010.13
TXN111789,2024-07-11,CUST0145,North,Grocery,1,66.52,66.52
TXN108592,2024-07-11,CUST0014,Central,Home & Living,2,3362.29,6724.58
TXN101926,2024-07-12,CUST0784,South,Apparel,1,1560.05,1560.05
TXN110502,2024-07-12,CUST0789,South,Grocery,1,696.92,696.92
TXN112776,2024-07-12,CUST0677,West,Beauty,1,1876.82,1876.82
TXN103547,2024-07-12,CUST0722,Central,Electronics,1,26201.86,26201.86
TXN114682,2024-07-12,CUST0646,North,Apparel,1,6614.3,6614.3
TXN108366,2024-07-12,CUST0560,East,Apparel,2,3357.44,6714.89
TXN111480,2024-07-12,CUST0225,Central,Apparel,1,743.68,743.68
TXN105876,2024-07-12,CUST0524,North,Grocery,2,605.8,1211.6
TXN108748,2024-07-12,CUST0419,East,Beauty,2,2925.44,5850.88
TXN101629,2024-07-12,CUST0186,South,Grocery,1,592.97,592.97
TXN113309,2024-07-12,CUST0056,North,Apparel,1,1244.26,1244.26
TXN108567,2024-07-12,CUST0273,North,Electronics,1,11890.76,11890.76
TXN112447,2024-07-12,CUST0160,West,Home & Living,1,1682.45,1682.45
TXN110344,2024-07-12,CUST0746,South,Beauty,1,2307.77,2307.77
TXN114759,2024-07-12,CUST0677,West,Grocery,1,432.88,432.88
TXN108286,2024-07-13,CUST0718,Central,Grocery,1,1366.34,1366.34
TXN107777,2024-07-13,CUST0329,South,Apparel,2,1821.38,3642.75
TXN100992,2024-07-13,CUST0446,East,Home & Living,1,4283.95,4283.95
TXN100289,2024-07-13,CUST0797,North,Electronics,1,21800.23,21800.23
TXN100064,2024-07-13,CUST0797,North,Apparel,1,2028.55,2028.55
TXN105138,2024-07-13,CUST0197,Central,Electronics,1,41940.93,41940.93
TXN109499,2024-07-13,CUST0796,East,Apparel,1,3847.15,3847.15
TXN109729,2024-07-13,CUST0026,Central,Electronics,1,10543.6,10543.6
TXN109938,2024-07-13,CUST0476,North,Apparel,1,4224.21,4224.21
TXN100844,2024-07-13,CUST0360,North,Electronics,1,42765.77,42765.77
TXN100861,2024-07-13,CUST0710,West,Apparel,2,2402.23,4804.47
TXN109415,2024-07-13,CUST0746,South,Apparel,2,965.82,1931.63
TXN105594,2024-07-13,CUST0649,Central,Apparel,3,756.56,2269.67
TXN100813,2024-07-13,CUST0026,Central,Electronics,1,32419.1,32419.1
TXN103456,2024-07-13,CUST0359,West,Home & Living,1,5350.16,5350.16
TXN101219,2024-07-13,CUST0281,West,Apparel,1,1822.62,1822.62
TXN102417,2024-07-13,CUST0720,Central,Apparel,2,2984.6,5969.2
TXN103889,2024-07-13,CUST0736,North,Apparel,1,1324.89,1324.89
TXN103680,2024-07-13,CUST0796,East,Apparel,2,4188.56,8377.12
TXN105592,2024-07-14,CUST0409,North,Apparel,2,2484.34,4968.69
TXN108648,2024-07-14,CUST0792,Central,Home & Living,1,1310.17,1310.17
TXN105988,2024-07-14,CUST0420,North,Apparel,1,1547.69,1547.69
TXN109076,2024-07-14,CUST0706,South,Beauty,1,3820.62,3820.62
TXN103785,2024-07-14,CUST0412,South,Grocery,1,718.2,718.2
TXN114441,2024-07-14,CUST0720,Central,Home & Living,2,4405.79,8811.59
TXN106805,2024-07-14,CUST0178,North,Home & Living,1,2608.58,2608.58
TXN106957,2024-07-14,CUST0476,North,Beauty,1,4931.3,4931.3
TXN114890,2024-07-14,CUST0029,West,Electronics,1,15059.22,15059.22
TXN103409,2024-07-14,CUST0352,West,Grocery,1,718.41,718.41
TXN113807,2024-07-14,CUST0233,North,Grocery,2,340.74,681.47
TXN110240,2024-07-14,CUST0010,North,Beauty,2,340.45,680.89
TXN107881,2024-07-14,CUST0239,North,Electronics,1,24388.17,24388.17
TXN111763,2024-07-14,CUST0297,North,Apparel,1,956.87,956.87
TXN109467,2024-07-14,CUST0265,South,Beauty,1,2646.11,2646.11
TXN107780,2024-07-14,CUST0010,North,Grocery,1,262.32,262.32
TXN104731,2024-07-14,CUST0561,Central,Home & Living,1,5143.14,5143.14
TXN100687,2024-07-15,CUST0263,West,Home & Living,2,4305.75,8611.51
TXN111508,2024-07-15,CUST0780,East,Beauty,1,448.25,448.25
TXN112756,2024-07-15,CUST0791,West,Apparel,1,1854.32,1854.32
TXN102884,2024-07-15,CUST0179,South,Apparel,2,6063.62,12127.24
TXN114382,2024-07-15,CUST0718,Central,Grocery,2,1814.6,3629.21
TXN106593,2024-07-15,CUST0176,North,Grocery,1,298.03,298.03
TXN107398,2024-07-15,CUST0091,West,Apparel,1,1498.04,1498.04
TXN106932,2024-07-15,CUST0447,North,Beauty,1,3994.17,3994.17
TXN104127,2024-07-15,CUST0082,East,Grocery,1,530.07,530.07
TXN100497,2024-07-15,CUST0502,Central,Electronics,1,3484.89,3484.89
TXN107056,2024-07-15,CUST0433,North,Apparel,1,638.18,638.18
TXN107067,2024-07-15,CUST0149,West,Beauty,1,1578.74,1578.74
TXN114458,2024-07-15,CUST0356,West,Electronics,1,41773.2,41773.2
TXN110734,2024-07-15,CUST0272,North,Home & Living,1,7273.32,7273.32
TXN100012,2024-07-15,CUST0429,Central,Grocery,1,149.19,149.19
TXN104716,2024-07-15,CUST0568,Central,Grocery,1,602.78,602.78
TXN109270,2024-07-15,CUST0054,Central,Apparel,1,5936.75,5936.75
TXN110524,2024-07-16,CUST0261,West,Electronics,1,19762.62,19762.62
TXN105526,2024-07-16,CUST0056,North,Electronics,1,9447.96,9447.96
TXN101918,2024-07-16,CUST0056,North,Grocery,1,1326.25,1326.25
TXN100117,2024-07-16,CUST0542,South,Electronics,2,21207.68,42415.37
TXN103552,2024-07-16,CUST0732,East,Grocery,1,1015.02,1015.02
TXN108845,2024-07-16,CUST0560,East,Home & Living,1,4680.78,4680.78
TXN114560,2024-07-16,CUST0438,South,Electronics,1,36263.32,36263.32
TXN102559,2024-07-16,CUST0454,North,Apparel,2,7515.24,15030.48
TXN114366,2024-07-16,CUST0441,West,Electronics,1,4110.48,4110.48
TXN113263,2024-07-16,CUST0540,North,Home & Living,2,3603.26,7206.52
TXN106747,2024-07-16,CUST0031,North,Grocery,1,986.87,986.87
TXN108160,2024-07-16,CUST0746,South,Apparel,2,5869.2,11738.39
TXN107643,2024-07-16,CUST0551,West,Grocery,1,321.22,321.22
TXN104732,2024-07-16,CUST0435,East,Home & Living,2,4681.2,9362.4
TXN111981,2024-07-16,CUST0114,South,Home & Living,1,777.67,777.67
TXN110354,2024-07-16,CUST0668,South,Electronics,1,28044.29,28044.29
TXN109767,2024-07-16,CUST0790,West,Apparel,3,2638.0,7914.0
TXN105086,2024-07-17,CUST0298,North,Grocery,1,776.13,776.13
TXN112222,2024-07-17,CUST0785,Central,Home & Living,1,1948.47,1948.47
TXN111703,2024-07-17,CUST0672,West,Electronics,1,44541.31,44541.31
TXN106257,2024-07-17,CUST0193,North,Beauty,1,4890.8,4890.8
TXN100547,2024-07-17,CUST0281,West,Apparel,1,2866.03,2866.03
TXN113991,2024-07-17,CUST0486,East,Beauty,2,312.12,624.24
TXN111577,2024-07-17,CUST0340,East,Grocery,1,581.65,581.65
TXN107184,2024-07-17,CUST0454,North,Apparel,1,4921.06,4921.06
TXN112522,2024-07-17,CUST0509,South,Apparel,3,2715.65,8146.94
TXN108880,2024-07-17,CUST0204,West,Grocery,1,102.94,102.94
TXN102673,2024-07-17,CUST0389,South,Apparel,1,3073.36,3073.36
TXN104521,2024-07-17,CUST0095,East,Electronics,1,29999.13,29999.13
TXN113557,2024-07-17,CUST0479,North,Apparel,1,7269.0,7269.0
TXN105451,2024-07-17,CUST0425,South,Home & Living,1,1787.16,1787.16
TXN101230,2024-07-17,CUST0391,North,Electronics,1,61051.86,61051.86
TXN101235,2024-07-17,CUST0741,West,Grocery,1,831.34,831.34
TXN103647,2024-07-17,CUST0694,North,Home & Living,1,2247.62,2247.62
TXN113666,2024-07-17,CUST0153,North,Electronics,1,1860.02,1860.02
TXN103585,2024-07-17,CUST0757,East,Apparel,2,773.77,1547.55
TXN109322,2024-07-17,CUST0259,South,Electronics,1,44604.55,44604.55
TXN105715,2024-07-18,CUST0796,East,Electronics,1,62611.36,62611.36
TXN112822,2024-07-18,CUST0529,East,Grocery,1,826.68,826.68
TXN101221,2024-07-18,CUST0192,West,Apparel,1,3915.86,3915.86
TXN108264,2024-07-18,CUST0541,North,Apparel,2,2073.88,4147.77
TXN107163,2024-07-18,CUST0721,North,Apparel,1,4622.67,4622.67
TXN109737,2024-07-18,CUST0150,East,Beauty,2,371.42,742.83
TXN105803,2024-07-18,CUST0325,East,Grocery,1,1724.2,1724.2
TXN100789,2024-07-18,CUST0537,North,Electronics,1,19461.53,19461.53
TXN111574,2024-07-18,CUST0184,North,Apparel,1,5985.38,5985.38
TXN102844,2024-07-18,CUST0329,South,Beauty,3,1571.01,4713.03
TXN104165,2024-07-18,CUST0578,East,Beauty,1,1362.89,1362.89
TXN112389,2024-07-18,CUST0088,North,Apparel,1,4408.59,4408.59
TXN114811,2024-07-18,CUST0513,East,Grocery,1,1636.12,1636.12
TXN102266,2024-07-18,CUST0333,North,Apparel,1,2681.53,2681.53
TXN114413,2024-07-18,CUST0796,East,Home & Living,1,9252.97,9252.97
TXN105845,2024-07-18,CUST0554,West,Beauty,2,490.95,981.89
TXN110281,2024-07-18,CUST0183,North,Electronics,2,18082.14,36164.28
TXN106015,2024-07-18,CUST0366,West,Electronics,2,22372.2,44744.4
TXN110892,2024-07-18,CUST0266,West,Grocery,2,382.46,764.91
TXN106936,2024-07-18,CUST0116,South,Apparel,1,5329.85,5329.85
TXN105970,2024-07-18,CUST0292,East,Home & Living,1,1115.71,1115.71
TXN112248,2024-07-18,CUST0428,North,Grocery,2,1989.39,3978.77
TXN110951,2024-07-18,CUST0115,East,Apparel,1,3652.66,3652.66
TXN111808,2024-07-18,CUST0155,South,Home & Living,2,2654.31,5308.63
TXN105394,2024-07-18,CUST0749,North,Beauty,1,2812.92,2812.92
TXN101184,2024-07-19,CUST0685,South,Grocery,1,1414.78,1414.78
TXN108309,2024-07-19,CUST0029,West,Electronics,1,23910.71,23910.71
TXN113505,2024-07-19,CUST0712,West,Apparel,1,876.13,876.13
TXN112014,2024-07-19,CUST0397,Central,Apparel,2,3101.95,6203.9
TXN110653,2024-07-19,CUST0432,North,Beauty,1,2928.11,2928.11
TXN100475,2024-07-19,CUST0701,East,Home & Living,1,4368.77,4368.77
TXN106304,2024-07-19,CUST0039,East,Grocery,1,853.82,853.82
TXN101991,2024-07-19,CUST0147,North,Apparel,1,3996.58,3996.58
TXN107160,2024-07-19,CUST0016,East,Home & Living,1,1406.9,1406.9
TXN103388,2024-07-19,CUST0574,South,Apparel,1,4285.08,4285.08
TXN111537,2024-07-19,CUST0003,East,Grocery,1,75.54,75.54
TXN111203,2024-07-19,CUST0046,South,Apparel,1,4402.09,4402.09
TXN103437,2024-07-19,CUST0780,East,Electronics,1,7689.45,7689.45
TXN102572,2024-07-19,CUST0363,South,Electronics,1,13857.09,13857.09
TXN109526,2024-07-19,CUST0672,West,Apparel,2,6921.35,13842.71
TXN110359,2024-07-20,CUST0736,North,Grocery,1,1573.6,1573.6
TXN111002,2024-07-20,CUST0384,Central,Apparel,1,7270.03,7270.03
TXN108691,2024-07-20,CUST0005,South,Grocery,2,472.48,944.96
TXN104322,2024-07-20,CUST0146,North,Electronics,2,11146.8,22293.6
TXN107736,2024-07-20,CUST0501,North,Grocery,1,588.69,588.69
TXN105042,2024-07-20,CUST0402,North,Home & Living,3,11625.59,34876.78
TXN106766,2024-07-20,CUST0365,North,Grocery,2,1115.14,2230.28
TXN110783,2024-07-20,CUST0397,Central,Electronics,1,22937.2,22937.2
TXN100367,2024-07-20,CUST0286,South,Apparel,1,2438.51,2438.51
TXN107175,2024-07-20,CUST0108,South,Apparel,1,4397.23,4397.23
TXN111064,2024-07-20,CUST0365,North,Grocery,1,1318.97,1318.97
TXN102687,2024-07-20,CUST0465,North,Electronics,2,55040.21,110080.42
TXN101720,2024-07-20,CUST0443,West,Apparel,1,1403.48,1403.48
TXN111558,2024-07-20,CUST0736,North,Electronics,1,29605.5,29605.5
TXN101276,2024-07-20,CUST0403,North,Electronics,3,6669.48,20008.45
TXN112662,2024-07-21,CUST0385,North,Grocery,1,754.27,754.27
TXN101051,2024-07-21,CUST0293,East,Grocery,1,639.38,639.38
TXN108470,2024-07-21,CUST0752,East,Electronics,1,52553.41,52553.41
TXN106935,2024-07-21,CUST0258,South,Apparel,1,4289.93,4289.93
TXN107181,2024-07-21,CUST0687,South,Home & Living,1,7234.3,7234.3
TXN113219,2024-07-21,CUST0420,North,Grocery,1,511.38,511.38
TXN114261,2024-07-21,CUST0793,North,Grocery,1,431.64,431.64
TXN103332,2024-07-21,CUST0773,West,Grocery,1,834.65,834.65
TXN106789,2024-07-21,CUST0075,North,Home & Living,1,3002.97,3002.97
TXN112790,2024-07-21,CUST0007,Central,Electronics,1,18061.16,18061.16
TXN107913,2024-07-21,CUST0545,West,Home & Living,1,948.42,948.42
TXN109541,2024-07-21,CUST0757,East,Grocery,3,324.63,973.88
TXN100571,2024-07-21,CUST0056,North,Grocery,1,486.76,486.76
TXN112706,2024-07-21,CUST0122,South,Home & Living,2,9904.58,19809.17
TXN105362,2024-07-22,CUST0767,East,Beauty,1,1325.66,1325.66
TXN114185,2024-07-22,CUST0358,Central,Electronics,1,29385.4,29385.4
TXN106666,2024-07-22,CUST0518,West,Home & Living,1,2947.48,2947.48
TXN107361,2024-07-22,CUST0417,North,Home & Living,1,5063.14,5063.14
TXN102889,2024-07-22,CUST0454,North,Grocery,1,709.98,709.98
TXN105039,2024-07-22,CUST0367,West,Beauty,1,1034.6,1034.6
TXN107164,2024-07-22,CUST0138,Central,Apparel,1,1123.8,1123.8
TXN111916,2024-07-22,CUST0382,South,Apparel,1,1250.71,1250.71
TXN111450,2024-07-22,CUST0748,East,Grocery,1,523.94,523.94
TXN103620,2024-07-22,CUST0243,South,Home & Living,1,10283.04,10283.04
TXN109600,2024-07-22,CUST0190,West,Beauty,2,844.78,1689.57
TXN101487,2024-07-22,CUST0012,West,Home & Living,1,11531.14,11531.14
TXN114997,2024-07-22,CUST0499,East,Beauty,2,4137.44,8274.88
TXN110286,2024-07-22,CUST0199,Central,Apparel,2,884.59,1769.17
TXN110262,2024-07-22,CUST0646,North,Apparel,1,3226.69,3226.69
TXN114713,2024-07-22,CUST0199,Central,Electronics,1,68890.2,68890.2
TXN101723,2024-07-22,CUST0470,South,Electronics,2,66925.13,133850.27
TXN100167,2024-07-23,CUST0388,North,Home & Living,1,3142.69,3142.69
TXN103612,2024-07-23,CUST0260,East,Apparel,1,427.95,427.95
TXN106683,2024-07-23,CUST0262,Central,Grocery,1,928.47,928.47
TXN106917,2024-07-23,CUST0745,Central,Apparel,1,1933.79,1933.79
TXN113670,2024-07-23,CUST0001,West,Apparel,1,807.1,807.1
TXN109688,2024-07-23,CUST0360,North,Home & Living,2,6486.1,12972.2
TXN108141,2024-07-23,CUST0031,North,Grocery,2,242.35,484.69
TXN100900,2024-07-23,CUST0662,East,Grocery,1,700.04,700.04
TXN114378,2024-07-23,CUST0150,East,Apparel,2,1907.04,3814.07
TXN108329,2024-07-23,CUST0718,Central,Beauty,1,4206.38,4206.38
TXN106295,2024-07-23,CUST0680,South,Electronics,1,33185.3,33185.3
TXN114167,2024-07-23,CUST0489,North,Home & Living,3,5294.66,15883.99
TXN107499,2024-07-23,CUST0304,Central,Apparel,2,2006.47,4012.95
TXN110789,2024-07-23,CUST0213,Central,Home & Living,1,7153.83,7153.83
TXN102530,2024-07-23,CUST0223,Central,Grocery,1,390.69,390.69
TXN111695,2024-07-23,CUST0184,North,Grocery,2,588.93,1177.86
TXN110485,2024-07-23,CUST0237,South,Electronics,1,28393.17,28393.17
TXN101593,2024-07-23,CUST0261,West,Home & Living,1,2028.58,2028.58
TXN106022,2024-07-23,CUST0133,Central,Electronics,1,31352.72,31352.72
TXN111624,2024-07-23,CUST0359,West,Grocery,2,154.41,308.83
TXN108921,2024-07-24,CUST0533,North,Home & Living,1,12404.64,12404.64
TXN101843,2024-07-24,CUST0799,North,Beauty,1,1005.14,1005.14
TXN103482,2024-07-24,CUST0672,West,Home & Living,1,13383.32,13383.32
TXN111037,2024-07-24,CUST0647,West,Grocery,1,156.92,156.92
TXN106451,2024-07-24,CUST0147,North,Apparel,1,2501.03,2501.03
TXN103419,2024-07-24,CUST0687,South,Apparel,1,1969.74,1969.74
TXN103251,2024-07-24,CUST0306,North,Grocery,3,756.68,2270.05
TXN107984,2024-07-24,CUST0759,West,Apparel,1,3176.08,3176.08
TXN107729,2024-07-24,CUST0647,West,Electronics,1,41543.11,41543.11
TXN102855,2024-07-24,CUST0052,West,Beauty,1,1997.29,1997.29
TXN104439,2024-07-24,CUST0696,East,Grocery,1,1102.15,1102.15
TXN113235,2024-07-24,CUST0356,West,Apparel,1,3013.43,3013.43
TXN112006,2024-07-24,CUST0304,Central,Electronics,1,41645.6,41645.6
TXN102161,2024-07-24,CUST0576,West,Home & Living,1,13847.13,13847.13
TXN101188,2024-07-25,CUST0766,South,Home & Living,1,6923.83,6923.83
TXN105370,2024-07-25,CUST0167,West,Beauty,1,528.67,528.67
TXN105787,2024-07-25,CUST0786,North,Apparel,1,5628.74,5628.74
TXN101869,2024-07-25,CUST0141,North,Grocery,1,1501.75,1501.75
TXN113223,2024-07-25,CUST0229,South,Home & Living,2,6691.56,13383.12
TXN106399,2024-07-25,CUST0089,North,Electronics,3,19427.31,58281.92
TXN110153,2024-07-25,CUST0183,North,Apparel,1,4934.62,4934.62
TXN101118,2024-07-25,CUST0679,West,Grocery,1,1105.42,1105.42
TXN100779,2024-07-25,CUST0634,East,Beauty,2,839.24,1678.47
TXN107551,2024-07-25,CUST0402,North,Electronics,1,27138.27,27138.27
TXN103053,2024-07-25,CUST0680,South,Home & Living,2,4976.8,9953.6
TXN113296,2024-07-25,CUST0434,North,Beauty,1,1116.69,1116.69
TXN107038,2024-07-25,CUST0484,North,Apparel,1,3015.91,3015.91
TXN108645,2024-07-25,CUST0778,East,Apparel,1,4244.56,4244.56
TXN102895,2024-07-25,CUST0486,East,Apparel,1,7267.14,7267.14
TXN109587,2024-07-25,CUST0524,North,Grocery,1,497.72,497.72
TXN108241,2024-07-25,CUST0797,North,Home & Living,1,4821.64,4821.64
TXN111671,2024-07-25,CUST0261,West,Grocery,1,1126.58,1126.58
TXN103645,2024-07-25,CUST0469,East,Grocery,2,199.07,398.14
TXN100533,2024-07-26,CUST0425,South,Beauty,1,1395.87,1395.87
TXN112422,2024-07-26,CUST0277,South,Apparel,1,1515.8,1515.8
TXN100692,2024-07-26,CUST0176,North,Beauty,1,1131.13,1131.13
TXN107825,2024-07-26,CUST0616,Central,Apparel,2,3452.25,6904.51
TXN103724,2024-07-26,CUST0049,East,Apparel,3,709.35,2128.05
TXN111231,2024-07-26,CUST0145,North,Electronics,1,13011.26,13011.26
TXN113378,2024-07-26,CUST0542,South,Home & Living,2,3120.39,6240.78
TXN111426,2024-07-26,CUST0035,South,Beauty,3,4692.53,14077.58
TXN105307,2024-07-26,CUST0639,North,Home & Living,1,5362.87,5362.87
TXN107327,2024-07-26,CUST0138,Central,Home & Living,1,2676.58,2676.58
TXN100810,2024-07-26,CUST0537,North,Electronics,1,19456.67,19456.67
TXN103377,2024-07-26,CUST0175,North,Electronics,1,7524.81,7524.81
TXN104295,2024-07-26,CUST0200,South,Electronics,2,36513.76,73027.53
TXN100085,2024-07-26,CUST0690,South,Electronics,2,14067.2,28134.4
TXN108255,2024-07-26,CUST0391,North,Apparel,3,2795.95,8387.85
TXN104474,2024-07-26,CUST0248,North,Electronics,1,21976.65,21976.65
TXN105484,2024-07-26,CUST0511,North,Electronics,1,25418.76,25418.76
TXN109387,2024-07-27,CUST0037,Central,Grocery,1,38.65,38.65
TXN108407,2024-07-27,CUST0509,South,Apparel,2,2971.64,5943.28
TXN114125,2024-07-27,CUST0044,Central,Grocery,1,473.55,473.55
TXN114069,2024-07-27,CUST0050,East,Apparel,1,368.44,368.44
TXN100376,2024-07-27,CUST0212,Central,Electronics,1,7822.1,7822.1
TXN103040,2024-07-27,CUST0759,West,Electronics,1,45506.19,45506.19
TXN109883,2024-07-27,CUST0465,North,Home & Living,1,13096.47,13096.47
TXN105805,2024-07-27,CUST0183,North,Apparel,2,6446.98,12893.96
TXN111790,2024-07-27,CUST0054,Central,Home & Living,1,8342.27,8342.27
TXN106147,2024-07-27,CUST0581,North,Grocery,1,57.18,57.18
TXN109264,2024-07-27,CUST0071,South,Grocery,1,614.45,614.45
TXN111088,2024-07-27,CUST0534,Central,Electronics,1,14313.24,14313.24
TXN106116,2024-07-27,CUST0187,West,Apparel,1,4442.94,4442.94
TXN112156,2024-07-27,CUST0262,Central,Grocery,1,800.35,800.35
TXN104476,2024-07-28,CUST0258,South,Electronics,2,43786.93,87573.85
TXN105377,2024-07-28,CUST0662,East,Apparel,1,2522.85,2522.85
TXN106858,2024-07-28,CUST0768,North,Apparel,1,5251.28,5251.28
TXN114938,2024-07-28,CUST0489,North,Grocery,1,360.8,360.8
TXN101360,2024-07-28,CUST0163,North,Grocery,1,677.81,677.81
TXN113619,2024-07-28,CUST0327,North,Beauty,1,853.65,853.65
TXN105229,2024-07-28,CUST0326,East,Electronics,2,14734.48,29468.95
TXN103930,2024-07-28,CUST0442,West,Grocery,2,151.3,302.6
TXN110639,2024-07-28,CUST0797,North,Grocery,1,1890.83,1890.83
TXN104294,2024-07-28,CUST0379,West,Electronics,1,38951.81,38951.81
TXN109336,2024-07-28,CUST0726,North,Beauty,2,2642.73,5285.47
TXN113308,2024-07-28,CUST0031,North,Home & Living,1,1349.41,1349.41
TXN114650,2024-07-29,CUST0268,North,Grocery,1,139.21,139.21
TXN106228,2024-07-29,CUST0451,West,Home & Living,1,7957.9,7957.9
TXN100336,2024-07-29,CUST0221,West,Home & Living,1,7830.56,7830.56
TXN105777,2024-07-29,CUST0325,East,Apparel,1,727.23,727.23
TXN103335,2024-07-29,CUST0278,East,Grocery,1,984.36,984.36
TXN114877,2024-07-29,CUST0262,Central,Electronics,1,25438.53,25438.53
TXN114116,2024-07-29,CUST0016,East,Beauty,2,536.06,1072.13
TXN114074,2024-07-29,CUST0733,West,Beauty,1,1396.7,1396.7
TXN102046,2024-07-29,CUST0396,West,Apparel,1,8070.84,8070.84
TXN112880,2024-07-29,CUST0068,North,Beauty,1,2124.73,2124.73
TXN112878,2024-07-29,CUST0215,West,Electronics,2,29200.55,58401.11
TXN110302,2024-07-29,CUST0533,North,Grocery,2,1370.05,2740.11
TXN102522,2024-07-29,CUST0545,West,Apparel,2,2081.95,4163.9
TXN111452,2024-07-29,CUST0800,Central,Electronics,1,36292.61,36292.61
TXN103204,2024-07-30,CUST0658,East,Beauty,1,416.67,416.67
TXN114407,2024-07-30,CUST0053,North,Home & Living,1,9323.93,9323.93
TXN105902,2024-07-30,CUST0107,West,Home & Living,1,3600.89,3600.89
TXN111756,2024-07-30,CUST0034,North,Grocery,1,737.31,737.31
TXN105590,2024-07-30,CUST0451,West,Electronics,1,3240.58,3240.58
TXN111718,2024-07-30,CUST0716,North,Electronics,2,45258.47,90516.94
TXN102371,2024-07-30,CUST0440,North,Apparel,2,1570.65,3141.31
TXN100674,2024-07-30,CUST0764,North,Electronics,1,26731.42,26731.42
TXN114668,2024-07-30,CUST0534,Central,Home & Living,1,3324.56,3324.56
TXN101514,2024-07-30,CUST0168,South,Home & Living,1,589.98,589.98
TXN113709,2024-07-30,CUST0055,North,Apparel,1,477.5,477.5
TXN113685,2024-07-30,CUST0582,South,Apparel,1,7020.17,7020.17
TXN104654,2024-07-30,CUST0323,West,Home & Living,1,1406.66,1406.66
TXN109250,2024-07-31,CUST0406,West,Apparel,1,5523.74,5523.74
TXN106109,2024-07-31,CUST0676,East,Apparel,1,5825.53,5825.53
TXN104058,2024-07-31,CUST0774,West,Apparel,1,2054.65,2054.65
TXN107613,2024-07-31,CUST0325,East,Apparel,2,1822.46,3644.93
TXN102613,2024-07-31,CUST0193,North,Grocery,1,1740.87,1740.87
TXN106861,2024-07-31,CUST0724,North,Grocery,1,260.74,260.74
TXN107511,2024-07-31,CUST0425,South,Grocery,1,94.5,94.5
TXN112726,2024-07-31,CUST0331,West,Grocery,1,562.55,562.55
TXN114966,2024-07-31,CUST0421,Central,Home & Living,1,3692.18,3692.18
TXN103558,2024-07-31,CUST0386,Central,Grocery,1,202.99,202.99
TXN109448,2024-07-31,CUST0327,North,Home & Living,1,2481.03,2481.03
TXN107802,2024-07-31,CUST0451,West,Apparel,1,3568.56,3568.56
TXN106680,2024-07-31,CUST0266,West,Electronics,1,38321.95,38321.95
TXN113044,2024-07-31,CUST0624,North,Electronics,2,11962.48,23924.95
TXN109599,2024-07-31,CUST0757,East,Apparel,1,2067.59,2067.59
TXN109973,2024-07-31,CUST0234,North,Electronics,1,22184.39,22184.39
TXN107809,2024-08-01,CUST0410,Central,Grocery,1,443.31,443.31
TXN102239,2024-08-01,CUST0535,Central,Home & Living,1,747.07,747.07
TXN104279,2024-08-01,CUST0396,West,Home & Living,2,3856.52,7713.05
TXN107935,2024-08-01,CUST0360,North,Apparel,2,2700.87,5401.74
TXN104624,2024-08-01,CUST0089,North,Electronics,1,77558.21,77558.21
TXN107757,2024-08-01,CUST0137,North,Beauty,1,881.41,881.41
TXN102309,2024-08-01,CUST0259,South,Beauty,1,1147.6,1147.6
TXN110341,2024-08-01,CUST0112,North,Apparel,1,2904.65,2904.65
TXN112396,2024-08-01,CUST0736,North,Home & Living,2,2061.63,4123.26
TXN114829,2024-08-01,CUST0477,North,Electronics,1,25596.95,25596.95
TXN102324,2024-08-01,CUST0796,East,Apparel,2,1681.49,3362.98
TXN106415,2024-08-02,CUST0613,North,Grocery,1,869.7,869.7
TXN109822,2024-08-02,CUST0757,East,Home & Living,3,3538.28,10614.85
TXN103536,2024-08-02,CUST0481,East,Grocery,1,411.17,411.17
TXN108950,2024-08-02,CUST0357,North,Apparel,1,1268.1,1268.1
TXN100955,2024-08-02,CUST0768,North,Beauty,1,3807.66,3807.66
TXN109703,2024-08-02,CUST0099,North,Beauty,1,492.73,492.73
TXN113732,2024-08-02,CUST0472,West,Grocery,1,2060.52,2060.52
TXN104372,2024-08-02,CUST0644,South,Apparel,2,2076.79,4153.57
TXN114277,2024-08-02,CUST0008,Central,Grocery,1,1180.28,1180.28
TXN108190,2024-08-02,CUST0205,West,Beauty,2,1031.18,2062.36
TXN110218,2024-08-02,CUST0595,South,Grocery,2,756.35,1512.7
TXN110398,2024-08-02,CUST0755,North,Beauty,1,818.59,818.59
TXN103909,2024-08-02,CUST0379,West,Home & Living,1,7192.33,7192.33
TXN102118,2024-08-02,CUST0362,North,Apparel,1,2805.21,2805.21
TXN102858,2024-08-02,CUST0337,West,Grocery,1,1027.91,1027.91
TXN106656,2024-08-02,CUST0204,West,Home & Living,1,11798.91,11798.91
TXN113081,2024-08-02,CUST0019,North,Apparel,1,1164.56,1164.56
TXN109442,2024-08-02,CUST0746,South,Home & Living,2,11788.98,23577.95
TXN107678,2024-08-02,CUST0021,West,Grocery,1,621.83,621.83
TXN106531,2024-08-03,CUST0485,South,Apparel,1,3200.64,3200.64
TXN103711,2024-08-03,CUST0489,North,Electronics,1,41899.73,41899.73
TXN101433,2024-08-03,CUST0087,East,Grocery,1,641.33,641.33
TXN106698,2024-08-03,CUST0026,Central,Grocery,1,1011.55,1011.55
TXN114887,2024-08-03,CUST0412,South,Electronics,1,37868.15,37868.15
TXN108854,2024-08-03,CUST0651,South,Apparel,1,1149.12,1149.12
TXN102212,2024-08-03,CUST0189,North,Electronics,1,8201.99,8201.99
TXN101245,2024-08-03,CUST0281,West,Home & Living,1,7955.34,7955.34
TXN108612,2024-08-03,CUST0102,North,Home & Living,3,1955.7,5867.09
TXN105620,2024-08-03,CUST0760,Central,Beauty,2,622.03,1244.07
TXN110195,2024-08-03,CUST0703,North,Apparel,1,968.41,968.41
TXN114899,2024-08-03,CUST0716,North,Apparel,1,5359.29,5359.29
TXN104471,2024-08-03,CUST0246,East,Electronics,1,30952.12,30952.12
TXN113946,2024-08-03,CUST0509,South,Apparel,1,4113.49,4113.49
TXN103759,2024-08-03,CUST0404,South,Electronics,1,32800.97,32800.97
TXN106869,2024-08-03,CUST0012,West,Apparel,1,3182.8,3182.8
TXN110100,2024-08-03,CUST0113,East,Grocery,1,434.62,434.62
TXN114068,2024-08-03,CUST0490,North,Grocery,2,380.68,761.35
TXN106386,2024-08-03,CUST0620,Central,Beauty,1,1015.66,1015.66
TXN114906,2024-08-04,CUST0474,North,Beauty,1,4977.99,4977.99
TXN109181,2024-08-04,CUST0406,West,Grocery,2,1944.18,3888.36
TXN105311,2024-08-04,CUST0787,West,Electronics,1,5827.37,5827.37
TXN108307,2024-08-04,CUST0001,West,Apparel,1,354.0,354.0
TXN106976,2024-08-04,CUST0532,West,Apparel,1,801.98,801.98
TXN102204,2024-08-04,CUST0213,Central,Grocery,1,796.24,796.24
TXN108370,2024-08-04,CUST0054,Central,Grocery,1,1953.66,1953.66
TXN107326,2024-08-04,CUST0476,North,Home & Living,2,4975.43,9950.87
TXN111696,2024-08-04,CUST0781,North,Electronics,1,17034.04,17034.04
TXN100279,2024-08-04,CUST0454,North,Beauty,1,5164.37,5164.37
TXN106501,2024-08-04,CUST0796,East,Apparel,2,1077.36,2154.73
TXN109546,2024-08-04,CUST0384,Central,Electronics,1,14706.91,14706.91
TXN100288,2024-08-04,CUST0569,North,Apparel,1,6742.96,6742.96
TXN103098,2024-08-05,CUST0116,South,Home & Living,3,11343.19,34029.56
TXN100132,2024-08-05,CUST0424,Central,Grocery,1,649.14,649.14
TXN113372,2024-08-05,CUST0177,East,Electronics,2,34716.27,69432.54
TXN106083,2024-08-05,CUST0392,East,Home & Living,1,3504.6,3504.6
TXN107314,2024-08-05,CUST0070,Central,Grocery,2,1850.81,3701.62
TXN110748,2024-08-05,CUST0054,Central,Beauty,1,4655.17,4655.17
TXN106117,2024-08-05,CUST0744,North,Grocery,1,236.57,236.57
TXN111339,2024-08-05,CUST0233,North,Home & Living,1,3847.33,3847.33
TXN104111,2024-08-05,CUST0779,East,Electronics,1,27548.25,27548.25
TXN110807,2024-08-05,CUST0183,North,Home & Living,1,4692.52,4692.52
TXN108050,2024-08-05,CUST0235,North,Electronics,1,23596.05,23596.05
TXN107418,2024-08-05,CUST0035,South,Home & Living,3,11912.74,35738.22
TXN106691,2024-08-06,CUST0541,North,Grocery,2,1608.67,3217.33
TXN113678,2024-08-06,CUST0281,West,Home & Living,2,3081.54,6163.09
TXN112174,2024-08-06,CUST0709,East,Electronics,1,16578.7,16578.7
TXN104689,2024-08-06,CUST0368,East,Grocery,1,1371.53,1371.53
TXN100743,2024-08-06,CUST0280,Central,Electronics,1,10639.73,10639.73
TXN100487,2024-08-06,CUST0518,West,Apparel,1,3118.67,3118.67
TXN113716,2024-08-06,CUST0019,North,Electronics,1,11993.63,11993.63
TXN108837,2024-08-06,CUST0406,West,Electronics,1,51985.96,51985.96
TXN109821,2024-08-06,CUST0213,Central,Home & Living,1,1041.58,1041.58
TXN103687,2024-08-06,CUST0044,Central,Beauty,1,4659.92,4659.92
TXN107882,2024-08-06,CUST0489,North,Grocery,1,262.52,262.52
TXN102207,2024-08-06,CUST0274,North,Home & Living,1,9677.96,9677.96
TXN104877,2024-08-06,CUST0100,North,Grocery,1,743.51,743.51
TXN104754,2024-08-06,CUST0742,North,Grocery,1,416.23,416.23
TXN109454,2024-08-06,CUST0796,East,Grocery,1,1313.0,1313.0
TXN101724,2024-08-06,CUST0619,South,Apparel,1,1604.97,1604.97
TXN111831,2024-08-06,CUST0752,East,Grocery,1,264.3,264.3
TXN113268,2024-08-06,CUST0106,Central,Grocery,2,69.33,138.66
TXN111045,2024-08-07,CUST0331,West,Home & Living,1,3303.74,3303.74
TXN113047,2024-08-07,CUST0489,North,Apparel,2,7578.95,15157.91
TXN104428,2024-08-07,CUST0564,East,Apparel,1,1900.01,1900.01
TXN114618,2024-08-07,CUST0790,West,Home & Living,1,7183.68,7183.68
TXN109134,2024-08-07,CUST0289,Central,Apparel,1,1374.15,1374.15
TXN108695,2024-08-07,CUST0787,West,Grocery,1,713.92,713.92
TXN104953,2024-08-07,CUST0007,Central,Electronics,1,24561.32,24561.32
TXN108654,2024-08-07,CUST0752,East,Electronics,2,70420.48,140840.96
TXN107122,2024-08-07,CUST0184,North,Apparel,1,5424.28,5424.28
TXN106611,2024-08-07,CUST0599,East,Grocery,1,756.03,756.03
TXN107840,2024-08-07,CUST0141,North,Apparel,1,5249.06,5249.06
TXN109864,2024-08-07,CUST0529,East,Grocery,1,549.07,549.07
TXN107888,2024-08-07,CUST0085,West,Home & Living,1,1884.52,1884.52
TXN110488,2024-08-07,CUST0487,North,Grocery,2,630.1,1260.2
TXN113399,2024-08-07,CUST0204,West,Home & Living,1,3778.4,3778.4
TXN109010,2024-08-07,CUST0433,North,Apparel,1,3236.15,3236.15
TXN108678,2024-08-07,CUST0284,West,Electronics,1,4517.7,4517.7
TXN112676,2024-08-07,CUST0156,South,Grocery,2,758.97,1517.95
TXN114339,2024-08-07,CUST0707,East,Beauty,1,1249.04,1249.04
TXN108744,2024-08-08,CUST0727,South,Grocery,2,377.49,754.98
TXN103866,2024-08-08,CUST0616,Central,Beauty,2,4689.2,9378.41
TXN102098,2024-08-08,CUST0751,Central,Electronics,1,3601.76,3601.76
TXN100337,2024-08-08,CUST0662,East,Grocery,1,447.09,447.09
TXN102354,2024-08-08,CUST0193,North,Grocery,1,986.63,986.63
TXN107477,2024-08-08,CUST0602,North,Apparel,1,2464.67,2464.67
TXN112517,2024-08-08,CUST0053,North,Grocery,3,224.68,674.03
TXN108367,2024-08-08,CUST0093,West,Apparel,1,1722.09,1722.09
TXN110965,2024-08-08,CUST0616,Central,Electronics,2,79147.93,158295.86
TXN102703,2024-08-08,CUST0472,West,Home & Living,1,13730.61,13730.61
TXN109744,2024-08-08,CUST0287,East,Beauty,3,1200.77,3602.32
TXN102397,2024-08-08,CUST0316,East,Apparel,1,3042.49,3042.49
TXN104379,2024-08-08,CUST0465,North,Electronics,2,17156.36,34312.73
TXN113551,2024-08-08,CUST0682,North,Apparel,1,1519.84,1519.84
TXN112853,2024-08-08,CUST0782,South,Electronics,1,10035.67,10035.67
TXN106245,2024-08-08,CUST0489,North,Apparel,1,2366.73,2366.73
TXN109081,2024-08-08,CUST0768,North,Home & Living,1,12433.99,12433.99
TXN109426,2024-08-08,CUST0123,Central,Grocery,1,708.74,708.74
TXN113303,2024-08-08,CUST0174,North,Apparel,2,2329.24,4658.48
TXN111470,2024-08-08,CUST0325,East,Electronics,1,32295.66,32295.66
TXN111604,2024-08-08,CUST0408,South,Home & Living,1,1899.76,1899.76
TXN108207,2024-08-08,CUST0497,North,Electronics,1,7459.87,7459.87
TXN106540,2024-08-09,CUST0104,East,Apparel,2,2154.2,4308.39
TXN104250,2024-08-09,CUST0137,North,Home & Living,2,1342.08,2684.17
TXN105744,2024-08-09,CUST0413,North,Home & Living,1,14348.46,14348.46
TXN108083,2024-08-09,CUST0656,Central,Electronics,1,30434.28,30434.28
TXN105149,2024-08-09,CUST0328,South,Apparel,1,4151.86,4151.86
TXN103274,2024-08-09,CUST0243,South,Electronics,1,76496.53,76496.53
TXN108946,2024-08-09,CUST0767,East,Apparel,1,4438.52,4438.52
TXN108717,2024-08-09,CUST0187,West,Apparel,1,1963.81,1963.81
TXN103081,2024-08-09,CUST0204,West,Electronics,1,26864.17,26864.17
TXN102051,2024-08-09,CUST0321,Central,Home & Living,1,1206.13,1206.13
TXN112771,2024-08-09,CUST0553,South,Electronics,1,13444.12,13444.12
TXN113094,2024-08-09,CUST0161,North,Apparel,2,2730.87,5461.75
TXN104138,2024-08-09,CUST0035,South,Electronics,1,21088.18,21088.18
TXN113477,2024-08-09,CUST0272,North,Grocery,2,276.89,553.79
TXN109003,2024-08-09,CUST0733,West,Grocery,3,660.03,1980.09
TXN103554,2024-08-09,CUST0532,West,Apparel,1,7836.52,7836.52
TXN113389,2024-08-09,CUST0685,South,Apparel,1,6504.24,6504.24
TXN110289,2024-08-09,CUST0321,Central,Grocery,1,197.86,197.86
TXN113000,2024-08-09,CUST0131,North,Home & Living,1,4722.52,4722.52
TXN108571,2024-08-09,CUST0118,Central,Apparel,1,2634.21,2634.21
TXN104864,2024-08-09,CUST0648,West,Grocery,1,76.11,76.11
TXN102216,2024-08-10,CUST0283,South,Beauty,1,1098.12,1098.12
TXN101877,2024-08-10,CUST0433,North,Home & Living,3,2912.79,8738.36
TXN110123,2024-08-10,CUST0462,West,Apparel,1,3965.7,3965.7
TXN108631,2024-08-10,CUST0262,Central,Apparel,1,2836.83,2836.83
TXN103327,2024-08-10,CUST0190,West,Apparel,1,2952.6,2952.6
TXN114213,2024-08-10,CUST0560,East,Grocery,1,974.26,974.26
TXN114606,2024-08-10,CUST0753,West,Apparel,1,2105.46,2105.46
TXN113203,2024-08-10,CUST0119,West,Grocery,1,620.44,620.44
TXN113254,2024-08-10,CUST0383,East,Grocery,1,429.9,429.9
TXN101277,2024-08-10,CUST0173,West,Apparel,1,2859.23,2859.23
TXN103226,2024-08-10,CUST0541,North,Grocery,2,1701.63,3403.26
TXN112701,2024-08-10,CUST0512,Central,Electronics,1,4313.47,4313.47
TXN113072,2024-08-10,CUST0092,West,Beauty,1,1651.21,1651.21
TXN109355,2024-08-10,CUST0687,South,Home & Living,2,2655.51,5311.02
TXN106185,2024-08-10,CUST0397,Central,Apparel,2,795.32,1590.64
TXN104896,2024-08-10,CUST0297,North,Apparel,1,717.2,717.2
TXN114371,2024-08-10,CUST0004,East,Electronics,1,30681.98,30681.98
TXN111401,2024-08-10,CUST0013,North,Electronics,1,28789.68,28789.68
TXN107269,2024-08-11,CUST0277,South,Grocery,2,472.42,944.84
TXN100116,2024-08-11,CUST0051,North,Home & Living,1,8521.6,8521.6
TXN108662,2024-08-11,CUST0525,Central,Home & Living,1,880.48,880.48
TXN114138,2024-08-11,CUST0268,North,Apparel,1,3128.59,3128.59
TXN113232,2024-08-11,CUST0647,West,Apparel,1,2912.08,2912.08
TXN113618,2024-08-11,CUST0198,North,Electronics,1,16097.01,16097.01
TXN107386,2024-08-11,CUST0302,Central,Home & Living,3,3134.01,9402.03
TXN109041,2024-08-11,CUST0719,North,Apparel,1,2940.18,2940.18
TXN113249,2024-08-11,CUST0322,Central,Beauty,1,1981.1,1981.1
TXN114384,2024-08-11,CUST0422,North,Beauty,2,1481.91,2963.83
TXN104905,2024-08-11,CUST0646,North,Electronics,1,65953.06,65953.06
TXN114769,2024-08-11,CUST0051,North,Beauty,1,996.68,996.68
TXN106791,2024-08-12,CUST0075,North,Electronics,1,22946.15,22946.15
TXN108783,2024-08-12,CUST0691,North,Apparel,1,2620.06,2620.06
TXN113065,2024-08-12,CUST0435,East,Apparel,1,1658.8,1658.8
TXN101349,2024-08-12,CUST0751,Central,Home & Living,1,759.66,759.66
TXN110916,2024-08-12,CUST0383,East,Apparel,1,2768.51,2768.51
TXN110533,2024-08-12,CUST0095,East,Grocery,1,554.27,554.27
TXN111746,2024-08-12,CUST0436,South,Grocery,1,1123.74,1123.74
TXN101681,2024-08-12,CUST0154,Central,Electronics,1,7861.66,7861.66
TXN101147,2024-08-12,CUST0122,South,Grocery,2,1001.39,2002.77
TXN110893,2024-08-12,CUST0115,East,Home & Living,1,3044.76,3044.76
TXN100737,2024-08-12,CUST0294,East,Grocery,2,470.21,940.43
TXN105593,2024-08-12,CUST0148,Central,Electronics,2,21930.22,43860.43
TXN103676,2024-08-12,CUST0140,East,Beauty,1,5283.07,5283.07
TXN108557,2024-08-12,CUST0193,North,Electronics,1,42194.2,42194.2
TXN113158,2024-08-12,CUST0569,North,Grocery,1,168.04,168.04
TXN107498,2024-08-12,CUST0753,West,Beauty,2,2390.15,4780.31
TXN107492,2024-08-13,CUST0396,West,Home & Living,2,6296.73,12593.45
TXN107161,2024-08-13,CUST0528,West,Grocery,1,517.88,517.88
TXN113492,2024-08-13,CUST0371,East,Apparel,1,1119.67,1119.67
TXN113724,2024-08-13,CUST0190,West,Electronics,1,2664.03,2664.03
TXN108976,2024-08-13,CUST0786,North,Grocery,1,1893.57,1893.57
TXN112961,2024-08-13,CUST0053,North,Electronics,2,22127.01,44254.02
TXN110328,2024-08-13,CUST0381,Central,Home & Living,1,5394.3,5394.3
TXN105192,2024-08-13,CUST0322,Central,Apparel,1,1714.98,1714.98
TXN102495,2024-08-13,CUST0380,East,Apparel,1,2353.64,2353.64
TXN113992,2024-08-13,CUST0554,West,Electronics,2,35621.86,71243.71
TXN100985,2024-08-13,CUST0497,North,Electronics,1,16488.46,16488.46
TXN111606,2024-08-13,CUST0499,East,Grocery,1,2079.36,2079.36
TXN109565,2024-08-13,CUST0431,Central,Grocery,1,580.32,580.32
TXN100894,2024-08-13,CUST0412,South,Grocery,2,1301.91,2603.82
TXN108113,2024-08-13,CUST0189,North,Home & Living,1,1204.35,1204.35
TXN106182,2024-08-13,CUST0709,East,Apparel,1,2010.16,2010.16
TXN110045,2024-08-14,CUST0086,North,Apparel,2,438.27,876.54
TXN114960,2024-08-14,CUST0001,West,Electronics,1,2914.27,2914.27
TXN102849,2024-08-14,CUST0574,South,Grocery,1,1159.03,1159.03
TXN107819,2024-08-14,CUST0415,West,Apparel,1,2426.46,2426.46
TXN113243,2024-08-14,CUST0467,South,Electronics,1,19624.08,19624.08
TXN114598,2024-08-14,CUST0500,West,Apparel,1,1238.05,1238.05
TXN112681,2024-08-14,CUST0504,East,Home & Living,1,6448.43,6448.43
TXN112680,2024-08-14,CUST0718,Central,Grocery,1,1605.17,1605.17
TXN106970,2024-08-14,CUST0315,East,Apparel,1,3028.77,3028.77
TXN110563,2024-08-14,CUST0193,North,Beauty,1,2118.66,2118.66
TXN112100,2024-08-14,CUST0760,Central,Electronics,1,42486.49,42486.49
TXN108332,2024-08-14,CUST0191,West,Electronics,1,10404.84,10404.84
TXN102555,2024-08-14,CUST0011,Central,Apparel,1,1889.06,1889.06
TXN114889,2024-08-14,CUST0244,East,Grocery,1,146.07,146.07
TXN101749,2024-08-14,CUST0199,Central,Electronics,1,79493.28,79493.28
TXN101202,2024-08-14,CUST0759,West,Home & Living,1,7561.25,7561.25
TXN106019,2024-08-14,CUST0359,West,Apparel,1,2686.5,2686.5
TXN113074,2024-08-15,CUST0141,North,Electronics,2,37500.83,75001.66
TXN101750,2024-08-15,CUST0183,North,Beauty,1,5395.29,5395.29
TXN111131,2024-08-15,CUST0261,West,Apparel,1,4283.3,4283.3
TXN101209,2024-08-15,CUST0562,North,Grocery,1,535.25,535.25
TXN111655,2024-08-15,CUST0218,East,Beauty,1,1403.97,1403.97
TXN100754,2024-08-15,CUST0569,North,Apparel,1,6504.13,6504.13
TXN108334,2024-08-15,CUST0246,East,Apparel,1,6522.16,6522.16
TXN109832,2024-08-15,CUST0789,South,Grocery,1,663.64,663.64
TXN111516,2024-08-15,CUST0262,Central,Apparel,1,2305.52,2305.52
TXN100327,2024-08-15,CUST0391,North,Apparel,2,1903.48,3806.97
TXN112262,2024-08-15,CUST0246,East,Electronics,1,31551.39,31551.39
TXN104835,2024-08-15,CUST0452,South,Apparel,1,1717.54,1717.54
TXN103841,2024-08-15,CUST0183,North,Apparel,1,3962.02,3962.02
TXN104434,2024-08-16,CUST0507,West,Apparel,1,3435.71,3435.71
TXN113016,2024-08-16,CUST0205,West,Apparel,1,3517.37,3517.37
TXN109982,2024-08-16,CUST0720,Central,Apparel,1,2466.42,2466.42
TXN108184,2024-08-16,CUST0439,Central,Apparel,1,2397.51,2397.51
TXN113394,2024-08-16,CUST0596,West,Electronics,2,24961.98,49923.96
TXN100084,2024-08-16,CUST0114,South,Apparel,2,3470.48,6940.96
TXN100262,2024-08-16,CUST0149,West,Beauty,3,772.7,2318.09
TXN103330,2024-08-16,CUST0346,West,Electronics,1,13790.58,13790.58
TXN100774,2024-08-16,CUST0530,South,Home & Living,1,5610.82,5610.82
TXN101318,2024-08-16,CUST0345,North,Apparel,1,2557.59,2557.59
TXN108463,2024-08-16,CUST0192,West,Home & Living,1,13038.19,13038.19
TXN114248,2024-08-16,CUST0124,West,Electronics,1,23348.55,23348.55
TXN105493,2024-08-16,CUST0109,North,Electronics,1,25692.57,25692.57
TXN102911,2024-08-16,CUST0384,Central,Grocery,1,1030.03,1030.03
TXN113932,2024-08-16,CUST0733,West,Beauty,1,1341.16,1341.16
TXN109220,2024-08-16,CUST0401,West,Home & Living,1,2972.64,2972.64
TXN101213,2024-08-16,CUST0137,North,Grocery,1,531.91,531.91
TXN100729,2024-08-16,CUST0045,North,Electronics,1,26211.34,26211.34
TXN102553,2024-08-16,CUST0281,West,Apparel,2,8007.38,16014.76
TXN103124,2024-08-16,CUST0184,North,Home & Living,2,12449.68,24899.35
TXN100727,2024-08-16,CUST0002,North,Electronics,1,42013.37,42013.37
TXN109708,2024-08-17,CUST0554,West,Beauty,1,1329.63,1329.63
TXN105034,2024-08-17,CUST0507,West,Apparel,1,932.75,932.75
TXN101421,2024-08-17,CUST0354,West,Grocery,1,543.52,543.52
TXN100569,2024-08-17,CUST0259,South,Home & Living,1,6803.27,6803.27
TXN107971,2024-08-17,CUST0088,North,Apparel,1,3081.04,3081.04
TXN107449,2024-08-17,CUST0414,West,Apparel,1,2487.2,2487.2
TXN103752,2024-08-17,CUST0236,West,Home & Living,1,3445.84,3445.84
TXN103296,2024-08-17,CUST0122,South,Electronics,1,32439.23,32439.23
TXN107794,2024-08-18,CUST0304,Central,Electronics,1,3526.94,3526.94
TXN104345,2024-08-18,CUST0271,South,Grocery,1,978.71,978.71
TXN103231,2024-08-18,CUST0578,East,Apparel,1,7252.85,7252.85
TXN109666,2024-08-18,CUST0531,East,Electronics,1,5865.6,5865.6
TXN104549,2024-08-18,CUST0760,Central,Electronics,1,12200.47,12200.47
TXN108090,2024-08-18,CUST0779,East,Electronics,2,14619.91,29239.81
TXN102581,2024-08-18,CUST0530,South,Apparel,2,712.29,1424.58
TXN100990,2024-08-18,CUST0659,North,Beauty,1,190.55,190.55
TXN111347,2024-08-18,CUST0183,North,Home & Living,2,7505.26,15010.52
TXN111941,2024-08-18,CUST0705,South,Beauty,1,471.28,471.28
TXN101405,2024-08-18,CUST0668,South,Grocery,2,249.4,498.8
TXN100029,2024-08-18,CUST0367,West,Grocery,2,492.51,985.02
TXN111357,2024-08-18,CUST0718,Central,Electronics,1,16043.17,16043.17
TXN102805,2024-08-18,CUST0536,East,Apparel,1,3917.09,3917.09
TXN102593,2024-08-18,CUST0574,South,Apparel,2,1847.62,3695.23
TXN109126,2024-08-18,CUST0298,North,Apparel,1,568.03,568.03
TXN103565,2024-08-18,CUST0792,Central,Home & Living,1,5146.31,5146.31
TXN106431,2024-08-18,CUST0508,West,Apparel,1,4412.17,4412.17
TXN106592,2024-08-18,CUST0265,South,Beauty,1,1734.05,1734.05
TXN114553,2024-08-18,CUST0242,West,Electronics,1,76179.94,76179.94
TXN105419,2024-08-18,CUST0585,East,Grocery,1,247.19,247.19
TXN110322,2024-08-18,CUST0083,North,Apparel,1,2535.75,2535.75
TXN109213,2024-08-18,CUST0669,West,Home & Living,3,4051.27,12153.8
TXN114238,2024-08-18,CUST0757,East,Apparel,1,3543.91,3543.91
TXN103792,2024-08-18,CUST0698,South,Grocery,1,214.74,214.74
TXN112316,2024-08-18,CUST0643,East,Beauty,1,765.31,765.31
TXN106571,2024-08-18,CUST0640,East,Grocery,1,370.45,370.45
TXN113637,2024-08-19,CUST0465,North,Grocery,1,1389.55,1389.55
TXN109585,2024-08-19,CUST0796,East,Grocery,2,400.01,800.02
TXN108217,2024-08-19,CUST0375,East,Apparel,2,1513.98,3027.96
TXN105922,2024-08-19,CUST0451,West,Home & Living,1,5729.28,5729.28
TXN104080,2024-08-19,CUST0194,East,Beauty,1,2217.2,2217.2
TXN109087,2024-08-19,CUST0057,North,Beauty,1,2010.21,2010.21
TXN109820,2024-08-19,CUST0551,West,Apparel,1,636.11,636.11
TXN104879,2024-08-19,CUST0109,North,Home & Living,1,1050.87,1050.87
TXN111976,2024-08-19,CUST0251,West,Beauty,1,1302.85,1302.85
TXN103254,2024-08-19,CUST0499,East,Apparel,1,2900.06,2900.06
TXN114095,2024-08-19,CUST0419,East,Apparel,1,3094.25,3094.25
TXN111284,2024-08-19,CUST0096,North,Home & Living,1,2781.85,2781.85
TXN113535,2024-08-19,CUST0093,West,Apparel,3,2922.16,8766.47
TXN111067,2024-08-19,CUST0596,West,Apparel,3,2795.74,8387.23
TXN103367,2024-08-19,CUST0559,North,Beauty,1,2230.0,2230.0
TXN111814,2024-08-19,CUST0738,West,Electronics,1,2581.8,2581.8
TXN114519,2024-08-20,CUST0193,North,Grocery,3,1792.04,5376.11
TXN104657,2024-08-20,CUST0522,North,Grocery,3,640.85,1922.55
TXN112317,2024-08-20,CUST0577,South,Electronics,1,15909.73,15909.73
TXN103675,2024-08-20,CUST0191,West,Beauty,1,167.45,167.45
TXN111771,2024-08-20,CUST0201,North,Apparel,2,3071.83,6143.66
TXN106795,2024-08-20,CUST0551,West,Grocery,1,593.41,593.41
TXN100901,2024-08-20,CUST0604,West,Grocery,1,699.14,699.14
TXN102260,2024-08-20,CUST0651,South,Grocery,1,700.67,700.67
TXN108903,2024-08-20,CUST0255,Central,Home & Living,1,2504.83,2504.83
TXN112808,2024-08-20,CUST0645,West,Electronics,1,3331.18,3331.18
TXN111496,2024-08-20,CUST0138,Central,Electronics,1,37654.34,37654.34
TXN111915,2024-08-20,CUST0445,West,Beauty,1,2575.1,2575.1
TXN107535,2024-08-20,CUST0446,East,Home & Living,1,3595.14,3595.14
TXN112526,2024-08-20,CUST0540,North,Grocery,1,538.92,538.92
TXN107339,2024-08-21,CUST0250,North,Home & Living,1,671.96,671.96
TXN102536,2024-08-21,CUST0572,North,Electronics,1,36581.54,36581.54
TXN113326,2024-08-21,CUST0752,East,Beauty,1,1511.52,1511.52
TXN100519,2024-08-21,CUST0711,West,Home & Living,2,3239.9,6479.79
TXN110048,2024-08-21,CUST0012,West,Electronics,1,62073.75,62073.75
TXN105465,2024-08-21,CUST0479,North,Home & Living,1,2088.94,2088.94
TXN101498,2024-08-21,CUST0007,Central,Electronics,1,30180.95,30180.95
TXN109706,2024-08-21,CUST0768,North,Electronics,1,55744.81,55744.81
TXN108897,2024-08-21,CUST0474,North,Beauty,1,1435.14,1435.14
TXN104695,2024-08-21,CUST0711,West,Beauty,1,1107.81,1107.81
TXN107374,2024-08-21,CUST0352,West,Home & Living,1,4790.72,4790.72
TXN108042,2024-08-21,CUST0257,West,Apparel,1,7166.08,7166.08
TXN103182,2024-08-21,CUST0447,North,Home & Living,1,13039.52,13039.52
TXN113467,2024-08-21,CUST0490,North,Beauty,1,4460.39,4460.39
TXN112287,2024-08-21,CUST0011,Central,Apparel,2,1334.03,2668.07
TXN113910,2024-08-21,CUST0240,South,Home & Living,1,737.75,737.75
TXN105856,2024-08-21,CUST0485,South,Apparel,1,1394.35,1394.35
TXN109094,2024-08-21,CUST0712,West,Apparel,1,2043.36,2043.36
TXN109885,2024-08-21,CUST0325,East,Beauty,1,4856.02,4856.02
TXN104084,2024-08-21,CUST0120,North,Home & Living,1,2398.07,2398.07
TXN107815,2024-08-21,CUST0056,North,Beauty,1,2113.69,2113.69
TXN113319,2024-08-21,CUST0413,North,Home & Living,1,11914.72,11914.72
TXN110501,2024-08-21,CUST0215,West,Beauty,1,692.68,692.68
TXN112296,2024-08-21,CUST0477,North,Electronics,2,9307.71,18615.41
TXN102516,2024-08-21,CUST0738,West,Apparel,1,3971.48,3971.48
TXN102157,2024-08-21,CUST0271,South,Apparel,1,2523.06,2523.06
TXN114011,2024-08-21,CUST0576,West,Home & Living,1,9215.24,9215.24
TXN112012,2024-08-22,CUST0260,East,Home & Living,1,1724.54,1724.54
TXN108240,2024-08-22,CUST0687,South,Beauty,1,1643.09,1643.09
TXN107085,2024-08-22,CUST0471,West,Home & Living,1,721.74,721.74
TXN107002,2024-08-22,CUST0689,South,Electronics,1,27566.37,27566.37
TXN114245,2024-08-22,CUST0473,West,Apparel,2,971.04,1942.08
TXN104680,2024-08-22,CUST0662,East,Grocery,1,1332.16,1332.16
TXN108074,2024-08-22,CUST0321,Central,Apparel,1,1848.42,1848.42
TXN112425,2024-08-22,CUST0274,North,Electronics,2,15537.74,31075.48
TXN106377,2024-08-22,CUST0595,South,Grocery,2,1104.14,2208.27
TXN114563,2024-08-22,CUST0313,North,Apparel,3,478.49,1435.47
TXN102232,2024-08-22,CUST0660,East,Home & Living,2,4607.27,9214.55
TXN111029,2024-08-22,CUST0578,East,Grocery,1,1740.73,1740.73
TXN101576,2024-08-22,CUST0523,West,Home & Living,1,14162.85,14162.85
TXN106422,2024-08-22,CUST0638,West,Grocery,1,154.46,154.46
TXN114275,2024-08-22,CUST0730,East,Home & Living,2,3155.58,6311.15
TXN102137,2024-08-22,CUST0590,South,Apparel,1,2038.45,2038.45
TXN109229,2024-08-22,CUST0421,Central,Home & Living,3,1220.57,3661.71
TXN111008,2024-08-22,CUST0696,East,Grocery,1,992.08,992.08
TXN111691,2024-08-22,CUST0096,North,Electronics,1,29450.8,29450.8
TXN105641,2024-08-22,CUST0728,South,Grocery,2,217.73,435.46
TXN111563,2024-08-22,CUST0084,North,Apparel,1,1821.74,1821.74
TXN110694,2024-08-23,CUST0209,North,Apparel,1,2850.54,2850.54
TXN104260,2024-08-23,CUST0369,North,Home & Living,1,2568.78,2568.78
TXN101189,2024-08-23,CUST0798,North,Apparel,2,2944.67,5889.35
TXN108453,2024-08-23,CUST0330,North,Home & Living,1,4740.64,4740.64
TXN114341,2024-08-23,CUST0226,South,Electronics,1,16048.9,16048.9
TXN110586,2024-08-23,CUST0550,North,Grocery,1,91.13,91.13
TXN106002,2024-08-23,CUST0468,South,Apparel,1,816.92,816.92
TXN102221,2024-08-23,CUST0286,South,Electronics,1,21673.25,21673.25
TXN114179,2024-08-23,CUST0799,North,Beauty,2,2022.14,4044.28
TXN103121,2024-08-23,CUST0049,East,Electronics,1,17819.32,17819.32
TXN102378,2024-08-23,CUST0044,Central,Apparel,1,6827.19,6827.19
TXN108011,2024-08-23,CUST0201,North,Home & Living,2,6552.47,13104.94
TXN112852,2024-08-23,CUST0385,North,Grocery,1,647.26,647.26
TXN105607,2024-08-23,CUST0327,North,Electronics,1,5352.57,5352.57
TXN113227,2024-08-23,CUST0541,North,Electronics,2,7403.99,14807.99
TXN107141,2024-08-23,CUST0339,South,Beauty,1,1105.77,1105.77
TXN109665,2024-08-23,CUST0720,Central,Grocery,1,1083.02,1083.02
TXN108835,2024-08-24,CUST0287,East,Home & Living,1,2155.87,2155.87
TXN108683,2024-08-24,CUST0663,North,Grocery,2,623.81,1247.61
TXN100829,2024-08-24,CUST0716,North,Apparel,1,1932.84,1932.84
TXN112166,2024-08-24,CUST0072,North,Beauty,1,1737.95,1737.95
TXN108429,2024-08-24,CUST0529,East,Electronics,2,15485.89,30971.78
TXN106701,2024-08-24,CUST0212,Central,Grocery,1,701.94,701.94
TXN105974,2024-08-24,CUST0007,Central,Grocery,1,188.82,188.82
TXN101040,2024-08-24,CUST0242,West,Home & Living,1,3277.56,3277.56
TXN106699,2024-08-24,CUST0663,North,Electronics,2,7072.48,14144.96
TXN101273,2024-08-24,CUST0340,East,Apparel,1,2650.65,2650.65
TXN108465,2024-08-24,CUST0514,West,Home & Living,1,2624.41,2624.41
TXN103712,2024-08-24,CUST0747,West,Home & Living,1,3819.69,3819.69
TXN101999,2024-08-24,CUST0520,North,Apparel,1,1756.63,1756.63
TXN103346,2024-08-24,CUST0495,West,Grocery,1,442.76,442.76
TXN108998,2024-08-24,CUST0076,North,Grocery,1,123.18,123.18
TXN106885,2024-08-24,CUST0606,South,Electronics,1,22316.76,22316.76
TXN111562,2024-08-24,CUST0439,Central,Beauty,1,2931.61,2931.61
TXN112172,2024-08-24,CUST0609,East,Beauty,1,742.39,742.39
TXN104462,2024-08-24,CUST0399,West,Beauty,1,2519.36,2519.36
TXN106077,2024-08-24,CUST0776,North,Home & Living,2,4305.82,8611.65
TXN102885,2024-08-24,CUST0582,South,Electronics,1,18828.22,18828.22
TXN114748,2024-08-25,CUST0452,South,Electronics,1,25922.78,25922.78
TXN110082,2024-08-25,CUST0406,West,Apparel,1,4846.15,4846.15
TXN113297,2024-08-25,CUST0135,North,Beauty,1,2703.98,2703.98
TXN104955,2024-08-25,CUST0557,Central,Grocery,1,646.52,646.52
TXN113028,2024-08-25,CUST0517,East,Grocery,1,282.83,282.83
TXN108162,2024-08-25,CUST0781,North,Electronics,1,18028.98,18028.98
TXN110750,2024-08-25,CUST0517,East,Apparel,1,1848.37,1848.37
TXN107103,2024-08-25,CUST0197,Central,Grocery,1,683.87,683.87
TXN104096,2024-08-25,CUST0365,North,Apparel,1,5057.34,5057.34
TXN109640,2024-08-25,CUST0192,West,Apparel,1,7180.43,7180.43
TXN109507,2024-08-25,CUST0428,North,Apparel,1,3247.9,3247.9
TXN100756,2024-08-25,CUST0725,South,Home & Living,1,2022.55,2022.55
TXN101079,2024-08-25,CUST0414,West,Beauty,2,2028.68,4057.36
TXN113222,2024-08-25,CUST0248,North,Apparel,1,7366.39,7366.39
TXN109785,2024-08-25,CUST0391,North,Apparel,2,3715.06,7430.13
TXN111126,2024-08-25,CUST0648,West,Apparel,1,2222.4,2222.4
TXN105329,2024-08-25,CUST0505,West,Electronics,1,2840.68,2840.68
TXN112216,2024-08-25,CUST0212,Central,Apparel,1,1637.67,1637.67
TXN110220,2024-08-25,CUST0743,East,Beauty,1,2096.97,2096.97
TXN109684,2024-08-25,CUST0709,East,Electronics,1,12213.45,12213.45
TXN108688,2024-08-25,CUST0490,North,Beauty,1,4508.67,4508.67
TXN112564,2024-08-25,CUST0402,North,Electronics,2,67915.62,135831.24
TXN110482,2024-08-25,CUST0045,North,Grocery,1,134.73,134.73
TXN107834,2024-08-26,CUST0242,West,Grocery,1,1812.59,1812.59
TXN103741,2024-08-26,CUST0762,North,Grocery,1,84.6,84.6
TXN102865,2024-08-26,CUST0318,West,Grocery,1,151.94,151.94
TXN103842,2024-08-26,CUST0114,South,Apparel,3,631.32,1893.97
TXN112240,2024-08-26,CUST0111,East,Electronics,1,23258.02,23258.02
TXN112485,2024-08-26,CUST0368,East,Apparel,1,5080.91,5080.91
TXN108249,2024-08-26,CUST0407,West,Grocery,1,771.41,771.41
TXN109544,2024-08-26,CUST0017,East,Grocery,2,455.69,911.37
TXN104518,2024-08-26,CUST0218,East,Apparel,1,3347.65,3347.65
TXN106402,2024-08-26,CUST0081,North,Home & Living,1,7470.53,7470.53
TXN100387,2024-08-26,CUST0402,North,Home & Living,1,2291.4,2291.4
TXN101090,2024-08-26,CUST0428,North,Apparel,2,1983.19,3966.39
TXN105748,2024-08-26,CUST0553,South,Apparel,1,1082.75,1082.75
TXN105700,2024-08-26,CUST0112,North,Grocery,1,476.11,476.11
TXN102938,2024-08-26,CUST0069,West,Home & Living,2,4467.0,8934.0
TXN104203,2024-08-26,CUST0653,West,Beauty,1,2927.85,2927.85
TXN107338,2024-08-26,CUST0314,East,Apparel,1,7619.48,7619.48
TXN103634,2024-08-26,CUST0408,South,Beauty,1,1843.03,1843.03
TXN104227,2024-08-26,CUST0056,North,Home & Living,1,1199.59,1199.59
TXN108528,2024-08-27,CUST0479,North,Beauty,1,1524.42,1524.42
TXN108966,2024-08-27,CUST0681,West,Electronics,1,22811.03,22811.03
TXN103750,2024-08-27,CUST0576,West,Electronics,1,25408.95,25408.95
TXN113310,2024-08-27,CUST0211,North,Home & Living,1,4532.95,4532.95
TXN109723,2024-08-27,CUST0042,East,Apparel,1,2946.42,2946.42
TXN105833,2024-08-27,CUST0179,South,Electronics,1,73070.01,73070.01
TXN109372,2024-08-27,CUST0201,North,Electronics,2,31899.0,63798.0
TXN109912,2024-08-27,CUST0685,South,Apparel,1,2870.0,2870.0
TXN110770,2024-08-27,CUST0044,Central,Beauty,1,1265.91,1265.91
TXN109919,2024-08-27,CUST0685,South,Grocery,1,1543.73,1543.73
TXN106072,2024-08-27,CUST0712,West,Electronics,1,22976.4,22976.4
TXN111397,2024-08-27,CUST0697,East,Apparel,1,1876.78,1876.78
TXN108092,2024-08-27,CUST0316,East,Home & Living,1,2350.69,2350.69
TXN112760,2024-08-27,CUST0766,South,Grocery,1,326.07,326.07
TXN100709,2024-08-27,CUST0273,North,Apparel,1,3186.5,3186.5
TXN112260,2024-08-27,CUST0248,North,Grocery,1,2046.02,2046.02
TXN111523,2024-08-27,CUST0446,East,Home & Living,2,10558.72,21117.44
TXN113036,2024-08-27,CUST0225,Central,Grocery,1,466.57,466.57
TXN111019,2024-08-27,CUST0500,West,Home & Living,2,2075.13,4150.27
TXN113664,2024-08-27,CUST0504,East,Grocery,1,524.48,524.48
TXN101610,2024-08-27,CUST0135,North,Beauty,1,3551.37,3551.37
TXN105456,2024-08-28,CUST0640,East,Electronics,1,3918.99,3918.99
TXN105850,2024-08-28,CUST0433,North,Grocery,1,235.45,235.45
TXN111552,2024-08-28,CUST0002,North,Electronics,1,63314.46,63314.46
TXN110577,2024-08-28,CUST0483,East,Apparel,1,1367.36,1367.36
TXN111482,2024-08-28,CUST0394,East,Electronics,1,4282.36,4282.36
TXN103605,2024-08-28,CUST0303,Central,Apparel,1,1102.91,1102.91
TXN103528,2024-08-28,CUST0272,North,Electronics,1,39045.74,39045.74
TXN104329,2024-08-28,CUST0718,Central,Apparel,1,3268.8,3268.8
TXN103022,2024-08-28,CUST0122,South,Apparel,1,4585.9,4585.9
TXN101185,2024-08-28,CUST0199,Central,Grocery,1,1641.8,1641.8
TXN111891,2024-08-28,CUST0140,East,Electronics,1,55610.29,55610.29
TXN101208,2024-08-28,CUST0389,South,Apparel,2,1963.21,3926.43
TXN113064,2024-08-28,CUST0116,South,Electronics,1,42395.49,42395.49
TXN105092,2024-08-28,CUST0532,West,Apparel,1,5757.48,5757.48
TXN102816,2024-08-28,CUST0337,West,Grocery,1,395.32,395.32
TXN106357,2024-08-28,CUST0667,Central,Electronics,1,11437.55,11437.55
TXN100259,2024-08-28,CUST0572,North,Home & Living,1,4363.71,4363.71
TXN103640,2024-08-29,CUST0788,South,Grocery,1,690.06,690.06
TXN114453,2024-08-29,CUST0595,South,Apparel,2,1886.09,3772.17
TXN114490,2024-08-29,CUST0230,West,Home & Living,1,1645.94,1645.94
TXN111629,2024-08-29,CUST0222,South,Home & Living,1,2468.61,2468.61
TXN109291,2024-08-29,CUST0077,West,Electronics,1,20080.91,20080.91
TXN101584,2024-08-29,CUST0413,North,Home & Living,1,10934.96,10934.96
TXN100420,2024-08-29,CUST0775,North,Beauty,1,1477.34,1477.34
TXN113839,2024-08-29,CUST0020,South,Beauty,1,880.27,880.27
TXN100300,2024-08-29,CUST0447,North,Electronics,1,12985.69,12985.69
TXN105116,2024-08-29,CUST0075,North,Home & Living,1,2072.84,2072.84
TXN112806,2024-08-29,CUST0035,South,Home & Living,1,11806.09,11806.09
TXN104378,2024-08-29,CUST0434,North,Apparel,1,2500.02,2500.02
TXN103725,2024-08-29,CUST0465,North,Home & Living,1,5561.47,5561.47
TXN111329,2024-08-29,CUST0637,South,Electronics,1,26874.83,26874.83
TXN111446,2024-08-29,CUST0149,West,Grocery,1,512.29,512.29
TXN101172,2024-08-29,CUST0646,North,Home & Living,1,4147.77,4147.77
TXN106199,2024-08-29,CUST0216,Central,Apparel,1,2277.57,2277.57
TXN111287,2024-08-29,CUST0249,West,Electronics,1,13761.3,13761.3
TXN114570,2024-08-30,CUST0044,Central,Apparel,1,3893.51,3893.51
TXN107741,2024-08-30,CUST0438,South,Apparel,1,1922.5,1922.5
TXN104073,2024-08-30,CUST0250,North,Apparel,1,2678.3,2678.3
TXN106753,2024-08-30,CUST0443,West,Electronics,1,8311.28,8311.28
TXN107628,2024-08-30,CUST0308,West,Home & Living,1,4239.26,4239.26
TXN111670,2024-08-30,CUST0140,East,Home & Living,1,10421.26,10421.26
TXN101709,2024-08-30,CUST0379,West,Home & Living,2,6437.08,12874.17
TXN102778,2024-08-30,CUST0121,West,Grocery,1,611.63,611.63
TXN113665,2024-08-30,CUST0242,West,Electronics,1,36699.93,36699.93
TXN108381,2024-08-30,CUST0481,East,Grocery,1,394.93,394.93
TXN111023,2024-08-30,CUST0170,South,Beauty,2,1432.97,2865.95
TXN107076,2024-08-30,CUST0120,North,Apparel,1,1514.25,1514.25
TXN109519,2024-08-30,CUST0359,West,Grocery,1,959.43,959.43
TXN106884,2024-08-30,CUST0565,West,Electronics,1,16701.97,16701.97
TXN112944,2024-08-30,CUST0337,West,Grocery,1,591.2,591.2
TXN102505,2024-08-30,CUST0523,West,Apparel,1,1746.99,1746.99
TXN112816,2024-08-30,CUST0576,West,Grocery,1,858.55,858.55
TXN114338,2024-08-30,CUST0205,West,Electronics,1,16167.72,16167.72
TXN102729,2024-08-30,CUST0650,West,Home & Living,1,867.06,867.06
TXN112733,2024-08-30,CUST0198,North,Electronics,1,74667.51,74667.51
TXN107049,2024-08-30,CUST0181,South,Grocery,1,245.51,245.51
TXN112896,2024-08-30,CUST0606,South,Electronics,1,12598.71,12598.71
TXN111060,2024-08-30,CUST0219,Central,Home & Living,3,4430.02,13290.05
TXN112917,2024-08-30,CUST0384,Central,Electronics,1,36863.13,36863.13
TXN109083,2024-08-31,CUST0575,North,Electronics,1,15714.69,15714.69
TXN101091,2024-08-31,CUST0476,North,Grocery,1,1875.3,1875.3
TXN110381,2024-08-31,CUST0002,North,Grocery,1,1754.11,1754.11
TXN103503,2024-08-31,CUST0265,South,Apparel,1,3259.33,3259.33
TXN111123,2024-08-31,CUST0729,West,Apparel,1,2295.76,2295.76
TXN111770,2024-08-31,CUST0684,North,Home & Living,1,4662.29,4662.29
TXN111216,2024-08-31,CUST0630,West,Apparel,1,641.3,641.3
TXN113038,2024-08-31,CUST0546,South,Home & Living,2,5295.76,10591.53
TXN113611,2024-08-31,CUST0432,North,Grocery,1,908.57,908.57
TXN106412,2024-08-31,CUST0504,East,Home & Living,1,5383.68,5383.68
TXN111415,2024-08-31,CUST0506,West,Apparel,1,2864.75,2864.75
TXN102415,2024-08-31,CUST0213,Central,Electronics,1,17485.92,17485.92
TXN108140,2024-08-31,CUST0008,Central,Grocery,1,1190.63,1190.63
TXN110440,2024-08-31,CUST0495,West,Apparel,1,2562.02,2562.02
TXN111294,2024-08-31,CUST0300,South,Beauty,1,306.34,306.34
TXN113852,2024-08-31,CUST0796,East,Grocery,1,811.53,811.53
TXN102125,2024-08-31,CUST0749,North,Grocery,1,1544.27,1544.27
TXN113810,2024-09-01,CUST0586,South,Beauty,2,358.2,716.39
TXN103017,2024-09-01,CUST0706,South,Home & Living,1,7840.37,7840.37
TXN103025,2024-09-01,CUST0534,Central,Beauty,2,1759.63,3519.26
TXN104349,2024-09-01,CUST0662,East,Apparel,1,5062.83,5062.83
TXN113647,2024-09-01,CUST0213,Central,Apparel,1,2430.31,2430.31
TXN104583,2024-09-01,CUST0781,North,Grocery,1,415.59,415.59
TXN101114,2024-09-01,CUST0002,North,Grocery,1,1518.77,1518.77
TXN112341,2024-09-01,CUST0229,South,Electronics,2,11615.94,23231.88
TXN114601,2024-09-01,CUST0611,North,Apparel,1,2960.72,2960.72
TXN107372,2024-09-01,CUST0227,West,Electronics,1,17987.6,17987.6
TXN103899,2024-09-01,CUST0500,West,Electronics,1,6842.03,6842.03
TXN102546,2024-09-01,CUST0088,North,Grocery,1,752.52,752.52
TXN106603,2024-09-01,CUST0303,Central,Apparel,1,2919.1,2919.1
TXN108745,2024-09-01,CUST0356,West,Apparel,1,2334.76,2334.76
TXN103443,2024-09-01,CUST0523,West,Electronics,1,62622.46,62622.46
TXN110725,2024-09-02,CUST0628,Central,Electronics,1,31501.18,31501.18
TXN109567,2024-09-02,CUST0177,East,Home & Living,2,2513.44,5026.89
TXN105891,2024-09-02,CUST0320,North,Apparel,1,2599.51,2599.51
TXN105599,2024-09-02,CUST0761,South,Apparel,1,1862.74,1862.74
TXN113366,2024-09-02,CUST0353,West,Apparel,1,3117.83,3117.83
TXN104763,2024-09-02,CUST0384,Central,Grocery,1,1516.4,1516.4
TXN100517,2024-09-02,CUST0489,North,Electronics,1,20463.18,20463.18
TXN106252,2024-09-02,CUST0628,Central,Apparel,1,2584.73,2584.73
TXN111818,2024-09-02,CUST0708,East,Apparel,1,3317.4,3317.4
TXN101644,2024-09-02,CUST0549,Central,Electronics,1,12691.34,12691.34
TXN112254,2024-09-02,CUST0233,North,Apparel,1,1362.74,1362.74
TXN107713,2024-09-02,CUST0293,East,Apparel,1,3644.37,3644.37
TXN108424,2024-09-02,CUST0576,West,Beauty,1,3439.28,3439.28
TXN100041,2024-09-02,CUST0676,East,Grocery,2,687.96,1375.92
TXN103920,2024-09-02,CUST0671,East,Beauty,1,802.44,802.44
TXN105546,2024-09-02,CUST0593,North,Electronics,3,22425.08,67275.25
TXN111087,2024-09-02,CUST0144,West,Home & Living,2,4199.57,8399.13
TXN112122,2024-09-02,CUST0185,West,Apparel,1,2986.57,2986.57
TXN112556,2024-09-02,CUST0710,West,Apparel,1,2923.27,2923.27
TXN106207,2024-09-02,CUST0685,South,Apparel,1,6922.06,6922.06
TXN100666,2024-09-03,CUST0474,North,Home & Living,3,13760.28,41280.83
TXN100806,2024-09-03,CUST0289,Central,Grocery,2,653.94,1307.89
TXN102878,2024-09-03,CUST0476,North,Beauty,1,3119.73,3119.73
TXN104152,2024-09-03,CUST0090,North,Grocery,1,348.11,348.11
TXN107331,2024-09-03,CUST0191,West,Apparel,1,1473.81,1473.81
TXN111918,2024-09-03,CUST0210,South,Beauty,2,1693.58,3387.16
TXN113419,2024-09-03,CUST0537,North,Electronics,1,31373.82,31373.82
TXN102807,2024-09-03,CUST0119,West,Beauty,1,4235.28,4235.28
TXN112236,2024-09-03,CUST0775,North,Home & Living,1,5401.65,5401.65
TXN105141,2024-09-03,CUST0095,East,Electronics,1,23190.34,23190.34
TXN105384,2024-09-03,CUST0676,East,Beauty,1,2940.29,2940.29
TXN110030,2024-09-03,CUST0749,North,Apparel,3,7973.05,23919.14
TXN113785,2024-09-03,CUST0516,East,Home & Living,1,3994.7,3994.7
TXN103163,2024-09-03,CUST0203,West,Apparel,1,1849.0,1849.0
TXN105325,2024-09-03,CUST0035,South,Electronics,1,20183.41,20183.41
TXN100414,2024-09-03,CUST0428,North,Grocery,2,1415.51,2831.02
TXN112135,2024-09-03,CUST0155,South,Grocery,1,1037.7,1037.7
TXN114528,2024-09-03,CUST0731,South,Home & Living,1,2929.79,2929.79
TXN101280,2024-09-03,CUST0263,West,Grocery,1,724.03,724.03
TXN101262,2024-09-03,CUST0764,North,Electronics,1,23708.26,23708.26
TXN114188,2024-09-03,CUST0271,South,Apparel,1,2998.56,2998.56
TXN105146,2024-09-03,CUST0533,North,Apparel,1,3421.69,3421.69
TXN104804,2024-09-03,CUST0052,West,Electronics,1,5881.75,5881.75
TXN102927,2024-09-03,CUST0736,North,Home & Living,2,6120.3,12240.59
TXN109713,2024-09-03,CUST0766,South,Electronics,1,30627.34,30627.34
TXN108121,2024-09-03,CUST0377,West,Apparel,1,411.35,411.35
TXN111667,2024-09-03,CUST0578,East,Home & Living,1,11977.08,11977.08
TXN107944,2024-09-04,CUST0265,South,Grocery,1,485.01,485.01
TXN114053,2024-09-04,CUST0198,North,Electronics,1,6429.79,6429.79
TXN101938,2024-09-04,CUST0531,East,Apparel,2,1010.01,2020.03
TXN107953,2024-09-04,CUST0505,West,Home & Living,2,4509.87,9019.74
TXN110422,2024-09-04,CUST0685,South,Beauty,1,4887.76,4887.76
TXN113745,2024-09-04,CUST0670,West,Apparel,1,2521.38,2521.38
TXN114958,2024-09-04,CUST0652,East,Home & Living,1,4235.29,4235.29
TXN112606,2024-09-04,CUST0373,East,Apparel,1,2708.38,2708.38
TXN108661,2024-09-04,CUST0533,North,Home & Living,1,8798.84,8798.84
TXN112775,2024-09-04,CUST0662,East,Apparel,2,2453.51,4907.02
TXN105144,2024-09-04,CUST0389,South,Electronics,1,17770.7,17770.7
TXN113550,2024-09-04,CUST0552,East,Grocery,1,53.37,53.37
TXN112514,2024-09-04,CUST0230,West,Apparel,1,1592.23,1592.23
TXN110148,2024-09-04,CUST0199,Central,Grocery,1,2063.41,2063.41
TXN106719,2024-09-04,CUST0402,North,Beauty,1,3804.46,3804.46
TXN101569,2024-09-04,CUST0329,South,Apparel,1,915.88,915.88
TXN103701,2024-09-04,CUST0009,South,Home & Living,1,5414.58,5414.58
TXN103466,2024-09-04,CUST0386,Central,Home & Living,2,4791.15,9582.29
TXN103213,2024-09-04,CUST0412,South,Home & Living,1,12375.76,12375.76
TXN112451,2024-09-04,CUST0308,West,Beauty,1,1884.39,1884.39
TXN108265,2024-09-04,CUST0003,East,Beauty,1,980.36,980.36
TXN107234,2024-09-05,CUST0759,West,Grocery,1,945.14,945.14
TXN102034,2024-09-05,CUST0078,East,Grocery,1,671.3,671.3
TXN100370,2024-09-05,CUST0021,West,Beauty,1,502.54,502.54
TXN104016,2024-09-05,CUST0707,East,Home & Living,1,2818.76,2818.76
TXN106297,2024-09-05,CUST0398,Central,Apparel,1,1257.14,1257.14
TXN104769,2024-09-05,CUST0665,Central,Apparel,2,2483.59,4967.17
TXN104374,2024-09-05,CUST0237,South,Home & Living,3,1547.21,4641.62
TXN107001,2024-09-05,CUST0559,North,Home & Living,1,1117.07,1117.07
TXN100384,2024-09-05,CUST0114,South,Beauty,2,2395.57,4791.13
TXN106354,2024-09-05,CUST0719,North,Home & Living,1,1008.59,1008.59
TXN101151,2024-09-05,CUST0531,East,Electronics,1,10069.58,10069.58
TXN114827,2024-09-05,CUST0479,North,Electronics,1,72869.2,72869.2
TXN100559,2024-09-05,CUST0587,West,Grocery,1,788.54,788.54
TXN112598,2024-09-05,CUST0569,North,Apparel,1,5735.68,5735.68
TXN106184,2024-09-05,CUST0759,West,Home & Living,1,5798.47,5798.47
TXN111208,2024-09-05,CUST0391,North,Electronics,2,63282.5,126565.0
TXN111883,2024-09-05,CUST0078,East,Apparel,1,1211.43,1211.43
TXN114039,2024-09-05,CUST0592,North,Grocery,1,1135.95,1135.95
TXN102152,2024-09-05,CUST0250,North,Electronics,2,3376.4,6752.79
TXN111802,2024-09-05,CUST0290,North,Grocery,1,158.08,158.08
TXN109732,2024-09-05,CUST0716,North,Grocery,1,1737.5,1737.5
TXN111793,2024-09-06,CUST0716,North,Apparel,2,3378.91,6757.82
TXN110323,2024-09-06,CUST0789,South,Apparel,1,1362.45,1362.45
TXN108767,2024-09-06,CUST0291,Central,Electronics,1,21911.71,21911.71
TXN103782,2024-09-06,CUST0213,Central,Apparel,1,3478.78,3478.78
TXN111043,2024-09-06,CUST0797,North,Electronics,1,25133.89,25133.89
TXN106969,2024-09-06,CUST0227,West,Home & Living,1,5465.8,5465.8
TXN100822,2024-09-06,CUST0595,South,Home & Living,1,11585.47,11585.47
TXN114837,2024-09-06,CUST0551,West,Home & Living,1,4100.97,4100.97
TXN104684,2024-09-06,CUST0176,North,Home & Living,2,4388.32,8776.64
TXN110847,2024-09-06,CUST0800,Central,Grocery,1,99.29,99.29
TXN113097,2024-09-06,CUST0306,North,Electronics,1,8263.49,8263.49
TXN101390,2024-09-06,CUST0151,East,Grocery,1,2084.7,2084.7
TXN106293,2024-09-06,CUST0361,West,Electronics,1,5481.43,5481.43
TXN111595,2024-09-06,CUST0681,West,Electronics,2,20202.64,40405.28
TXN114756,2024-09-06,CUST0051,North,Grocery,1,1322.82,1322.82
TXN109868,2024-09-06,CUST0179,South,Grocery,1,1233.69,1233.69
TXN105224,2024-09-06,CUST0183,North,Home & Living,1,13967.09,13967.09
TXN109386,2024-09-06,CUST0034,North,Home & Living,1,11192.41,11192.41
TXN114854,2024-09-06,CUST0062,South,Grocery,1,646.92,646.92
TXN105243,2024-09-06,CUST0071,South,Home & Living,2,7283.95,14567.89
TXN109286,2024-09-06,CUST0050,East,Electronics,1,27258.19,27258.19
TXN113855,2024-09-06,CUST0389,South,Electronics,1,43029.91,43029.91
TXN102624,2024-09-06,CUST0470,South,Apparel,1,4938.44,4938.44
TXN105424,2024-09-06,CUST0481,East,Grocery,1,313.46,313.46
TXN103639,2024-09-06,CUST0293,East,Electronics,1,33501.5,33501.5
TXN104242,2024-09-07,CUST0078,East,Electronics,1,10407.74,10407.74
TXN109985,2024-09-07,CUST0522,North,Electronics,1,27038.89,27038.89
TXN100086,2024-09-07,CUST0744,North,Apparel,1,2959.89,2959.89
TXN105089,2024-09-07,CUST0059,East,Grocery,1,156.95,156.95
TXN100386,2024-09-07,CUST0571,Central,Grocery,1,585.97,585.97
TXN109063,2024-09-07,CUST0364,West,Grocery,1,281.12,281.12
TXN103836,2024-09-07,CUST0179,South,Home & Living,3,12201.95,36605.84
TXN113285,2024-09-07,CUST0717,East,Grocery,1,462.3,462.3
TXN106406,2024-09-07,CUST0595,South,Grocery,1,817.18,817.18
TXN110248,2024-09-07,CUST0250,North,Electronics,1,36980.67,36980.67
TXN111285,2024-09-07,CUST0070,Central,Apparel,1,5078.5,5078.5
TXN114739,2024-09-07,CUST0307,South,Beauty,2,1347.29,2694.57
TXN110830,2024-09-07,CUST0794,North,Electronics,1,16590.78,16590.78
TXN113729,2024-09-07,CUST0396,West,Electronics,1,62460.9,62460.9
TXN100267,2024-09-07,CUST0139,North,Grocery,1,211.0,211.0
TXN109691,2024-09-07,CUST0255,Central,Home & Living,1,3114.04,3114.04
TXN102529,2024-09-07,CUST0002,North,Beauty,1,5058.81,5058.81
TXN111816,2024-09-07,CUST0065,South,Electronics,1,30862.38,30862.38
TXN109014,2024-09-07,CUST0314,East,Home & Living,1,11516.25,11516.25
TXN103050,2024-09-07,CUST0047,North,Electronics,1,16745.17,16745.17
TXN109624,2024-09-07,CUST0334,North,Electronics,1,3583.78,3583.78
TXN102556,2024-09-07,CUST0437,West,Electronics,1,3910.25,3910.25
TXN106128,2024-09-07,CUST0752,East,Home & Living,1,6977.87,6977.87
TXN107514,2024-09-08,CUST0260,East,Apparel,1,3062.67,3062.67
TXN105541,2024-09-08,CUST0114,South,Apparel,1,1651.67,1651.67
TXN107245,2024-09-08,CUST0575,North,Electronics,2,15028.61,30057.22
TXN111227,2024-09-08,CUST0021,West,Electronics,1,25551.82,25551.82
TXN105676,2024-09-08,CUST0243,South,Grocery,1,1015.64,1015.64
TXN107849,2024-09-08,CUST0256,South,Grocery,1,357.57,357.57
TXN112667,2024-09-08,CUST0053,North,Grocery,1,936.74,936.74
TXN109249,2024-09-08,CUST0047,North,Electronics,2,20331.41,40662.83
TXN101267,2024-09-08,CUST0597,South,Grocery,1,207.36,207.36
TXN110008,2024-09-08,CUST0031,North,Grocery,2,469.29,938.58
TXN100421,2024-09-08,CUST0451,West,Electronics,1,20369.36,20369.36
TXN110251,2024-09-08,CUST0717,East,Grocery,1,285.47,285.47
TXN104047,2024-09-08,CUST0576,West,Apparel,1,1534.32,1534.32
TXN102278,2024-09-08,CUST0447,North,Grocery,1,1635.63,1635.63
TXN100118,2024-09-08,CUST0791,West,Apparel,1,1553.8,1553.8
TXN114353,2024-09-09,CUST0256,South,Grocery,3,520.84,1562.53
TXN107811,2024-09-09,CUST0527,North,Grocery,2,431.75,863.5
TXN104415,2024-09-09,CUST0593,North,Beauty,2,756.29,1512.58
TXN104826,2024-09-09,CUST0761,South,Grocery,2,37.82,75.65
TXN111297,2024-09-09,CUST0706,South,Apparel,1,7773.31,7773.31
TXN109373,2024-09-09,CUST0525,Central,Beauty,1,1080.38,1080.38
TXN112619,2024-09-09,CUST0396,West,Electronics,2,67268.54,134537.07
TXN114969,2024-09-09,CUST0243,South,Apparel,1,3114.9,3114.9
TXN111355,2024-09-09,CUST0553,South,Apparel,1,4294.93,4294.93
TXN110590,2024-09-09,CUST0475,South,Grocery,1,651.07,651.07
TXN101636,2024-09-09,CUST0184,North,Home & Living,1,13506.35,13506.35
TXN108170,2024-09-09,CUST0606,South,Beauty,1,737.85,737.85
TXN107265,2024-09-09,CUST0542,South,Home & Living,1,6613.42,6613.42
TXN108273,2024-09-10,CUST0179,South,Grocery,1,426.16,426.16
TXN104588,2024-09-10,CUST0116,South,Beauty,1,450.24,450.24
TXN114636,2024-09-10,CUST0092,West,Apparel,1,3429.12,3429.12
TXN100493,2024-09-10,CUST0421,Central,Home & Living,2,5828.7,11657.4
TXN114226,2024-09-10,CUST0242,West,Electronics,1,76475.59,76475.59
TXN113964,2024-09-10,CUST0219,Central,Grocery,1,516.97,516.97
TXN102294,2024-09-10,CUST0574,South,Grocery,2,889.87,1779.73
TXN110438,2024-09-10,CUST0448,North,Electronics,1,30694.3,30694.3
TXN104845,2024-09-10,CUST0436,South,Apparel,2,847.65,1695.3
TXN107101,2024-09-10,CUST0663,North,Grocery,1,95.89,95.89
TXN105804,2024-09-10,CUST0288,North,Grocery,1,158.03,158.03
TXN112986,2024-09-10,CUST0790,West,Grocery,1,1732.08,1732.08
TXN114757,2024-09-10,CUST0470,South,Grocery,1,2138.29,2138.29
TXN112151,2024-09-10,CUST0227,West,Electronics,1,41193.2,41193.2
TXN113545,2024-09-10,CUST0800,Central,Grocery,1,875.23,875.23
TXN107217,2024-09-10,CUST0281,West,Apparel,2,901.11,1802.22
TXN114762,2024-09-10,CUST0686,South,Apparel,3,2142.5,6427.51
TXN103781,2024-09-10,CUST0408,South,Beauty,2,1700.68,3401.36
TXN103559,2024-09-10,CUST0188,South,Home & Living,1,7249.28,7249.28
TXN106342,2024-09-11,CUST0724,North,Apparel,2,1122.61,2245.23
TXN111014,2024-09-11,CUST0732,East,Home & Living,1,3931.04,3931.04
TXN104217,2024-09-11,CUST0468,South,Apparel,1,974.33,974.33
TXN113237,2024-09-11,CUST0598,North,Apparel,1,1481.74,1481.74
TXN104620,2024-09-11,CUST0634,East,Apparel,1,920.5,920.5
TXN107986,2024-09-11,CUST0151,East,Home & Living,1,7715.69,7715.69
TXN106323,2024-09-11,CUST0068,North,Grocery,1,52.74,52.74
TXN114456,2024-09-11,CUST0280,Central,Home & Living,2,2479.9,4959.8
TXN100885,2024-09-11,CUST0790,West,Apparel,1,3652.5,3652.5
TXN101661,2024-09-11,CUST0410,Central,Apparel,1,2758.53,2758.53
TXN106951,2024-09-11,CUST0076,North,Home & Living,1,2042.4,2042.4
TXN107622,2024-09-11,CUST0428,North,Home & Living,3,8040.29,24120.87
TXN108223,2024-09-11,CUST0166,South,Home & Living,2,5605.13,11210.27
TXN111623,2024-09-11,CUST0721,North,Home & Living,1,11673.69,11673.69
TXN109490,2024-09-11,CUST0767,East,Apparel,1,1931.27,1931.27
TXN104744,2024-09-11,CUST0338,South,Grocery,1,1140.23,1140.23
TXN111803,2024-09-11,CUST0384,Central,Apparel,2,7073.41,14146.82
TXN101050,2024-09-11,CUST0177,East,Home & Living,1,5457.94,5457.94
TXN105838,2024-09-11,CUST0229,South,Grocery,2,1447.36,2894.73
TXN107118,2024-09-12,CUST0712,West,Electronics,2,14593.98,29187.96
TXN106263,2024-09-12,CUST0499,East,Home & Living,1,13347.27,13347.27
TXN107142,2024-09-12,CUST0353,West,Apparel,1,3312.69,3312.69
TXN112073,2024-09-12,CUST0234,North,Apparel,2,1452.88,2905.75
TXN108034,2024-09-12,CUST0234,North,Apparel,1,2223.71,2223.71
TXN103397,2024-09-12,CUST0261,West,Electronics,2,6626.65,13253.3
TXN104225,2024-09-12,CUST0285,Central,Apparel,1,1956.82,1956.82
TXN108353,2024-09-12,CUST0204,West,Home & Living,1,4014.71,4014.71
TXN112303,2024-09-12,CUST0673,West,Apparel,1,2991.19,2991.19
TXN107520,2024-09-12,CUST0716,North,Home & Living,1,9484.02,9484.02
TXN113191,2024-09-12,CUST0287,East,Beauty,1,592.37,592.37
TXN113409,2024-09-12,CUST0171,East,Apparel,1,1552.6,1552.6
TXN101139,2024-09-12,CUST0063,East,Electronics,1,26422.06,26422.06
TXN110862,2024-09-12,CUST0796,East,Electronics,2,76405.37,152810.75
TXN109228,2024-09-12,CUST0683,East,Grocery,1,370.89,370.89
TXN110464,2024-09-12,CUST0749,North,Electronics,1,6140.3,6140.3
TXN108838,2024-09-12,CUST0370,South,Apparel,1,951.81,951.81
TXN105253,2024-09-12,CUST0618,North,Grocery,1,615.14,615.14
TXN105909,2024-09-13,CUST0749,North,Beauty,1,538.47,538.47
TXN108151,2024-09-13,CUST0089,North,Apparel,1,4086.87,4086.87
TXN107246,2024-09-13,CUST0751,Central,Apparel,1,2557.34,2557.34
TXN104277,2024-09-13,CUST0525,Central,Electronics,2,8952.09,17904.19
TXN107694,2024-09-13,CUST0763,West,Apparel,2,2933.2,5866.4
TXN105470,2024-09-13,CUST0290,North,Home & Living,1,7308.76,7308.76
TXN103761,2024-09-13,CUST0190,West,Apparel,2,642.41,1284.81
TXN110992,2024-09-13,CUST0312,North,Grocery,1,814.32,814.32
TXN112932,2024-09-13,CUST0052,West,Home & Living,1,5865.32,5865.32
TXN102534,2024-09-13,CUST0475,South,Apparel,1,1547.4,1547.4
TXN111334,2024-09-13,CUST0519,North,Home & Living,2,8771.2,17542.4
TXN111383,2024-09-13,CUST0743,East,Electronics,1,11114.69,11114.69
TXN110945,2024-09-13,CUST0087,East,Home & Living,1,3061.5,3061.5
TXN108369,2024-09-13,CUST0116,South,Home & Living,1,9903.48,9903.48
TXN106577,2024-09-13,CUST0574,South,Grocery,1,279.36,279.36
TXN101543,2024-09-13,CUST0435,East,Electronics,2,30548.2,61096.4
TXN106359,2024-09-13,CUST0035,South,Apparel,2,4781.94,9563.87
TXN102031,2024-09-13,CUST0127,North,Beauty,1,2467.0,2467.0
TXN112987,2024-09-14,CUST0151,East,Electronics,1,32322.61,32322.61
TXN106208,2024-09-14,CUST0210,South,Grocery,1,362.95,362.95
TXN110403,2024-09-14,CUST0614,North,Home & Living,1,4307.18,4307.18
TXN110674,2024-09-14,CUST0262,Central,Apparel,1,4680.77,4680.77
TXN101887,2024-09-14,CUST0046,South,Grocery,1,416.2,416.2
TXN112357,2024-09-14,CUST0325,East,Beauty,1,5175.88,5175.88
TXN101659,2024-09-14,CUST0720,Central,Apparel,2,2063.61,4127.21
TXN108749,2024-09-14,CUST0396,West,Home & Living,1,6571.98,6571.98
TXN103249,2024-09-14,CUST0092,West,Grocery,1,1010.01,1010.01
TXN109440,2024-09-14,CUST0464,South,Home & Living,1,5493.74,5493.74
TXN111738,2024-09-14,CUST0315,East,Grocery,1,609.86,609.86
TXN104638,2024-09-14,CUST0696,East,Apparel,2,3011.52,6023.04
TXN102290,2024-09-14,CUST0592,North,Grocery,1,641.65,641.65
TXN100583,2024-09-14,CUST0246,East,Home & Living,1,3817.68,3817.68
TXN107912,2024-09-14,CUST0063,East,Apparel,1,1085.06,1085.06
TXN107202,2024-09-14,CUST0391,North,Grocery,1,907.07,907.07
TXN110562,2024-09-14,CUST0442,West,Electronics,2,74806.02,149612.04
TXN104482,2024-09-14,CUST0303,Central,Home & Living,1,5262.01,5262.01
TXN112616,2024-09-14,CUST0068,North,Grocery,1,202.12,202.12
TXN108517,2024-09-15,CUST0488,South,Apparel,2,332.51,665.02
TXN101725,2024-09-15,CUST0591,North,Grocery,2,662.88,1325.76
TXN112347,2024-09-15,CUST0350,West,Apparel,1,2618.71,2618.71
TXN114137,2024-09-15,CUST0590,South,Apparel,3,1503.4,4510.19
TXN105107,2024-09-15,CUST0442,West,Beauty,1,2752.72,2752.72
TXN104579,2024-09-15,CUST0256,South,Electronics,1,17202.39,17202.39
TXN108622,2024-09-15,CUST0777,North,Grocery,1,371.45,371.45
TXN108520,2024-09-15,CUST0017,East,Beauty,2,1430.53,2861.06
TXN114348,2024-09-15,CUST0399,West,Apparel,1,2543.54,2543.54
TXN104584,2024-09-15,CUST0019,North,Apparel,3,2806.73,8420.19
TXN113717,2024-09-15,CUST0193,North,Home & Living,1,7256.7,7256.7
TXN111989,2024-09-15,CUST0197,Central,Apparel,1,3568.79,3568.79
TXN101657,2024-09-15,CUST0175,North,Apparel,2,3450.86,6901.72
TXN101345,2024-09-15,CUST0088,North,Grocery,1,227.41,227.41
TXN101121,2024-09-15,CUST0620,Central,Beauty,2,2997.84,5995.67
TXN105829,2024-09-15,CUST0523,West,Apparel,1,6042.47,6042.47
TXN103502,2024-09-16,CUST0461,North,Home & Living,1,3332.8,3332.8
TXN107200,2024-09-16,CUST0603,North,Apparel,1,2774.81,2774.81
TXN107293,2024-09-16,CUST0401,West,Apparel,3,1300.55,3901.66
TXN113686,2024-09-16,CUST0544,West,Grocery,1,72.41,72.41
TXN111775,2024-09-16,CUST0455,West,Electronics,1,13843.26,13843.26
TXN107335,2024-09-16,CUST0509,South,Apparel,1,5670.26,5670.26
TXN107376,2024-09-16,CUST0262,Central,Home & Living,1,10108.89,10108.89
TXN107353,2024-09-16,CUST0454,North,Home & Living,1,8950.13,8950.13
TXN105535,2024-09-16,CUST0578,East,Apparel,1,6756.79,6756.79
TXN105231,2024-09-16,CUST0075,North,Apparel,3,792.0,2376.0
TXN114735,2024-09-16,CUST0781,North,Beauty,1,601.86,601.86
TXN109135,2024-09-16,CUST0179,South,Home & Living,3,2551.5,7654.5
TXN103778,2024-09-16,CUST0647,West,Electronics,1,24084.19,24084.19
TXN113907,2024-09-16,CUST0305,Central,Home & Living,1,661.86,661.86
TXN107962,2024-09-16,CUST0540,North,Apparel,1,2750.07,2750.07
TXN111550,2024-09-16,CUST0215,West,Beauty,1,456.44,456.44
TXN110794,2024-09-16,CUST0662,East,Apparel,1,3944.45,3944.45
TXN110411,2024-09-16,CUST0262,Central,Beauty,1,2465.31,2465.31
TXN110189,2024-09-16,CUST0507,West,Beauty,1,4263.21,4263.21
TXN113533,2024-09-16,CUST0027,South,Grocery,1,172.89,172.89
TXN105570,2024-09-16,CUST0393,South,Beauty,1,474.96,474.96
TXN108905,2024-09-17,CUST0353,West,Apparel,1,3101.34,3101.34
TXN101541,2024-09-17,CUST0742,North,Electronics,2,16067.97,32135.95
TXN109717,2024-09-17,CUST0368,East,Grocery,1,1668.43,1668.43
TXN113569,2024-09-17,CUST0623,North,Beauty,1,969.92,969.92
TXN104063,2024-09-17,CUST0466,North,Grocery,2,272.78,545.56
TXN112065,2024-09-17,CUST0706,South,Home & Living,1,13324.84,13324.84
TXN107156,2024-09-17,CUST0192,West,Apparel,1,1426.3,1426.3
TXN107389,2024-09-17,CUST0472,West,Grocery,1,1796.09,1796.09
TXN113527,2024-09-17,CUST0383,East,Grocery,1,385.18,385.18
TXN111307,2024-09-17,CUST0649,Central,Home & Living,1,6520.36,6520.36
TXN109197,2024-09-17,CUST0275,Central,Electronics,1,29518.85,29518.85
TXN113926,2024-09-17,CUST0633,South,Grocery,1,538.96,538.96
TXN107236,2024-09-17,CUST0406,West,Home & Living,1,9055.13,9055.13
TXN108326,2024-09-17,CUST0364,West,Grocery,1,446.09,446.09
TXN104430,2024-09-17,CUST0495,West,Home & Living,1,3647.04,3647.04
TXN107158,2024-09-17,CUST0179,South,Apparel,2,3778.83,7557.66
TXN102769,2024-09-17,CUST0155,South,Home & Living,1,10142.46,10142.46
TXN108670,2024-09-18,CUST0308,West,Grocery,1,827.81,827.81
TXN113735,2024-09-18,CUST0671,East,Apparel,1,522.98,522.98
TXN106876,2024-09-18,CUST0071,South,Home & Living,1,2180.11,2180.11
TXN108457,2024-09-18,CUST0615,East,Electronics,1,73027.14,73027.14
TXN108878,2024-09-18,CUST0396,West,Home & Living,1,9627.86,9627.86
TXN100071,2024-09-18,CUST0708,East,Electronics,1,36551.06,36551.06
TXN101165,2024-09-18,CUST0769,East,Grocery,1,456.66,456.66
TXN110106,2024-09-18,CUST0764,North,Home & Living,1,5803.57,5803.57
TXN110497,2024-09-18,CUST0704,South,Apparel,1,424.25,424.25
TXN111390,2024-09-18,CUST0732,East,Electronics,2,18507.85,37015.69
TXN114070,2024-09-18,CUST0490,North,Apparel,1,5913.71,5913.71
TXN104590,2024-09-18,CUST0544,West,Electronics,2,31792.73,63585.46
TXN107451,2024-09-18,CUST0442,West,Home & Living,1,12299.65,12299.65
TXN111613,2024-09-18,CUST0746,South,Grocery,2,1400.1,2800.2
TXN107304,2024-09-18,CUST0484,North,Grocery,1,750.23,750.23
TXN104838,2024-09-18,CUST0108,South,Apparel,1,529.12,529.12
TXN113500,2024-09-18,CUST0381,Central,Apparel,1,1087.78,1087.78
TXN112458,2024-09-18,CUST0326,East,Electronics,1,19752.96,19752.96
TXN111094,2024-09-18,CUST0566,North,Grocery,1,249.28,249.28
TXN104691,2024-09-18,CUST0314,East,Apparel,1,7690.92,7690.92
TXN107208,2024-09-18,CUST0035,South,Apparel,1,7207.19,7207.19
TXN114516,2024-09-18,CUST0753,West,Apparel,1,2856.31,2856.31
TXN103533,2024-09-18,CUST0012,West,Grocery,1,2063.55,2063.55
TXN112791,2024-09-18,CUST0670,West,Electronics,1,21573.54,21573.54
TXN103530,2024-09-18,CUST0450,East,Beauty,1,1840.11,1840.11
TXN109011,2024-09-18,CUST0591,North,Electronics,1,10302.17,10302.17
TXN106057,2024-09-19,CUST0525,Central,Electronics,1,36043.63,36043.63
TXN113998,2024-09-19,CUST0585,East,Home & Living,1,832.7,832.7
TXN110668,2024-09-19,CUST0486,East,Apparel,1,7826.2,7826.2
TXN103916,2024-09-19,CUST0646,North,Grocery,1,525.3,525.3
TXN109118,2024-09-19,CUST0009,South,Home & Living,1,7570.59,7570.59
TXN102174,2024-09-19,CUST0519,North,Electronics,1,62076.93,62076.93
TXN112368,2024-09-19,CUST0601,North,Home & Living,1,3304.93,3304.93
TXN104146,2024-09-19,CUST0531,East,Grocery,1,222.93,222.93
TXN100261,2024-09-19,CUST0517,East,Apparel,1,2257.45,2257.45
TXN112937,2024-09-19,CUST0198,North,Grocery,1,1139.19,1139.19
TXN104900,2024-09-19,CUST0170,South,Electronics,1,20566.21,20566.21
TXN105875,2024-09-19,CUST0402,North,Grocery,1,1132.45,1132.45
TXN113682,2024-09-19,CUST0742,North,Home & Living,3,4211.95,12635.86
TXN114764,2024-09-19,CUST0013,North,Beauty,1,1310.46,1310.46
TXN107488,2024-09-19,CUST0188,South,Apparel,2,794.81,1589.63
TXN114430,2024-09-19,CUST0374,North,Electronics,1,43610.5,43610.5
TXN100577,2024-09-19,CUST0508,West,Grocery,1,958.26,958.26
TXN110718,2024-09-19,CUST0007,Central,Apparel,1,331.67,331.67
TXN100642,2024-09-19,CUST0470,South,Home & Living,1,11710.18,11710.18
TXN114928,2024-09-20,CUST0092,West,Apparel,1,3456.4,3456.4
TXN109287,2024-09-20,CUST0232,East,Grocery,2,592.18,1184.37
TXN101507,2024-09-20,CUST0008,Central,Electronics,1,44456.05,44456.05
TXN102706,2024-09-20,CUST0389,South,Home & Living,1,6495.62,6495.62
TXN106575,2024-09-20,CUST0236,West,Electronics,1,15740.82,15740.82
TXN105499,2024-09-20,CUST0717,East,Apparel,2,1763.97,3527.93
TXN114084,2024-09-20,CUST0599,East,Grocery,1,290.09,290.09
TXN113045,2024-09-20,CUST0265,South,Grocery,2,920.66,1841.32
TXN112090,2024-09-20,CUST0398,Central,Grocery,1,155.8,155.8
TXN114853,2024-09-20,CUST0621,South,Home & Living,1,4331.47,4331.47
TXN101924,2024-09-20,CUST0140,East,Grocery,1,2117.28,2117.28
TXN111378,2024-09-20,CUST0141,North,Grocery,1,1015.03,1015.03
TXN103446,2024-09-20,CUST0397,Central,Apparel,1,2685.0,2685.0
TXN105008,2024-09-20,CUST0753,West,Grocery,1,304.53,304.53
TXN104397,2024-09-20,CUST0605,East,Home & Living,1,5375.87,5375.87
TXN108085,2024-09-21,CUST0367,West,Apparel,1,1131.18,1131.18
TXN109768,2024-09-21,CUST0276,South,Grocery,2,226.58,453.16
TXN101979,2024-09-21,CUST0400,North,Grocery,1,389.05,389.05
TXN111931,2024-09-21,CUST0325,East,Home & Living,2,2442.53,4885.05
TXN100120,2024-09-21,CUST0119,West,Grocery,1,1812.38,1812.38
TXN106038,2024-09-21,CUST0051,North,Grocery,1,807.62,807.62
TXN101639,2024-09-21,CUST0447,North,Apparel,1,2226.2,2226.2
TXN113703,2024-09-21,CUST0306,North,Beauty,1,933.9,933.9
TXN111805,2024-09-21,CUST0273,North,Grocery,1,193.2,193.2
TXN102893,2024-09-21,CUST0632,East,Electronics,1,13125.91,13125.91
TXN102258,2024-09-21,CUST0325,East,Electronics,1,50191.35,50191.35
TXN104280,2024-09-21,CUST0173,West,Apparel,1,777.1,777.1
TXN104721,2024-09-21,CUST0412,South,Electronics,1,32935.9,32935.9
TXN103969,2024-09-21,CUST0786,North,Electronics,1,72787.27,72787.27
TXN114671,2024-09-21,CUST0576,West,Home & Living,1,11687.92,11687.92
TXN100331,2024-09-21,CUST0452,South,Apparel,2,1209.46,2418.92
TXN103159,2024-09-21,CUST0796,East,Electronics,2,12635.67,25271.35
TXN111205,2024-09-21,CUST0662,East,Home & Living,1,4110.84,4110.84
TXN105611,2024-09-21,CUST0141,North,Home & Living,2,9206.86,18413.73
TXN105207,2024-09-21,CUST0348,East,Grocery,1,420.17,420.17
TXN100179,2024-09-21,CUST0676,East,Electronics,1,78427.71,78427.71
TXN114267,2024-09-22,CUST0746,South,Home & Living,1,8573.81,8573.81
TXN112647,2024-09-22,CUST0592,North,Grocery,1,1141.59,1141.59
TXN114054,2024-09-22,CUST0572,North,Apparel,1,3145.99,3145.99
TXN101558,2024-09-22,CUST0661,South,Grocery,1,737.6,737.6
TXN105015,2024-09-22,CUST0572,North,Electronics,1,12035.32,12035.32
TXN110676,2024-09-22,CUST0580,East,Electronics,1,29844.76,29844.76
TXN112218,2024-09-22,CUST0513,East,Apparel,2,1976.1,3952.19
TXN103578,2024-09-22,CUST0435,East,Home & Living,2,662.91,1325.82
TXN108987,2024-09-22,CUST0720,Central,Apparel,1,1818.01,1818.01
TXN104468,2024-09-22,CUST0090,North,Apparel,1,2321.29,2321.29
TXN112792,2024-09-22,CUST0073,East,Grocery,1,772.18,772.18
TXN104193,2024-09-22,CUST0736,North,Apparel,1,5303.49,5303.49
TXN106748,2024-09-22,CUST0383,East,Home & Living,1,7412.17,7412.17
TXN107730,2024-09-22,CUST0543,West,Electronics,1,26684.31,26684.31
TXN110984,2024-09-22,CUST0183,North,Grocery,3,1281.2,3843.59
TXN113230,2024-09-22,CUST0368,East,Grocery,1,574.21,574.21
TXN106561,2024-09-22,CUST0109,North,Apparel,1,2643.09,2643.09
TXN104087,2024-09-22,CUST0734,North,Apparel,2,1614.91,3229.81
TXN104001,2024-09-22,CUST0252,East,Electronics,2,5008.47,10016.93
TXN110186,2024-09-22,CUST0700,West,Beauty,2,987.75,1975.5
TXN104358,2024-09-23,CUST0610,West,Grocery,1,1062.68,1062.68
TXN102449,2024-09-23,CUST0170,South,Home & Living,1,2702.66,2702.66
TXN111943,2024-09-23,CUST0716,North,Apparel,1,5439.32,5439.32
TXN114745,2024-09-23,CUST0420,North,Home & Living,1,7688.42,7688.42
TXN100091,2024-09-23,CUST0406,West,Apparel,2,752.08,1504.15
TXN103299,2024-09-23,CUST0733,West,Apparel,1,3873.07,3873.07
TXN100425,2024-09-23,CUST0213,Central,Home & Living,1,7126.49,7126.49
TXN100395,2024-09-23,CUST0518,West,Home & Living,1,4407.77,4407.77
TXN114706,2024-09-23,CUST0241,East,Beauty,2,2458.56,4917.11
TXN105517,2024-09-23,CUST0054,Central,Apparel,1,5481.53,5481.53
TXN103215,2024-09-23,CUST0752,East,Apparel,1,2338.15,2338.15
TXN104876,2024-09-24,CUST0415,West,Apparel,2,1817.58,3635.17
TXN110977,2024-09-24,CUST0438,South,Home & Living,1,2291.73,2291.73
TXN110860,2024-09-24,CUST0143,East,Home & Living,3,2306.49,6919.46
TXN111025,2024-09-24,CUST0198,North,Electronics,1,46787.84,46787.84
TXN101554,2024-09-24,CUST0362,North,Apparel,1,3819.78,3819.78
TXN108962,2024-09-24,CUST0076,North,Apparel,1,424.42,424.42
TXN100854,2024-09-24,CUST0468,South,Home & Living,1,4835.2,4835.2
TXN112839,2024-09-24,CUST0269,South,Grocery,1,297.9,297.9
TXN101198,2024-09-24,CUST0790,West,Apparel,1,1884.78,1884.78
TXN103234,2024-09-24,CUST0442,West,Beauty,1,3834.12,3834.12
TXN109354,2024-09-24,CUST0706,South,Beauty,1,4801.92,4801.92
TXN110107,2024-09-24,CUST0799,North,Home & Living,1,748.16,748.16
TXN108873,2024-09-24,CUST0113,East,Grocery,1,1073.7,1073.7
TXN103885,2024-09-24,CUST0795,West,Grocery,2,205.66,411.33
TXN101286,2024-09-24,CUST0409,North,Apparel,1,2903.7,2903.7
TXN114869,2024-09-24,CUST0197,Central,Home & Living,1,3784.02,3784.02
TXN102874,2024-09-25,CUST0525,Central,Grocery,1,1062.53,1062.53
TXN106324,2024-09-25,CUST0756,North,Beauty,1,2115.41,2115.41
TXN101633,2024-09-25,CUST0051,North,Beauty,1,4442.25,4442.25
TXN106613,2024-09-25,CUST0448,North,Grocery,1,865.01,865.01
TXN103421,2024-09-25,CUST0357,North,Electronics,1,24337.62,24337.62
TXN114017,2024-09-25,CUST0550,North,Electronics,1,42778.96,42778.96
TXN111570,2024-09-25,CUST0428,North,Grocery,2,978.81,1957.62
TXN100668,2024-09-25,CUST0197,Central,Electronics,1,21410.27,21410.27
TXN107637,2024-09-25,CUST0086,North,Grocery,1,519.51,519.51
TXN104459,2024-09-25,CUST0667,Central,Home & Living,1,3107.94,3107.94
TXN113871,2024-09-25,CUST0615,East,Grocery,1,776.46,776.46
TXN106808,2024-09-25,CUST0412,South,Apparel,2,7628.84,15257.68
TXN103413,2024-09-25,CUST0503,North,Grocery,1,775.2,775.2
TXN114617,2024-09-25,CUST0561,Central,Grocery,1,341.94,341.94
TXN102652,2024-09-25,CUST0268,North,Apparel,3,1972.04,5916.13
TXN110851,2024-09-25,CUST0619,South,Home & Living,1,2394.86,2394.86
TXN111610,2024-09-25,CUST0531,East,Apparel,1,1158.02,1158.02
TXN109722,2024-09-25,CUST0193,North,Beauty,1,4429.86,4429.86
TXN101767,2024-09-25,CUST0221,West,Grocery,2,234.06,468.12
TXN108963,2024-09-25,CUST0192,West,Electronics,1,68527.14,68527.14
TXN112893,2024-09-25,CUST0058,South,Electronics,1,19788.97,19788.97
TXN109939,2024-09-25,CUST0554,West,Electronics,1,20865.66,20865.66
TXN105306,2024-09-25,CUST0192,West,Apparel,2,5499.81,10999.63
TXN111408,2024-09-25,CUST0135,North,Apparel,1,1551.7,1551.7
TXN101980,2024-09-25,CUST0393,South,Grocery,1,314.78,314.78
TXN108225,2024-09-25,CUST0629,East,Beauty,1,369.72,369.72
TXN100416,2024-09-25,CUST0274,North,Apparel,1,992.41,992.41
TXN102994,2024-09-25,CUST0350,West,Home & Living,1,3590.32,3590.32
TXN100984,2024-09-26,CUST0471,West,Beauty,1,772.35,772.35
TXN110822,2024-09-26,CUST0125,South,Apparel,1,3023.26,3023.26
TXN106527,2024-09-26,CUST0752,East,Beauty,1,2944.53,2944.53
TXN103306,2024-09-26,CUST0778,East,Home & Living,2,5006.39,10012.79
TXN113428,2024-09-26,CUST0396,West,Electronics,1,57116.85,57116.85
TXN114627,2024-09-26,CUST0725,South,Electronics,2,37682.12,75364.24
TXN106635,2024-09-26,CUST0442,West,Electronics,2,45944.43,91888.85
TXN113185,2024-09-26,CUST0615,East,Apparel,1,7842.43,7842.43
TXN106360,2024-09-26,CUST0708,East,Apparel,1,1412.64,1412.64
TXN111167,2024-09-26,CUST0752,East,Electronics,2,17133.03,34266.06
TXN103819,2024-09-26,CUST0257,West,Grocery,1,662.18,662.18
TXN101605,2024-09-26,CUST0672,West,Apparel,2,1693.08,3386.16
TXN112263,2024-09-26,CUST0714,North,Grocery,3,726.67,2180.02
TXN114318,2024-09-26,CUST0659,North,Apparel,1,4435.52,4435.52
TXN106702,2024-09-26,CUST0555,South,Grocery,1,813.77,813.77
TXN100848,2024-09-26,CUST0051,North,Home & Living,2,1081.3,2162.6
TXN104957,2024-09-27,CUST0046,South,Home & Living,2,2401.21,4802.42
TXN114676,2024-09-27,CUST0179,South,Apparel,2,5451.54,10903.08
TXN111093,2024-09-27,CUST0650,West,Grocery,1,411.27,411.27
TXN109300,2024-09-27,CUST0413,North,Apparel,1,5031.74,5031.74
TXN107408,2024-09-27,CUST0404,South,Home & Living,1,4363.13,4363.13
TXN109548,2024-09-27,CUST0691,North,Apparel,1,1431.91,1431.91
TXN105230,2024-09-27,CUST0750,East,Apparel,1,4345.89,4345.89
TXN111206,2024-09-27,CUST0197,Central,Apparel,1,4300.6,4300.6
TXN103370,2024-09-27,CUST0387,West,Home & Living,1,5248.47,5248.47
TXN100473,2024-09-27,CUST0708,East,Apparel,1,3942.44,3942.44
TXN105225,2024-09-27,CUST0648,West,Beauty,1,840.16,840.16
TXN112421,2024-09-27,CUST0227,West,Apparel,1,8052.56,8052.56
TXN108618,2024-09-27,CUST0438,South,Beauty,1,2781.26,2781.26
TXN104323,2024-09-27,CUST0511,North,Home & Living,1,7967.24,7967.24
TXN105975,2024-09-27,CUST0141,North,Grocery,1,2019.68,2019.68
TXN107244,2024-09-27,CUST0015,West,Grocery,1,830.62,830.62
TXN103539,2024-09-27,CUST0750,East,Grocery,2,673.58,1347.16
TXN106649,2024-09-27,CUST0633,South,Home & Living,2,1467.58,2935.17
TXN111689,2024-09-27,CUST0194,East,Electronics,1,34625.8,34625.8
TXN113351,2024-09-27,CUST0124,West,Apparel,1,1144.06,1144.06
TXN113475,2024-09-27,CUST0420,North,Beauty,2,946.84,1893.69
TXN109239,2024-09-27,CUST0387,West,Apparel,1,1246.24,1246.24
TXN114173,2024-09-28,CUST0721,North,Apparel,1,4517.6,4517.6
TXN109060,2024-09-28,CUST0384,Central,Apparel,1,7797.68,7797.68
TXN100017,2024-09-28,CUST0521,North,Electronics,1,24691.87,24691.87
TXN106445,2024-09-28,CUST0086,North,Grocery,2,398.07,796.14
TXN109612,2024-09-28,CUST0520,North,Home & Living,3,3715.6,11146.8
TXN110634,2024-09-28,CUST0385,North,Apparel,1,1135.75,1135.75
TXN112940,2024-09-28,CUST0262,Central,Beauty,1,4642.78,4642.78
TXN101356,2024-09-28,CUST0572,North,Grocery,1,811.26,811.26
TXN111460,2024-09-28,CUST0632,East,Apparel,2,6335.12,12670.23
TXN101764,2024-09-28,CUST0755,North,Home & Living,1,877.9,877.9
TXN103710,2024-09-28,CUST0266,West,Electronics,1,22296.5,22296.5
TXN113204,2024-09-28,CUST0057,North,Apparel,1,2490.87,2490.87
TXN108652,2024-09-28,CUST0035,South,Grocery,1,1925.0,1925.0
TXN113872,2024-09-28,CUST0489,North,Apparel,1,4089.49,4089.49
TXN113321,2024-09-28,CUST0730,East,Grocery,2,165.87,331.74
TXN103762,2024-09-28,CUST0440,North,Grocery,1,305.8,305.8
TXN113625,2024-09-28,CUST0043,North,Grocery,2,606.83,1213.67
TXN102758,2024-09-28,CUST0462,West,Electronics,1,43832.93,43832.93
TXN108957,2024-09-28,CUST0687,South,Grocery,1,83.67,83.67
TXN112568,2024-09-28,CUST0141,North,Grocery,1,1586.4,1586.4
TXN106340,2024-09-28,CUST0288,North,Beauty,1,1321.51,1321.51
TXN100771,2024-09-29,CUST0679,West,Beauty,1,1093.36,1093.36
TXN103178,2024-09-29,CUST0198,North,Beauty,1,320.96,320.96
TXN100684,2024-09-29,CUST0118,Central,Apparel,1,2293.86,2293.86
TXN100527,2024-09-29,CUST0140,East,Apparel,1,1882.41,1882.41
TXN106193,2024-09-29,CUST0513,East,Home & Living,1,9373.09,9373.09
TXN102004,2024-09-29,CUST0184,North,Beauty,1,748.86,748.86
TXN103227,2024-09-29,CUST0140,East,Electronics,1,6697.63,6697.63
TXN111089,2024-09-29,CUST0349,West,Grocery,1,353.52,353.52
TXN104811,2024-09-29,CUST0278,East,Beauty,1,2903.41,2903.41
TXN113542,2024-09-29,CUST0555,South,Apparel,1,4383.93,4383.93
TXN104275,2024-09-29,CUST0212,Central,Electronics,1,28088.91,28088.91
TXN107131,2024-09-29,CUST0582,South,Grocery,2,690.41,1380.82
TXN100429,2024-09-29,CUST0514,West,Electronics,1,26877.05,26877.05
TXN110626,2024-09-29,CUST0265,South,Apparel,1,6481.69,6481.69
TXN111427,2024-09-29,CUST0170,South,Home & Living,1,3563.81,3563.81
TXN104565,2024-09-29,CUST0397,Central,Beauty,1,1442.03,1442.03
TXN109977,2024-09-29,CUST0738,West,Home & Living,2,2158.03,4316.06
TXN101615,2024-09-30,CUST0101,North,Grocery,1,496.41,496.41
TXN100049,2024-09-30,CUST0555,South,Electronics,3,69401.25,208203.74
TXN113843,2024-09-30,CUST0477,North,Home & Living,3,2538.58,7615.74
TXN107196,2024-09-30,CUST0116,South,Home & Living,1,11781.72,11781.72
TXN105483,2024-09-30,CUST0394,East,Home & Living,1,6260.09,6260.09
TXN108973,2024-09-30,CUST0280,Central,Grocery,1,240.82,240.82
TXN105899,2024-09-30,CUST0525,Central,Electronics,1,24931.54,24931.54
TXN102597,2024-09-30,CUST0232,East,Home & Living,2,1734.84,3469.67
TXN104834,2024-09-30,CUST0615,East,Beauty,1,2400.98,2400.98
TXN113731,2024-09-30,CUST0753,West,Grocery,2,582.27,1164.55
TXN103422,2024-09-30,CUST0767,East,Grocery,1,134.92,134.92
TXN103694,2024-09-30,CUST0615,East,Grocery,1,2087.35,2087.35
TXN111136,2024-09-30,CUST0193,North,Beauty,1,3295.79,3295.79
TXN113256,2024-09-30,CUST0408,South,Home & Living,1,2007.94,2007.94
TXN100871,2024-09-30,CUST0775,North,Beauty,1,2245.83,2245.83
TXN106262,2024-09-30,CUST0008,Central,Electronics,1,42564.41,42564.41
TXN110258,2024-09-30,CUST0630,West,Beauty,1,1717.08,1717.08
TXN105475,2024-09-30,CUST0153,North,Home & Living,1,4168.48,4168.48
TXN106837,2024-09-30,CUST0019,North,Electronics,1,24061.41,24061.41
TXN109771,2024-09-30,CUST0199,Central,Home & Living,1,6158.77,6158.77
TXN111477,2024-09-30,CUST0514,West,Apparel,1,2701.09,2701.09
TXN106928,2024-09-30,CUST0533,North,Home & Living,3,12821.64,38464.93
TXN111511,2024-09-30,CUST0422,North,Apparel,1,463.25,463.25
TXN113260,2024-10-01,CUST0232,East,Apparel,1,2135.5,2135.5
TXN100248,2024-10-01,CUST0716,North,Grocery,1,1079.08,1079.08
TXN105986,2024-10-01,CUST0338,South,Electronics,1,34954.15,34954.15
TXN111929,2024-10-01,CUST0070,Central,Home & Living,1,12687.28,12687.28
TXN102434,2024-10-01,CUST0131,North,Home & Living,1,4913.59,4913.59
TXN109783,2024-10-01,CUST0537,North,Apparel,3,1361.76,4085.28
TXN113443,2024-10-01,CUST0507,West,Home & Living,1,7824.24,7824.24
TXN101000,2024-10-01,CUST0500,West,Grocery,1,793.74,793.74
TXN111749,2024-10-01,CUST0406,West,Grocery,1,944.7,944.7
TXN111826,2024-10-01,CUST0274,North,Electronics,2,66817.22,133634.44
TXN108395,2024-10-01,CUST0686,South,Apparel,1,1224.91,1224.91
TXN103420,2024-10-01,CUST0524,North,Electronics,2,11537.21,23074.42
TXN108758,2024-10-01,CUST0086,North,Beauty,1,1402.06,1402.06
TXN107124,2024-10-01,CUST0696,East,Home & Living,1,662.21,662.21
TXN103164,2024-10-01,CUST0435,East,Apparel,1,1522.08,1522.08
TXN103383,2024-10-01,CUST0674,South,Apparel,1,302.24,302.24
TXN109500,2024-10-01,CUST0224,Central,Beauty,2,1958.6,3917.19
TXN111266,2024-10-01,CUST0269,South,Beauty,1,560.39,560.39
TXN114027,2024-10-01,CUST0706,South,Electronics,2,13053.49,26106.97
TXN101547,2024-10-01,CUST0523,West,Home & Living,1,12876.3,12876.3
TXN106027,2024-10-01,CUST0360,North,Apparel,1,1954.83,1954.83
TXN102832,2024-10-01,CUST0387,West,Apparel,2,399.38,798.76
TXN101117,2024-10-01,CUST0786,North,Apparel,1,4211.09,4211.09
TXN111660,2024-10-01,CUST0585,East,Grocery,2,752.84,1505.67
TXN103631,2024-10-01,CUST0340,East,Home & Living,1,985.16,985.16
TXN106180,2024-10-02,CUST0369,North,Grocery,1,419.29,419.29
TXN100111,2024-10-02,CUST0053,North,Apparel,2,7927.46,15854.93
TXN109564,2024-10-02,CUST0262,Central,Apparel,1,1189.63,1189.63
TXN109615,2024-10-02,CUST0203,West,Electronics,1,20571.01,20571.01
TXN102964,2024-10-02,CUST0192,West,Electronics,1,8430.07,8430.07
TXN101846,2024-10-02,CUST0643,East,Home & Living,1,4330.7,4330.7
TXN110903,2024-10-02,CUST0515,South,Home & Living,1,5451.73,5451.73
TXN102141,2024-10-02,CUST0654,East,Electronics,1,24105.67,24105.67
TXN101480,2024-10-02,CUST0577,South,Beauty,1,1128.7,1128.7
TXN106855,2024-10-02,CUST0119,West,Beauty,1,1183.13,1183.13
TXN103669,2024-10-02,CUST0246,East,Home & Living,1,7964.11,7964.11
TXN102102,2024-10-02,CUST0254,West,Beauty,3,202.18,606.54
TXN110395,2024-10-02,CUST0003,East,Grocery,1,1131.31,1131.31
TXN114946,2024-10-02,CUST0797,North,Apparel,1,7667.51,7667.51
TXN103110,2024-10-02,CUST0340,East,Apparel,2,1297.81,2595.63
TXN109084,2024-10-02,CUST0359,West,Grocery,1,725.2,725.2
TXN114283,2024-10-02,CUST0151,East,Beauty,1,1603.63,1603.63
TXN111992,2024-10-03,CUST0742,North,Apparel,1,1228.21,1228.21
TXN110798,2024-10-03,CUST0432,North,Home & Living,1,1621.62,1621.62
TXN102441,2024-10-03,CUST0237,South,Grocery,1,400.12,400.12
TXN106149,2024-10-03,CUST0521,North,Apparel,1,3312.54,3312.54
TXN104484,2024-10-03,CUST0199,Central,Apparel,1,4065.55,4065.55
TXN108681,2024-10-03,CUST0300,South,Electronics,1,10415.2,10415.2
TXN101155,2024-10-03,CUST0239,North,Beauty,1,2055.68,2055.68
TXN101971,2024-10-03,CUST0434,North,Grocery,1,380.23,380.23
TXN110364,2024-10-03,CUST0443,West,Grocery,1,596.34,596.34
TXN112845,2024-10-03,CUST0323,West,Electronics,1,35047.34,35047.34
TXN101418,2024-10-03,CUST0056,North,Beauty,3,4781.23,14343.7
TXN104692,2024-10-03,CUST0766,South,Home & Living,1,7425.94,7425.94
TXN109438,2024-10-03,CUST0746,South,Grocery,1,916.69,916.69
TXN108791,2024-10-03,CUST0438,South,Electronics,2,29975.26,59950.53
TXN111633,2024-10-03,CUST0022,North,Grocery,1,98.23,98.23
TXN107249,2024-10-03,CUST0039,East,Beauty,1,958.95,958.95
TXN113521,2024-10-03,CUST0034,North,Electronics,1,60599.12,60599.12
TXN107171,2024-10-03,CUST0216,Central,Apparel,1,1810.17,1810.17
TXN107661,2024-10-03,CUST0409,North,Apparel,1,4524.56,4524.56
TXN112488,2024-10-03,CUST0016,East,Home & Living,1,3906.01,3906.01
TXN102698,2024-10-03,CUST0354,West,Apparel,1,1959.82,1959.82
TXN108964,2024-10-03,CUST0041,North,Grocery,1,696.01,696.01
TXN104101,2024-10-03,CUST0280,Central,Electronics,1,8505.71,8505.71
TXN113943,2024-10-03,CUST0582,South,Apparel,1,7981.76,7981.76
TXN101579,2024-10-03,CUST0536,East,Apparel,1,2649.0,2649.0
TXN104696,2024-10-03,CUST0277,South,Home & Living,1,3270.32,3270.32
TXN113176,2024-10-04,CUST0218,East,Grocery,1,208.19,208.19
TXN104761,2024-10-04,CUST0381,Central,Apparel,1,358.69,358.69
TXN107083,2024-10-04,CUST0484,North,Electronics,1,42849.32,42849.32
TXN102772,2024-10-04,CUST0045,North,Beauty,1,1311.09,1311.09
TXN105136,2024-10-04,CUST0759,West,Apparel,1,4520.0,4520.0
TXN102097,2024-10-04,CUST0524,North,Electronics,1,42835.92,42835.92
TXN107976,2024-10-04,CUST0561,Central,Apparel,1,2647.42,2647.42
TXN101933,2024-10-04,CUST0243,South,Home & Living,1,5637.95,5637.95
TXN111156,2024-10-04,CUST0299,West,Apparel,1,3560.87,3560.87
TXN110304,2024-10-04,CUST0549,Central,Home & Living,2,2923.88,5847.76
TXN113015,2024-10-04,CUST0714,North,Grocery,1,694.43,694.43
TXN103516,2024-10-04,CUST0369,North,Electronics,1,24692.75,24692.75
TXN111859,2024-10-04,CUST0229,South,Grocery,2,886.12,1772.23
TXN110170,2024-10-04,CUST0007,Central,Beauty,1,820.37,820.37
TXN109842,2024-10-04,CUST0187,West,Home & Living,1,3533.85,3533.85
TXN109764,2024-10-04,CUST0199,Central,Home & Living,1,10453.5,10453.5
TXN105121,2024-10-04,CUST0063,East,Apparel,1,4209.86,4209.86
TXN109132,2024-10-04,CUST0595,South,Grocery,1,1873.82,1873.82
TXN100317,2024-10-04,CUST0475,South,Grocery,1,320.81,320.81
TXN113245,2024-10-04,CUST0624,North,Electronics,1,10779.59,10779.59
TXN111455,2024-10-04,CUST0472,West,Grocery,1,1446.67,1446.67
TXN102283,2024-10-05,CUST0184,North,Apparel,1,4836.66,4836.66
TXN107555,2024-10-05,CUST0108,South,Electronics,1,37874.89,37874.89
TXN111773,2024-10-05,CUST0490,North,Electronics,1,80553.76,80553.76
TXN106681,2024-10-05,CUST0786,North,Beauty,1,4756.42,4756.42
TXN100216,2024-10-05,CUST0242,West,Apparel,1,3050.58,3050.58
TXN102632,2024-10-05,CUST0282,North,Apparel,1,2440.77,2440.77
TXN108570,2024-10-05,CUST0417,North,Apparel,1,2812.55,2812.55
TXN107204,2024-10-05,CUST0536,East,Grocery,1,301.4,301.4
TXN109686,2024-10-05,CUST0761,South,Electronics,1,27419.14,27419.14
TXN111702,2024-10-05,CUST0433,North,Beauty,1,950.96,950.96
TXN112167,2024-10-05,CUST0474,North,Beauty,1,4394.6,4394.6
TXN102163,2024-10-05,CUST0236,West,Beauty,2,1720.91,3441.82
TXN113479,2024-10-05,CUST0315,East,Apparel,2,715.2,1430.4
TXN112594,2024-10-05,CUST0083,North,Grocery,1,526.38,526.38
TXN114747,2024-10-05,CUST0012,West,Apparel,2,4497.04,8994.08
TXN104090,2024-10-05,CUST0193,North,Home & Living,3,5213.54,15640.61
TXN101921,2024-10-05,CUST0384,Central,Electronics,1,75462.96,75462.96
TXN110617,2024-10-05,CUST0534,Central,Grocery,2,648.64,1297.28
TXN105212,2024-10-05,CUST0010,North,Grocery,1,160.21,160.21
TXN108254,2024-10-05,CUST0692,South,Home & Living,1,5464.8,5464.8
TXN100498,2024-10-06,CUST0633,South,Electronics,1,29495.19,29495.19
TXN112483,2024-10-06,CUST0182,West,Home & Living,1,5392.6,5392.6
TXN102000,2024-10-06,CUST0119,West,Electronics,1,71063.97,71063.97
TXN103653,2024-10-06,CUST0070,Central,Home & Living,1,2004.41,2004.41
TXN105759,2024-10-06,CUST0706,South,Apparel,1,2073.63,2073.63
TXN114414,2024-10-06,CUST0177,East,Grocery,1,986.86,986.86
TXN105936,2024-10-06,CUST0626,Central,Apparel,1,1003.64,1003.64
TXN110522,2024-10-06,CUST0476,North,Grocery,1,1418.5,1418.5
TXN112819,2024-10-06,CUST0166,South,Grocery,2,1124.09,2248.18
TXN104359,2024-10-06,CUST0648,West,Apparel,2,3172.33,6344.67
TXN100555,2024-10-06,CUST0198,North,Apparel,2,4081.21,8162.43
TXN110423,2024-10-06,CUST0786,North,Home & Living,1,13139.58,13139.58
TXN114387,2024-10-06,CUST0256,South,Electronics,1,22765.05,22765.05
TXN110882,2024-10-06,CUST0184,North,Apparel,2,5555.33,11110.67
TXN101138,2024-10-06,CUST0774,West,Electronics,1,24441.27,24441.27
TXN113899,2024-10-06,CUST0685,South,Apparel,2,6083.84,12167.68
TXN103937,2024-10-06,CUST0707,East,Beauty,1,1775.63,1775.63
TXN102433,2024-10-06,CUST0797,North,Home & Living,1,10048.93,10048.93
TXN112164,2024-10-06,CUST0628,Central,Apparel,1,4112.63,4112.63
TXN101768,2024-10-06,CUST0160,West,Beauty,1,1966.07,1966.07
TXN107686,2024-10-06,CUST0486,East,Apparel,1,5950.33,5950.33
TXN108384,2024-10-07,CUST0700,West,Home & Living,1,761.33,761.33
TXN104134,2024-10-07,CUST0532,West,Grocery,1,1885.53,1885.53
TXN114355,2024-10-07,CUST0647,West,Beauty,1,433.44,433.44
TXN106462,2024-10-07,CUST0763,West,Grocery,2,716.75,1433.5
TXN100653,2024-10-07,CUST0663,North,Apparel,2,2970.9,5941.81
TXN104236,2024-10-07,CUST0716,North,Home & Living,1,12561.47,12561.47
TXN114875,2024-10-07,CUST0151,East,Apparel,2,3879.35,7758.69
TXN110835,2024-10-07,CUST0768,North,Home & Living,1,10894.51,10894.51
TXN101944,2024-10-07,CUST0694,North,Apparel,1,532.63,532.63
TXN112786,2024-10-07,CUST0651,South,Beauty,1,1188.54,1188.54
TXN112251,2024-10-07,CUST0470,South,Beauty,1,1615.34,1615.34
TXN112740,2024-10-07,CUST0259,South,Beauty,2,1557.9,3115.8
TXN108698,2024-10-07,CUST0040,East,Electronics,1,7816.85,7816.85
TXN104040,2024-10-07,CUST0463,South,Apparel,1,705.9,705.9
TXN114334,2024-10-07,CUST0327,North,Home & Living,1,7884.68,7884.68
TXN113575,2024-10-07,CUST0559,North,Apparel,1,2409.08,2409.08
TXN111657,2024-10-08,CUST0274,North,Beauty,1,3267.58,3267.58
TXN114090,2024-10-08,CUST0149,West,Apparel,1,2984.68,2984.68
TXN114235,2024-10-08,CUST0454,North,Electronics,1,17315.28,17315.28
TXN100015,2024-10-08,CUST0525,Central,Electronics,1,20432.12,20432.12
TXN106348,2024-10-08,CUST0750,East,Beauty,2,2740.18,5480.36
TXN109109,2024-10-08,CUST0099,North,Apparel,2,2407.11,4814.22
TXN103982,2024-10-08,CUST0662,East,Electronics,1,59820.49,59820.49
TXN109212,2024-10-08,CUST0102,North,Home & Living,1,7059.11,7059.11
TXN108607,2024-10-08,CUST0140,East,Apparel,1,3660.35,3660.35
TXN111643,2024-10-08,CUST0549,Central,Home & Living,1,1077.93,1077.93
TXN110746,2024-10-08,CUST0131,North,Electronics,1,3106.6,3106.6
TXN110809,2024-10-08,CUST0788,South,Grocery,1,187.64,187.64
TXN113444,2024-10-08,CUST0561,Central,Electronics,1,37868.05,37868.05
TXN103677,2024-10-08,CUST0265,South,Electronics,2,49385.2,98770.39
TXN105976,2024-10-08,CUST0468,South,Apparel,1,2920.06,2920.06
TXN100194,2024-10-08,CUST0036,South,Home & Living,1,1835.9,1835.9
TXN111530,2024-10-08,CUST0524,North,Electronics,1,40972.07,40972.07
TXN102050,2024-10-08,CUST0610,West,Apparel,1,528.9,528.9
TXN109617,2024-10-08,CUST0524,North,Electronics,1,34064.81,34064.81
TXN114637,2024-10-08,CUST0750,East,Home & Living,1,4959.9,4959.9
TXN102860,2024-10-08,CUST0325,East,Apparel,1,5052.92,5052.92
TXN105863,2024-10-09,CUST0293,East,Apparel,1,1840.21,1840.21
TXN110306,2024-10-09,CUST0616,Central,Grocery,1,1716.26,1716.26
TXN111699,2024-10-09,CUST0077,West,Grocery,1,435.21,435.21
TXN108018,2024-10-09,CUST0567,West,Apparel,1,1344.31,1344.31
TXN108841,2024-10-09,CUST0597,South,Home & Living,1,1663.22,1663.22
TXN102713,2024-10-09,CUST0706,South,Grocery,1,757.79,757.79
TXN106311,2024-10-09,CUST0333,North,Apparel,2,452.94,905.88
TXN108283,2024-10-09,CUST0752,East,Grocery,1,1422.53,1422.53
TXN104765,2024-10-09,CUST0469,East,Home & Living,1,864.41,864.41
TXN107559,2024-10-09,CUST0325,East,Apparel,2,6881.8,13763.6
TXN102601,2024-10-09,CUST0164,South,Beauty,1,1061.16,1061.16
TXN111419,2024-10-09,CUST0787,West,Electronics,1,7003.89,7003.89
TXN103102,2024-10-09,CUST0522,North,Apparel,1,1408.84,1408.84
TXN109759,2024-10-09,CUST0474,North,Grocery,1,2116.91,2116.91
TXN106989,2024-10-09,CUST0527,North,Electronics,1,25329.42,25329.42
TXN104365,2024-10-09,CUST0721,North,Beauty,3,4383.09,13149.28
TXN108448,2024-10-09,CUST0595,South,Electronics,1,10516.57,10516.57
TXN108408,2024-10-09,CUST0602,North,Grocery,1,697.82,697.82
TXN105479,2024-10-09,CUST0578,East,Grocery,2,883.83,1767.66
TXN113435,2024-10-10,CUST0646,North,Apparel,1,5168.5,5168.5
TXN102167,2024-10-10,CUST0356,West,Apparel,1,1095.42,1095.42
TXN114619,2024-10-10,CUST0643,East,Grocery,1,228.19,228.19
TXN102959,2024-10-10,CUST0800,Central,Beauty,1,2881.99,2881.99
TXN109796,2024-10-10,CUST0603,North,Grocery,1,349.41,349.41
TXN110912,2024-10-10,CUST0133,Central,Beauty,1,1436.91,1436.91
TXN105868,2024-10-10,CUST0489,North,Grocery,1,581.74,581.74
TXN103320,2024-10-10,CUST0766,South,Electronics,1,40517.22,40517.22
TXN110723,2024-10-10,CUST0472,West,Grocery,2,1581.25,3162.5
TXN104526,2024-10-10,CUST0412,South,Grocery,1,1369.94,1369.94
TXN106123,2024-10-10,CUST0586,South,Home & Living,3,1930.85,5792.54
TXN103316,2024-10-10,CUST0261,West,Beauty,1,1144.67,1144.67
TXN109165,2024-10-10,CUST0500,West,Beauty,1,4463.21,4463.21
TXN109857,2024-10-10,CUST0248,North,Apparel,1,3857.23,3857.23
TXN112865,2024-10-10,CUST0270,South,Apparel,1,1720.66,1720.66
TXN103886,2024-10-10,CUST0188,South,Apparel,2,1202.47,2404.93
TXN114699,2024-10-10,CUST0517,East,Grocery,1,782.69,782.69
TXN109726,2024-10-10,CUST0362,North,Electronics,1,10810.62,10810.62
TXN100432,2024-10-10,CUST0379,West,Apparel,3,4409.55,13228.64
TXN107313,2024-10-10,CUST0183,North,Electronics,1,9392.53,9392.53
TXN111788,2024-10-11,CUST0499,East,Apparel,2,7207.26,14414.53
TXN103384,2024-10-11,CUST0445,West,Apparel,1,1725.91,1725.91
TXN107467,2024-10-11,CUST0409,North,Grocery,1,1980.86,1980.86
TXN103967,2024-10-11,CUST0569,North,Electronics,1,45328.65,45328.65
TXN102880,2024-10-11,CUST0135,North,Home & Living,1,2075.03,2075.03
TXN112402,2024-10-11,CUST0513,East,Grocery,1,642.31,642.31
TXN112897,2024-10-11,CUST0365,North,Home & Living,1,5821.02,5821.02
TXN102764,2024-10-11,CUST0190,West,Grocery,1,653.74,653.74
TXN107169,2024-10-11,CUST0141,North,Home & Living,1,9840.21,9840.21
TXN109530,2024-10-11,CUST0615,East,Apparel,1,7922.9,7922.9
TXN105582,2024-10-11,CUST0616,Central,Apparel,1,3081.63,3081.63
TXN111350,2024-10-11,CUST0364,West,Apparel,1,1469.59,1469.59
TXN109908,2024-10-11,CUST0268,North,Electronics,1,43662.14,43662.14
TXN111293,2024-10-11,CUST0787,West,Beauty,1,2342.35,2342.35
TXN106992,2024-10-11,CUST0325,East,Apparel,1,7772.1,7772.1
TXN102472,2024-10-11,CUST0476,North,Home & Living,1,13470.58,13470.58
TXN106558,2024-10-11,CUST0325,East,Apparel,1,7567.25,7567.25
TXN111237,2024-10-12,CUST0323,West,Home & Living,1,994.72,994.72
TXN113895,2024-10-12,CUST0647,West,Apparel,3,4221.25,12663.76
TXN106621,2024-10-12,CUST0161,North,Beauty,1,1744.65,1744.65
TXN101540,2024-10-12,CUST0297,North,Grocery,1,1068.49,1068.49
TXN112992,2024-10-12,CUST0655,North,Grocery,1,106.94,106.94
TXN109353,2024-10-12,CUST0068,North,Grocery,1,819.92,819.92
TXN113289,2024-10-12,CUST0742,North,Home & Living,1,3335.7,3335.7
TXN105576,2024-10-12,CUST0797,North,Apparel,1,4545.52,4545.52
TXN107276,2024-10-12,CUST0080,North,Apparel,1,431.74,431.74
TXN101243,2024-10-12,CUST0765,West,Grocery,1,134.96,134.96
TXN109194,2024-10-12,CUST0144,West,Electronics,1,24376.37,24376.37
TXN102873,2024-10-12,CUST0281,West,Home & Living,1,2161.8,2161.8
TXN100077,2024-10-12,CUST0325,East,Apparel,1,5532.03,5532.03
TXN109662,2024-10-12,CUST0487,North,Grocery,2,85.8,171.59
TXN108911,2024-10-12,CUST0447,North,Home & Living,1,3623.13,3623.13
TXN105061,2024-10-12,CUST0361,West,Grocery,1,280.65,280.65
TXN108080,2024-10-12,CUST0410,Central,Apparel,1,705.8,705.8
TXN112446,2024-10-12,CUST0065,South,Grocery,2,503.06,1006.13
TXN104420,2024-10-12,CUST0338,South,Apparel,1,4385.27,4385.27
TXN113131,2024-10-13,CUST0108,South,Grocery,2,369.76,739.51
TXN104121,2024-10-13,CUST0345,North,Apparel,2,3085.75,6171.5
TXN111728,2024-10-13,CUST0260,East,Home & Living,1,749.25,749.25
TXN114680,2024-10-13,CUST0240,South,Beauty,2,300.03,600.06
TXN107286,2024-10-13,CUST0569,North,Apparel,2,3056.15,6112.29
TXN111531,2024-10-13,CUST0153,North,Home & Living,1,1493.07,1493.07
TXN102809,2024-10-13,CUST0447,North,Apparel,1,6841.93,6841.93
TXN107862,2024-10-13,CUST0576,West,Apparel,1,5183.36,5183.36
TXN114205,2024-10-13,CUST0094,South,Grocery,1,328.15,328.15
TXN105085,2024-10-13,CUST0012,West,Electronics,1,26886.11,26886.11
TXN106811,2024-10-13,CUST0790,West,Electronics,1,10573.14,10573.14
TXN100874,2024-10-13,CUST0430,South,Apparel,1,694.85,694.85
TXN102503,2024-10-13,CUST0146,North,Beauty,1,1418.12,1418.12
TXN109672,2024-10-13,CUST0453,North,Apparel,1,1460.71,1460.71
TXN103790,2024-10-13,CUST0117,South,Electronics,1,8098.13,8098.13
TXN105308,2024-10-13,CUST0683,East,Beauty,1,329.57,329.57
TXN101406,2024-10-13,CUST0728,South,Apparel,1,3895.04,3895.04
TXN106964,2024-10-13,CUST0395,North,Apparel,1,696.44,696.44
TXN101919,2024-10-13,CUST0179,South,Apparel,1,744.8,744.8
TXN103199,2024-10-13,CUST0503,North,Electronics,1,24781.62,24781.62
TXN114268,2024-10-13,CUST0706,South,Apparel,2,3817.16,7634.31
TXN110929,2024-10-13,CUST0158,North,Home & Living,1,6694.18,6694.18
TXN114271,2024-10-13,CUST0034,North,Apparel,1,1087.09,1087.09
TXN103414,2024-10-13,CUST0165,South,Grocery,2,255.35,510.69
TXN107216,2024-10-13,CUST0472,West,Apparel,2,6240.88,12481.77
TXN101116,2024-10-13,CUST0510,West,Grocery,1,761.15,761.15
TXN113075,2024-10-14,CUST0034,North,Apparel,1,3390.22,3390.22
TXN113667,2024-10-14,CUST0490,North,Beauty,1,2572.8,2572.8
TXN108161,2024-10-14,CUST0122,South,Home & Living,1,11411.63,11411.63
TXN110164,2024-10-14,CUST0353,West,Grocery,1,520.08,520.08
TXN112252,2024-10-14,CUST0792,Central,Grocery,1,1061.29,1061.29
TXN103879,2024-10-14,CUST0246,East,Beauty,1,2366.86,2366.86
TXN109356,2024-10-14,CUST0325,East,Beauty,1,4076.75,4076.75
TXN108022,2024-10-14,CUST0314,East,Grocery,1,2000.82,2000.82
TXN113315,2024-10-14,CUST0102,North,Grocery,1,419.82,419.82
TXN102106,2024-10-14,CUST0578,East,Electronics,1,45888.72,45888.72
TXN104237,2024-10-14,CUST0331,West,Home & Living,1,2941.58,2941.58
TXN104762,2024-10-14,CUST0198,North,Home & Living,1,6790.13,6790.13
TXN112873,2024-10-14,CUST0691,North,Electronics,1,18245.8,18245.8
TXN102932,2024-10-14,CUST0201,North,Apparel,1,3109.99,3109.99
TXN103986,2024-10-15,CUST0349,West,Grocery,1,184.84,184.84
TXN112003,2024-10-15,CUST0399,West,Electronics,1,16979.96,16979.96
TXN107388,2024-10-15,CUST0654,East,Electronics,1,2855.4,2855.4
TXN114500,2024-10-15,CUST0509,South,Apparel,1,7671.43,7671.43
TXN103613,2024-10-15,CUST0595,South,Electronics,1,8043.25,8043.25
TXN111404,2024-10-15,CUST0009,South,Grocery,1,1121.72,1121.72
TXN109301,2024-10-15,CUST0472,West,Beauty,1,972.39,972.39
TXN104719,2024-10-15,CUST0028,South,Grocery,1,313.84,313.84
TXN113132,2024-10-15,CUST0135,North,Apparel,1,4318.66,4318.66
TXN101042,2024-10-15,CUST0619,South,Electronics,1,23272.23,23272.23
TXN109363,2024-10-16,CUST0279,North,Home & Living,1,2150.0,2150.0
TXN112428,2024-10-16,CUST0054,Central,Beauty,1,4242.77,4242.77
TXN106126,2024-10-16,CUST0081,North,Home & Living,1,5533.04,5533.04
TXN113225,2024-10-16,CUST0113,East,Electronics,1,75781.45,75781.45
TXN113641,2024-10-16,CUST0439,Central,Electronics,1,9879.62,9879.62
TXN110946,2024-10-16,CUST0483,East,Electronics,1,16926.02,16926.02
TXN111162,2024-10-16,CUST0341,West,Apparel,2,951.04,1902.08
TXN107688,2024-10-16,CUST0325,East,Beauty,2,4435.19,8870.39
TXN110378,2024-10-16,CUST0383,East,Home & Living,1,4154.85,4154.85
TXN101677,2024-10-16,CUST0395,North,Home & Living,1,4948.02,4948.02
TXN103402,2024-10-16,CUST0685,South,Beauty,1,1960.41,1960.41
TXN101808,2024-10-16,CUST0199,Central,Grocery,1,598.11,598.11
TXN102424,2024-10-16,CUST0530,South,Grocery,1,108.98,108.98
TXN110659,2024-10-16,CUST0660,East,Apparel,1,917.47,917.47
TXN113014,2024-10-16,CUST0433,North,Apparel,2,3914.93,7829.85
TXN114634,2024-10-16,CUST0559,North,Electronics,1,26475.32,26475.32
TXN100010,2024-10-16,CUST0710,West,Electronics,1,38768.79,38768.79
TXN105098,2024-10-16,CUST0646,North,Apparel,2,5472.94,10945.88
TXN114930,2024-10-16,CUST0589,Central,Electronics,1,9029.55,9029.55
TXN107177,2024-10-17,CUST0192,West,Apparel,1,7612.05,7612.05
TXN107580,2024-10-17,CUST0351,West,Grocery,1,792.74,792.74
TXN101048,2024-10-17,CUST0354,West,Home & Living,1,3152.29,3152.29
TXN114151,2024-10-17,CUST0662,East,Electronics,2,12320.84,24641.68
TXN106069,2024-10-17,CUST0271,South,Grocery,3,194.8,584.41
TXN104809,2024-10-17,CUST0757,East,Home & Living,1,1287.48,1287.48
TXN108597,2024-10-17,CUST0601,North,Grocery,1,614.04,614.04
TXN106353,2024-10-17,CUST0051,North,Apparel,1,6356.42,6356.42
TXN113676,2024-10-17,CUST0327,North,Apparel,2,3545.56,7091.12
TXN102271,2024-10-17,CUST0152,East,Home & Living,1,491.92,491.92
TXN109195,2024-10-17,CUST0270,South,Grocery,1,432.16,432.16
TXN114640,2024-10-17,CUST0406,West,Electronics,1,55504.58,55504.58
TXN107325,2024-10-17,CUST0476,North,Beauty,1,4462.27,4462.27
TXN109457,2024-10-17,CUST0753,West,Grocery,1,86.26,86.26
TXN111822,2024-10-17,CUST0672,West,Apparel,1,5721.53,5721.53
TXN113915,2024-10-17,CUST0072,North,Electronics,1,17529.52,17529.52
TXN105343,2024-10-17,CUST0042,East,Home & Living,2,5570.7,11141.41
TXN110897,2024-10-17,CUST0438,South,Beauty,1,572.52,572.52
TXN109277,2024-10-17,CUST0440,North,Apparel,1,338.6,338.6
TXN108512,2024-10-17,CUST0551,West,Apparel,1,1732.1,1732.1
TXN105916,2024-10-17,CUST0233,North,Apparel,1,4456.45,4456.45
TXN105705,2024-10-17,CUST0736,North,Beauty,1,5068.85,5068.85
TXN100038,2024-10-18,CUST0797,North,Apparel,1,3548.72,3548.72
TXN112995,2024-10-18,CUST0672,West,Apparel,1,2519.26,2519.26
TXN113520,2024-10-18,CUST0458,South,Electronics,2,10887.53,21775.06
TXN105545,2024-10-18,CUST0564,East,Grocery,1,461.61,461.61
TXN109169,2024-10-18,CUST0478,Central,Home & Living,1,1338.03,1338.03
TXN102978,2024-10-18,CUST0786,North,Home & Living,1,3030.04,3030.04
TXN109143,2024-10-18,CUST0424,Central,Grocery,1,514.82,514.82
TXN112364,2024-10-18,CUST0610,West,Grocery,1,563.89,563.89
TXN114451,2024-10-18,CUST0422,North,Beauty,1,1834.16,1834.16
TXN107342,2024-10-18,CUST0693,North,Beauty,1,135.95,135.95
TXN102070,2024-10-18,CUST0197,Central,Grocery,2,885.07,1770.15
TXN110152,2024-10-18,CUST0577,South,Electronics,1,24401.96,24401.96
TXN100811,2024-10-18,CUST0119,West,Electronics,1,26266.01,26266.01
TXN100069,2024-10-18,CUST0654,East,Beauty,1,1055.33,1055.33
TXN103735,2024-10-18,CUST0759,West,Apparel,1,5633.48,5633.48
TXN105393,2024-10-18,CUST0070,Central,Grocery,2,1784.13,3568.26
TXN103801,2024-10-18,CUST0778,East,Beauty,2,1892.06,3784.12
TXN113856,2024-10-18,CUST0696,East,Grocery,1,314.95,314.95
TXN108828,2024-10-18,CUST0088,North,Beauty,2,1417.69,2835.37
TXN111113,2024-10-18,CUST0445,West,Electronics,1,16432.88,16432.88
TXN106999,2024-10-18,CUST0516,East,Home & Living,2,4989.39,9978.77
TXN100349,2024-10-18,CUST0356,West,Electronics,1,30743.53,30743.53
TXN107381,2024-10-18,CUST0511,North,Home & Living,1,2344.29,2344.29
TXN112811,2024-10-18,CUST0636,North,Electronics,1,31163.64,31163.64
TXN109110,2024-10-19,CUST0447,North,Home & Living,1,11524.83,11524.83
TXN102798,2024-10-19,CUST0141,North,Beauty,1,4138.19,4138.19
TXN100784,2024-10-19,CUST0256,South,Grocery,1,1185.02,1185.02
TXN101162,2024-10-19,CUST0500,West,Beauty,2,1259.19,2518.37
TXN107715,2024-10-19,CUST0085,West,Grocery,1,521.87,521.87
TXN110298,2024-10-19,CUST0541,North,Electronics,2,60739.7,121479.4
TXN103751,2024-10-19,CUST0798,North,Grocery,1,211.07,211.07
TXN112510,2024-10-19,CUST0664,East,Electronics,1,12044.46,12044.46
TXN106525,2024-10-19,CUST0001,West,Beauty,2,1897.72,3795.45
TXN107024,2024-10-19,CUST0017,East,Grocery,1,522.05,522.05
TXN107530,2024-10-19,CUST0200,South,Apparel,2,1299.77,2599.54
TXN110937,2024-10-19,CUST0566,North,Apparel,1,728.9,728.9
TXN102286,2024-10-19,CUST0737,North,Grocery,1,562.06,562.06
TXN105534,2024-10-19,CUST0396,West,Beauty,2,362.44,724.88
TXN111665,2024-10-19,CUST0770,South,Electronics,1,35864.16,35864.16
TXN112466,2024-10-19,CUST0775,North,Apparel,1,4101.06,4101.06
TXN112931,2024-10-19,CUST0790,West,Beauty,1,3298.87,3298.87
TXN109569,2024-10-19,CUST0071,South,Grocery,1,337.74,337.74
TXN113307,2024-10-19,CUST0409,North,Apparel,2,1278.93,2557.87
TXN110178,2024-10-19,CUST0687,South,Electronics,2,42885.61,85771.21
TXN109863,2024-10-19,CUST0266,West,Electronics,1,11362.85,11362.85
TXN105074,2024-10-20,CUST0113,East,Grocery,1,602.52,602.52
TXN104037,2024-10-20,CUST0676,East,Grocery,1,633.89,633.89
TXN112625,2024-10-20,CUST0436,South,Electronics,1,23429.96,23429.96
TXN101115,2024-10-20,CUST0243,South,Apparel,1,3729.88,3729.88
TXN105624,2024-10-20,CUST0720,Central,Apparel,1,2807.12,2807.12
TXN112134,2024-10-20,CUST0569,North,Electronics,1,4953.11,4953.11
TXN106394,2024-10-20,CUST0100,North,Grocery,1,445.94,445.94
TXN102960,2024-10-20,CUST0565,West,Electronics,1,18790.31,18790.31
TXN104041,2024-10-20,CUST0656,Central,Home & Living,3,1749.72,5249.15
TXN108478,2024-10-20,CUST0051,North,Grocery,1,1006.35,1006.35
TXN105950,2024-10-20,CUST0759,West,Home & Living,1,8470.41,8470.41
TXN113352,2024-10-20,CUST0620,Central,Apparel,1,3710.36,3710.36
TXN108676,2024-10-21,CUST0496,North,Electronics,1,17826.33,17826.33
TXN100592,2024-10-21,CUST0527,North,Beauty,2,740.08,1480.17
TXN108168,2024-10-21,CUST0794,North,Electronics,1,7107.67,7107.67
TXN111428,2024-10-21,CUST0155,South,Apparel,1,1833.82,1833.82
TXN110911,2024-10-21,CUST0796,East,Grocery,1,1434.12,1434.12
TXN110369,2024-10-21,CUST0591,North,Electronics,1,23706.06,23706.06
TXN112945,2024-10-21,CUST0279,North,Grocery,1,421.88,421.88
TXN106596,2024-10-21,CUST0532,West,Grocery,1,1677.4,1677.4
TXN100503,2024-10-21,CUST0543,West,Beauty,1,1179.65,1179.65
TXN112603,2024-10-21,CUST0648,West,Beauty,1,2685.95,2685.95
TXN104643,2024-10-21,CUST0579,South,Electronics,2,5146.14,10292.28
TXN101493,2024-10-21,CUST0675,South,Apparel,1,2526.73,2526.73
TXN104467,2024-10-21,CUST0265,South,Grocery,2,2148.36,4296.72
TXN101290,2024-10-22,CUST0264,South,Grocery,1,364.29,364.29
TXN105222,2024-10-22,CUST0786,North,Electronics,1,33251.09,33251.09
TXN111774,2024-10-22,CUST0373,East,Beauty,1,1776.92,1776.92
TXN114626,2024-10-22,CUST0120,North,Apparel,1,1492.86,1492.86
TXN111682,2024-10-22,CUST0492,North,Electronics,3,5599.56,16798.68
TXN112128,2024-10-22,CUST0157,East,Home & Living,1,5896.82,5896.82
TXN110465,2024-10-22,CUST0350,West,Home & Living,2,2876.99,5753.98
TXN108220,2024-10-22,CUST0504,East,Electronics,2,13519.55,27039.1
TXN113925,2024-10-22,CUST0113,East,Home & Living,1,11974.78,11974.78
TXN109459,2024-10-22,CUST0561,Central,Apparel,1,4422.79,4422.79
TXN100470,2024-10-22,CUST0595,South,Home & Living,1,13281.54,13281.54
TXN106306,2024-10-22,CUST0113,East,Apparel,1,6996.38,6996.38
TXN109503,2024-10-22,CUST0286,South,Grocery,2,676.66,1353.33
TXN114548,2024-10-22,CUST0280,Central,Home & Living,1,2647.07,2647.07
TXN109395,2024-10-22,CUST0283,South,Apparel,1,2656.4,2656.4
TXN111129,2024-10-22,CUST0246,East,Home & Living,1,7557.46,7557.46
TXN102506,2024-10-22,CUST0777,North,Grocery,1,165.0,165.0
TXN108245,2024-10-22,CUST0327,North,Apparel,1,4142.57,4142.57
TXN101797,2024-10-22,CUST0679,West,Apparel,1,7211.49,7211.49
TXN112327,2024-10-22,CUST0034,North,Electronics,1,41271.06,41271.06
TXN103667,2024-10-22,CUST0384,Central,Apparel,1,7998.56,7998.56
TXN111242,2024-10-22,CUST0369,North,Grocery,1,439.4,439.4
TXN101247,2024-10-22,CUST0204,West,Beauty,1,407.27,407.27
TXN113214,2024-10-22,CUST0474,North,Apparel,2,5052.42,10104.84
TXN102325,2024-10-22,CUST0023,South,Apparel,1,692.39,692.39
TXN113587,2024-10-23,CUST0412,South,Electronics,2,30870.72,61741.44
TXN104951,2024-10-23,CUST0420,North,Grocery,1,288.99,288.99
TXN108208,2024-10-23,CUST0794,North,Electronics,1,10464.1,10464.1
TXN100956,2024-10-23,CUST0420,North,Apparel,2,1583.98,3167.96
TXN105163,2024-10-23,CUST0233,North,Electronics,1,37085.91,37085.91
TXN114367,2024-10-23,CUST0396,West,Apparel,2,3074.58,6149.16
TXN100619,2024-10-23,CUST0095,East,Grocery,1,174.49,174.49
TXN109655,2024-10-23,CUST0766,South,Apparel,1,2580.93,2580.93
TXN113746,2024-10-23,CUST0317,North,Apparel,1,657.39,657.39
TXN107921,2024-10-23,CUST0486,East,Home & Living,1,12335.01,12335.01
TXN112113,2024-10-23,CUST0105,South,Home & Living,2,10781.8,21563.61
TXN106076,2024-10-23,CUST0588,North,Home & Living,1,5177.32,5177.32
TXN113374,2024-10-23,CUST0036,South,Grocery,1,904.47,904.47
TXN113573,2024-10-23,CUST0246,East,Electronics,1,27459.1,27459.1
TXN101144,2024-10-23,CUST0494,West,Home & Living,2,2492.64,4985.27
TXN101178,2024-10-23,CUST0365,North,Electronics,3,57029.29,171087.87
TXN109391,2024-10-23,CUST0489,North,Electronics,1,37839.48,37839.48
TXN105016,2024-10-23,CUST0168,South,Home & Living,1,4149.77,4149.77
TXN105180,2024-10-23,CUST0280,Central,Electronics,1,32986.32,32986.32
TXN100381,2024-10-23,CUST0640,East,Apparel,1,889.84,889.84
TXN102316,2024-10-23,CUST0572,North,Beauty,1,1544.29,1544.29
TXN103321,2024-10-23,CUST0578,East,Home & Living,2,13281.81,26563.62
TXN107385,2024-10-24,CUST0544,West,Grocery,1,155.64,155.64
TXN106020,2024-10-24,CUST0689,South,Beauty,2,1366.66,2733.32
TXN101248,2024-10-24,CUST0454,North,Apparel,1,6857.4,6857.4
TXN107441,2024-10-24,CUST0253,Central,Apparel,1,2741.75,2741.75
TXN103272,2024-10-24,CUST0165,South,Apparel,1,309.61,309.61
TXN113278,2024-10-24,CUST0536,East,Home & Living,2,10123.12,20246.24
TXN114421,2024-10-24,CUST0544,West,Electronics,1,38486.99,38486.99
TXN112475,2024-10-24,CUST0500,West,Electronics,1,12817.44,12817.44
TXN108588,2024-10-24,CUST0141,North,Apparel,1,5887.59,5887.59
TXN107966,2024-10-24,CUST0492,North,Electronics,3,17679.81,53039.44
TXN111781,2024-10-24,CUST0135,North,Home & Living,1,9860.61,9860.61
TXN105170,2024-10-24,CUST0095,East,Electronics,1,22345.24,22345.24
TXN100303,2024-10-24,CUST0034,North,Apparel,1,3717.01,3717.01
TXN108492,2024-10-24,CUST0297,North,Home & Living,1,7589.83,7589.83
TXN114437,2024-10-24,CUST0647,West,Apparel,1,4159.35,4159.35
TXN106034,2024-10-24,CUST0524,North,Apparel,1,1369.88,1369.88
TXN102300,2024-10-24,CUST0353,West,Grocery,1,104.2,104.2
TXN113002,2024-10-24,CUST0075,North,Grocery,2,856.75,1713.5
TXN103733,2024-10-25,CUST0246,East,Home & Living,1,4506.08,4506.08
TXN112570,2024-10-25,CUST0615,East,Electronics,2,36145.27,72290.55
TXN103519,2024-10-25,CUST0230,West,Apparel,1,3187.44,3187.44
TXN106254,2024-10-25,CUST0402,North,Apparel,1,6534.76,6534.76
TXN112731,2024-10-25,CUST0113,East,Electronics,2,4631.3,9262.59
TXN109561,2024-10-25,CUST0259,South,Apparel,1,2253.9,2253.9
TXN106887,2024-10-25,CUST0413,North,Apparel,1,4773.87,4773.87
TXN109616,2024-10-25,CUST0354,West,Grocery,1,408.84,408.84
TXN102374,2024-10-25,CUST0223,Central,Electronics,1,10804.25,10804.25
TXN114909,2024-10-25,CUST0099,North,Apparel,2,1523.22,3046.44
TXN113784,2024-10-25,CUST0757,East,Beauty,3,2502.33,7506.99
TXN102089,2024-10-25,CUST0015,West,Beauty,1,1193.74,1193.74
TXN112190,2024-10-25,CUST0204,West,Beauty,1,2224.81,2224.81
TXN102904,2024-10-25,CUST0402,North,Home & Living,1,5173.01,5173.01
TXN102655,2024-10-25,CUST0519,North,Beauty,1,2235.59,2235.59
TXN102617,2024-10-25,CUST0404,South,Beauty,1,1632.31,1632.31
TXN110255,2024-10-25,CUST0103,North,Electronics,1,31457.76,31457.76
TXN108344,2024-10-25,CUST0237,South,Electronics,1,8037.56,8037.56
TXN112312,2024-10-26,CUST0468,South,Apparel,1,928.55,928.55
TXN107648,2024-10-26,CUST0168,South,Grocery,2,581.42,1162.83
TXN103218,2024-10-26,CUST0716,North,Grocery,2,1835.33,3670.67
TXN106746,2024-10-26,CUST0648,West,Home & Living,1,7677.77,7677.77
TXN111422,2024-10-26,CUST0767,East,Electronics,1,29526.79,29526.79
TXN112704,2024-10-26,CUST0388,North,Apparel,1,2694.43,2694.43
TXN101228,2024-10-26,CUST0351,West,Grocery,1,580.48,580.48
TXN100776,2024-10-26,CUST0247,North,Beauty,1,999.98,999.98
TXN101762,2024-10-26,CUST0541,North,Home & Living,1,4508.41,4508.41
TXN106455,2024-10-26,CUST0321,Central,Apparel,1,1689.49,1689.49
TXN104722,2024-10-26,CUST0442,West,Beauty,1,3171.0,3171.0
TXN108805,2024-10-26,CUST0128,East,Apparel,1,2091.57,2091.57
TXN100047,2024-10-26,CUST0662,East,Electronics,2,41468.42,82936.84
TXN104833,2024-10-26,CUST0413,North,Electronics,1,37928.22,37928.22
TXN111017,2024-10-26,CUST0116,South,Beauty,1,4878.23,4878.23
TXN106173,2024-10-26,CUST0259,South,Apparel,1,3150.38,3150.38
TXN112735,2024-10-26,CUST0773,West,Grocery,2,394.46,788.92
TXN103714,2024-10-26,CUST0411,South,Apparel,1,1408.85,1408.85
TXN109521,2024-10-26,CUST0174,North,Grocery,1,723.63,723.63
TXN101641,2024-10-26,CUST0351,West,Apparel,1,989.96,989.96
TXN112687,2024-10-26,CUST0688,West,Apparel,1,3023.41,3023.41
TXN103005,2024-10-26,CUST0721,North,Apparel,1,4690.55,4690.55
TXN103338,2024-10-26,CUST0601,North,Apparel,1,814.06,814.06
TXN110038,2024-10-26,CUST0391,North,Electronics,1,29881.75,29881.75
TXN113706,2024-10-26,CUST0481,East,Beauty,1,376.49,376.49
TXN106486,2024-10-26,CUST0764,North,Beauty,3,231.41,694.24
TXN106509,2024-10-26,CUST0611,North,Home & Living,1,744.0,744.0
TXN101363,2024-10-26,CUST0787,West,Apparel,1,2177.45,2177.45
TXN109999,2024-10-27,CUST0517,East,Electronics,1,24550.69,24550.69
TXN105069,2024-10-27,CUST0113,East,Home & Living,1,8202.85,8202.85
TXN104336,2024-10-27,CUST0536,East,Grocery,1,1596.07,1596.07
TXN113018,2024-10-27,CUST0616,Central,Electronics,1,18667.03,18667.03
TXN108672,2024-10-27,CUST0788,South,Apparel,2,1118.11,2236.23
TXN104656,2024-10-27,CUST0491,South,Grocery,2,45.61,91.22
TXN109162,2024-10-27,CUST0552,East,Grocery,1,509.99,509.99
TXN112943,2024-10-27,CUST0233,North,Apparel,1,639.93,639.93
TXN104164,2024-10-27,CUST0706,South,Beauty,1,1525.58,1525.58
TXN103862,2024-10-27,CUST0055,North,Home & Living,2,6802.62,13605.24
TXN100681,2024-10-27,CUST0285,Central,Grocery,1,830.08,830.08
TXN114658,2024-10-27,CUST0017,East,Beauty,1,865.17,865.17
TXN102100,2024-10-27,CUST0486,East,Beauty,1,3204.42,3204.42
TXN113069,2024-10-27,CUST0314,East,Apparel,1,2720.96,2720.96
TXN102514,2024-10-27,CUST0479,North,Home & Living,1,7742.63,7742.63
TXN104591,2024-10-27,CUST0508,West,Electronics,1,21268.74,21268.74
TXN110933,2024-10-27,CUST0250,North,Electronics,1,4088.58,4088.58
TXN101093,2024-10-27,CUST0379,West,Apparel,3,3983.34,11950.02
TXN106521,2024-10-27,CUST0499,East,Home & Living,2,3287.68,6575.35
TXN100876,2024-10-27,CUST0113,East,Apparel,1,1982.02,1982.02
TXN112201,2024-10-27,CUST0010,North,Home & Living,1,3953.05,3953.05
TXN100939,2024-10-28,CUST0610,West,Apparel,1,2685.57,2685.57
TXN105904,2024-10-28,CUST0447,North,Apparel,2,1236.89,2473.78
TXN104815,2024-10-28,CUST0347,West,Electronics,1,40357.96,40357.96
TXN108044,2024-10-28,CUST0302,Central,Electronics,1,21410.36,21410.36
TXN103783,2024-10-28,CUST0008,Central,Grocery,1,479.98,479.98
TXN107883,2024-10-28,CUST0643,East,Grocery,1,400.78,400.78
TXN114487,2024-10-28,CUST0701,East,Beauty,1,818.35,818.35
TXN112905,2024-10-28,CUST0383,East,Electronics,2,24922.5,49845.01
TXN101011,2024-10-28,CUST0003,East,Beauty,2,2097.32,4194.64
TXN105631,2024-10-28,CUST0362,North,Apparel,3,3524.83,10574.48
TXN102923,2024-10-28,CUST0477,North,Electronics,1,16671.03,16671.03
TXN103266,2024-10-28,CUST0281,West,Electronics,2,17935.14,35870.28
TXN112702,2024-10-28,CUST0070,Central,Home & Living,1,8203.82,8203.82
TXN112224,2024-10-28,CUST0479,North,Home & Living,1,6723.43,6723.43
TXN102630,2024-10-28,CUST0549,Central,Beauty,1,564.67,564.67
TXN101954,2024-10-28,CUST0120,North,Grocery,1,295.35,295.35
TXN114376,2024-10-28,CUST0382,South,Home & Living,1,6387.18,6387.18
TXN111166,2024-10-28,CUST0499,East,Electronics,1,39959.58,39959.58
TXN108538,2024-10-28,CUST0455,West,Grocery,1,137.84,137.84
TXN100673,2024-10-29,CUST0513,East,Apparel,1,2213.24,2213.24
TXN114902,2024-10-29,CUST0487,North,Apparel,1,2895.98,2895.98
TXN111296,2024-10-29,CUST0401,West,Beauty,1,1915.25,1915.25
TXN106942,2024-10-29,CUST0642,North,Electronics,3,11668.28,35004.83
TXN100988,2024-10-29,CUST0199,Central,Apparel,1,3198.58,3198.58
TXN100186,2024-10-29,CUST0504,East,Home & Living,1,5408.69,5408.69
TXN107128,2024-10-29,CUST0281,West,Electronics,1,15622.34,15622.34
TXN110858,2024-10-29,CUST0347,West,Beauty,2,988.38,1976.75
TXN103313,2024-10-29,CUST0163,North,Beauty,1,307.01,307.01
TXN100297,2024-10-29,CUST0157,East,Beauty,1,1657.99,1657.99
TXN103968,2024-10-29,CUST0672,West,Grocery,1,1754.52,1754.52
TXN113730,2024-10-29,CUST0051,North,Apparel,2,2209.63,4419.26
TXN100306,2024-10-29,CUST0770,South,Home & Living,1,3698.57,3698.57
TXN112859,2024-10-29,CUST0611,North,Grocery,1,761.95,761.95
TXN113590,2024-10-29,CUST0788,South,Home & Living,1,621.5,621.5
TXN105232,2024-10-29,CUST0412,South,Beauty,1,4464.09,4464.09
TXN112127,2024-10-29,CUST0646,North,Beauty,1,2965.55,2965.55
TXN101710,2024-10-30,CUST0567,West,Beauty,1,280.07,280.07
TXN101732,2024-10-30,CUST0141,North,Apparel,1,4548.73,4548.73
TXN111821,2024-10-30,CUST0184,North,Apparel,1,8041.04,8041.04
TXN104010,2024-10-30,CUST0064,South,Grocery,1,817.75,817.75
TXN107940,2024-10-30,CUST0156,South,Beauty,1,1311.2,1311.2
TXN105103,2024-10-30,CUST0245,Central,Apparel,1,1186.9,1186.9
TXN102147,2024-10-30,CUST0332,South,Electronics,1,20191.94,20191.94
TXN112967,2024-10-30,CUST0717,East,Grocery,3,668.09,2004.27
TXN112725,2024-10-30,CUST0716,North,Home & Living,3,9006.44,27019.33
TXN109758,2024-10-30,CUST0590,South,Apparel,1,1621.92,1621.92
TXN110664,2024-10-30,CUST0615,East,Apparel,1,7489.3,7489.3
TXN105627,2024-10-31,CUST0093,West,Grocery,1,970.55,970.55
TXN107851,2024-10-31,CUST0498,North,Apparel,1,1637.09,1637.09
TXN101524,2024-10-31,CUST0575,North,Beauty,1,2211.24,2211.24
TXN114523,2024-10-31,CUST0303,Central,Apparel,1,512.77,512.77
TXN108794,2024-10-31,CUST0045,North,Beauty,1,277.9,277.9
TXN112408,2024-10-31,CUST0406,West,Apparel,1,1345.46,1345.46
TXN111410,2024-10-31,CUST0454,North,Apparel,1,853.5,853.5
TXN105159,2024-10-31,CUST0235,North,Beauty,1,2018.96,2018.96
TXN104909,2024-10-31,CUST0535,Central,Electronics,1,29329.93,29329.93
TXN112713,2024-10-31,CUST0359,West,Apparel,1,6661.29,6661.29
TXN107022,2024-10-31,CUST0406,West,Apparel,1,6760.06,6760.06
TXN112259,2024-10-31,CUST0328,South,Beauty,2,2782.13,5564.25
TXN105911,2024-10-31,CUST0798,North,Electronics,1,29840.13,29840.13
TXN100342,2024-10-31,CUST0621,South,Grocery,1,171.42,171.42
TXN113450,2024-10-31,CUST0700,West,Home & Living,1,3886.98,3886.98
TXN114944,2024-10-31,CUST0513,East,Electronics,1,63913.66,63913.66
TXN103169,2024-10-31,CUST0274,North,Apparel,2,2057.31,4114.61
TXN106750,2024-10-31,CUST0664,East,Apparel,1,741.09,741.09
TXN108068,2024-11-01,CUST0553,South,Apparel,2,2725.01,5450.02
TXN103615,2024-11-01,CUST0485,South,Beauty,1,396.66,396.66
TXN110869,2024-11-01,CUST0483,East,Grocery,1,43.81,43.81
TXN107910,2024-11-01,CUST0441,West,Beauty,1,126.55,126.55
TXN101992,2024-11-01,CUST0456,South,Grocery,1,148.34,148.34
TXN101534,2024-11-01,CUST0169,East,Home & Living,1,5364.85,5364.85
TXN103564,2024-11-01,CUST0122,South,Grocery,1,1669.09,1669.09
TXN111955,2024-11-01,CUST0323,West,Grocery,1,1062.25,1062.25
TXN107679,2024-11-01,CUST0068,North,Grocery,1,992.7,992.7
TXN100869,2024-11-01,CUST0439,Central,Grocery,1,365.06,365.06
TXN104867,2024-11-01,CUST0056,North,Electronics,2,75881.56,151763.12
TXN108188,2024-11-01,CUST0406,West,Apparel,1,1785.14,1785.14
TXN106107,2024-11-01,CUST0600,West,Electronics,1,1858.5,1858.5
TXN107035,2024-11-01,CUST0646,North,Electronics,1,14928.97,14928.97
TXN106909,2024-11-01,CUST0236,West,Apparel,1,824.38,824.38
TXN113250,2024-11-01,CUST0672,West,Grocery,1,1915.95,1915.95
TXN104213,2024-11-01,CUST0230,West,Electronics,1,8486.76,8486.76
TXN103277,2024-11-01,CUST0544,West,Home & Living,2,4704.62,9409.24
TXN104176,2024-11-01,CUST0499,East,Home & Living,1,4785.52,4785.52
TXN104076,2024-11-01,CUST0467,South,Apparel,1,846.96,846.96
TXN110167,2024-11-01,CUST0046,South,Electronics,1,27699.49,27699.49
TXN112565,2024-11-01,CUST0385,North,Home & Living,1,5573.87,5573.87
TXN101324,2024-11-01,CUST0296,North,Electronics,1,17390.9,17390.9
TXN109192,2024-11-01,CUST0656,Central,Grocery,1,196.65,196.65
TXN107173,2024-11-01,CUST0332,South,Apparel,2,1822.11,3644.22
TXN114003,2024-11-01,CUST0638,West,Home & Living,1,2408.61,2408.61
TXN106344,2024-11-01,CUST0306,North,Apparel,1,2192.89,2192.89
TXN110462,2024-11-02,CUST0466,North,Home & Living,1,4740.83,4740.83
TXN114172,2024-11-02,CUST0189,North,Home & Living,3,2585.1,7755.29
TXN101620,2024-11-02,CUST0413,North,Apparel,1,1537.89,1537.89
TXN111940,2024-11-02,CUST0384,Central,Apparel,1,7890.19,7890.19
TXN105154,2024-11-02,CUST0002,North,Apparel,1,5621.21,5621.21
TXN114079,2024-11-02,CUST0257,West,Grocery,1,1832.62,1832.62
TXN112140,2024-11-02,CUST0224,Central,Home & Living,1,4474.53,4474.53
TXN108968,2024-11-02,CUST0749,North,Apparel,1,5448.83,5448.83
TXN102813,2024-11-02,CUST0507,West,Apparel,1,4425.23,4425.23
TXN100981,2024-11-02,CUST0716,North,Electronics,3,48700.65,146101.96
TXN113472,2024-11-02,CUST0489,North,Grocery,2,313.53,627.06
TXN109403,2024-11-02,CUST0251,West,Electronics,1,2652.93,2652.93
TXN102828,2024-11-02,CUST0151,East,Beauty,1,2324.94,2324.94
TXN104197,2024-11-02,CUST0787,West,Apparel,2,1128.66,2257.32
TXN101013,2024-11-02,CUST0580,East,Grocery,2,815.75,1631.49
TXN111272,2024-11-02,CUST0297,North,Electronics,1,18573.75,18573.75
TXN112737,2024-11-02,CUST0795,West,Beauty,1,1283.17,1283.17
TXN106911,2024-11-02,CUST0513,East,Apparel,1,2209.07,2209.07
TXN109872,2024-11-02,CUST0800,Central,Beauty,3,4930.3,14790.91
TXN103706,2024-11-02,CUST0389,South,Home & Living,2,1364.36,2728.71
TXN111639,2024-11-02,CUST0774,West,Apparel,1,1138.13,1138.13
TXN112966,2024-11-02,CUST0792,Central,Home & Living,2,6033.35,12066.69
TXN114726,2024-11-02,CUST0166,South,Apparel,1,2224.54,2224.54
TXN101015,2024-11-02,CUST0087,East,Apparel,1,3652.36,3652.36
TXN108477,2024-11-02,CUST0361,West,Electronics,2,5498.97,10997.94
TXN108475,2024-11-02,CUST0226,South,Apparel,1,1618.47,1618.47
TXN101590,2024-11-02,CUST0248,North,Electronics,3,36964.37,110893.1
TXN101353,2024-11-02,CUST0377,West,Apparel,1,3952.95,3952.95
TXN101836,2024-11-02,CUST0192,West,Beauty,2,1381.89,2763.79
TXN102966,2024-11-02,CUST0209,North,Grocery,2,387.08,774.17
TXN112231,2024-11-02,CUST0116,South,Electronics,3,17262.9,51788.7
TXN111913,2024-11-03,CUST0574,South,Apparel,1,2650.58,2650.58
TXN103013,2024-11-03,CUST0092,West,Grocery,1,161.46,161.46
TXN107870,2024-11-03,CUST0380,East,Grocery,1,328.98,328.98
TXN108275,2024-11-03,CUST0074,South,Electronics,2,36661.41,73322.82
TXN107270,2024-11-03,CUST0738,West,Electronics,1,5407.21,5407.21
TXN100548,2024-11-03,CUST0401,West,Apparel,3,1508.65,4525.96
TXN102575,2024-11-03,CUST0799,North,Beauty,1,2251.16,2251.16
TXN100824,2024-11-03,CUST0237,South,Apparel,2,2135.89,4271.77
TXN109158,2024-11-03,CUST0268,North,Grocery,1,1137.16,1137.16
TXN101316,2024-11-03,CUST0581,North,Beauty,1,701.63,701.63
TXN105585,2024-11-03,CUST0743,East,Home & Living,1,3990.81,3990.81
TXN105510,2024-11-03,CUST0565,West,Apparel,2,2299.35,4598.7
TXN112716,2024-11-03,CUST0108,South,Apparel,1,1736.08,1736.08
TXN108843,2024-11-03,CUST0784,South,Home & Living,1,4466.07,4466.07
TXN103165,2024-11-03,CUST0797,North,Beauty,1,4842.49,4842.49
TXN106633,2024-11-03,CUST0474,North,Apparel,1,6357.86,6357.86
TXN104375,2024-11-03,CUST0766,South,Electronics,1,23972.4,23972.4
TXN109428,2024-11-03,CUST0666,North,Grocery,1,285.48,285.48
TXN114704,2024-11-03,CUST0502,Central,Beauty,3,248.45,745.34
TXN101149,2024-11-03,CUST0504,East,Electronics,1,6566.65,6566.65
TXN111056,2024-11-03,CUST0576,West,Apparel,2,2660.93,5321.87
TXN110818,2024-11-03,CUST0618,North,Grocery,1,418.17,418.17
TXN106952,2024-11-04,CUST0511,North,Home & Living,1,3034.32,3034.32
TXN109955,2024-11-04,CUST0454,North,Electronics,1,38760.99,38760.99
TXN100213,2024-11-04,CUST0018,South,Grocery,1,566.54,566.54
TXN114813,2024-11-04,CUST0616,Central,Grocery,1,926.59,926.59
TXN109089,2024-11-04,CUST0199,Central,Apparel,2,5459.79,10919.57
TXN109326,2024-11-04,CUST0671,East,Electronics,1,22674.23,22674.23
TXN111499,2024-11-04,CUST0377,West,Apparel,1,1169.01,1169.01
TXN109179,2024-11-04,CUST0171,East,Grocery,1,735.59,735.59
TXN103594,2024-11-04,CUST0174,North,Electronics,1,14937.98,14937.98
TXN109114,2024-11-04,CUST0783,East,Electronics,2,10529.69,21059.38
TXN112043,2024-11-04,CUST0448,North,Home & Living,1,3015.72,3015.72
TXN107090,2024-11-04,CUST0350,West,Home & Living,1,3539.62,3539.62
TXN103141,2024-11-04,CUST0093,West,Apparel,1,4381.67,4381.67
TXN101868,2024-11-04,CUST0672,West,Apparel,1,7197.34,7197.34
TXN111979,2024-11-04,CUST0529,East,Apparel,1,1906.21,1906.21
TXN102799,2024-11-04,CUST0109,North,Apparel,1,1526.5,1526.5
TXN101488,2024-11-04,CUST0470,South,Home & Living,1,13859.63,13859.63
TXN106874,2024-11-04,CUST0705,South,Electronics,1,21418.19,21418.19
TXN104661,2024-11-04,CUST0683,East,Electronics,1,29632.18,29632.18
TXN114573,2024-11-04,CUST0758,South,Grocery,1,393.21,393.21
TXN101341,2024-11-04,CUST0479,North,Electronics,2,21243.66,42487.33
TXN112650,2024-11-04,CUST0082,East,Grocery,1,1059.15,1059.15
TXN104913,2024-11-04,CUST0635,North,Electronics,1,15952.8,15952.8
TXN111078,2024-11-04,CUST0583,Central,Apparel,1,1881.19,1881.19
TXN101692,2024-11-04,CUST0314,East,Electronics,1,65657.73,65657.73
TXN106959,2024-11-04,CUST0663,North,Grocery,1,874.67,874.67
TXN101963,2024-11-04,CUST0339,South,Beauty,1,1757.77,1757.77
TXN101901,2024-11-04,CUST0640,East,Apparel,1,1883.29,1883.29
TXN113705,2024-11-04,CUST0063,East,Grocery,1,207.21,207.21
TXN108212,2024-11-04,CUST0204,West,Home & Living,1,13639.66,13639.66
TXN101545,2024-11-04,CUST0293,East,Grocery,1,489.5,489.5
TXN111040,2024-11-04,CUST0325,East,Apparel,2,2593.12,5186.25
TXN101864,2024-11-05,CUST0151,East,Apparel,1,3344.33,3344.33
TXN105399,2024-11-05,CUST0492,North,Grocery,1,900.17,900.17
TXN112480,2024-11-05,CUST0156,South,Grocery,1,544.82,544.82
TXN100121,2024-11-05,CUST0105,South,Apparel,1,6310.68,6310.68
TXN105533,2024-11-05,CUST0136,North,Grocery,1,540.23,540.23
TXN112184,2024-11-05,CUST0215,West,Apparel,2,462.1,924.2
TXN101828,2024-11-05,CUST0694,North,Home & Living,1,1657.1,1657.1
TXN111642,2024-11-05,CUST0122,South,Home & Living,2,4873.54,9747.08
TXN113690,2024-11-05,CUST0275,Central,Home & Living,1,1710.06,1710.06
TXN111062,2024-11-05,CUST0525,Central,Electronics,1,40110.63,40110.63
TXN101827,2024-11-05,CUST0497,North,Apparel,1,3736.74,3736.74
TXN103769,2024-11-05,CUST0141,North,Home & Living,2,3407.54,6815.07
TXN108842,2024-11-05,CUST0684,North,Electronics,2,4103.35,8206.7
TXN105414,2024-11-05,CUST0408,South,Beauty,2,1348.97,2697.93
TXN101915,2024-11-05,CUST0754,Central,Home & Living,3,4558.98,13676.94
TXN101796,2024-11-05,CUST0662,East,Apparel,1,3554.28,3554.28
TXN111041,2024-11-05,CUST0532,West,Electronics,1,13918.24,13918.24
TXN113172,2024-11-05,CUST0385,North,Beauty,1,781.71,781.71
TXN104052,2024-11-05,CUST0175,North,Beauty,2,1171.18,2342.37
TXN114567,2024-11-05,CUST0795,West,Electronics,1,10499.43,10499.43
TXN114470,2024-11-05,CUST0220,North,Electronics,1,26291.16,26291.16
TXN107504,2024-11-05,CUST0116,South,Grocery,1,2079.72,2079.72
TXN113414,2024-11-05,CUST0697,East,Apparel,1,3091.84,3091.84
TXN103987,2024-11-05,CUST0384,Central,Electronics,3,33690.01,101070.02
TXN109331,2024-11-05,CUST0297,North,Apparel,2,4430.49,8860.99
TXN105505,2024-11-05,CUST0055,North,Apparel,1,1197.06,1197.06
TXN102383,2024-11-05,CUST0189,North,Apparel,3,1955.04,5865.13
TXN107444,2024-11-05,CUST0370,South,Apparel,1,1235.32,1235.32
TXN100477,2024-11-05,CUST0367,West,Grocery,1,1518.65,1518.65
TXN110159,2024-11-05,CUST0412,South,Beauty,1,2972.15,2972.15
TXN106615,2024-11-05,CUST0409,North,Grocery,1,1085.47,1085.47
TXN105740,2024-11-06,CUST0759,West,Grocery,1,1016.68,1016.68
TXN100249,2024-11-06,CUST0509,South,Electronics,1,61542.12,61542.12
TXN106483,2024-11-06,CUST0089,North,Grocery,1,811.54,811.54
TXN104160,2024-11-06,CUST0600,West,Grocery,1,394.23,394.23
TXN113764,2024-11-06,CUST0676,East,Electronics,3,57796.39,173389.18
TXN114330,2024-11-06,CUST0035,South,Apparel,1,5969.96,5969.96
TXN101577,2024-11-06,CUST0711,West,Apparel,3,1413.46,4240.38
TXN104849,2024-11-06,CUST0446,East,Grocery,1,1390.37,1390.37
TXN110539,2024-11-06,CUST0684,North,Apparel,1,662.12,662.12
TXN107057,2024-11-06,CUST0172,Central,Grocery,1,776.19,776.19
TXN100394,2024-11-06,CUST0591,North,Apparel,1,2106.26,2106.26
TXN110910,2024-11-06,CUST0257,West,Home & Living,1,2722.77,2722.77
TXN108519,2024-11-06,CUST0594,East,Beauty,1,882.11,882.11
TXN113898,2024-11-06,CUST0051,North,Apparel,1,5626.9,5626.9
TXN108368,2024-11-06,CUST0588,North,Apparel,1,1886.15,1886.15
TXN112093,2024-11-06,CUST0141,North,Grocery,2,557.35,1114.7
TXN107289,2024-11-06,CUST0085,West,Grocery,1,342.64,342.64
TXN111850,2024-11-06,CUST0621,South,Beauty,1,722.95,722.95
TXN110155,2024-11-06,CUST0410,Central,Beauty,1,1583.01,1583.01
TXN108646,2024-11-06,CUST0135,North,Grocery,1,548.9,548.9
TXN102018,2024-11-06,CUST0632,East,Apparel,1,7832.65,7832.65
TXN104069,2024-11-06,CUST0585,East,Electronics,1,13395.18,13395.18
TXN111033,2024-11-06,CUST0434,North,Electronics,2,26293.41,52586.82
TXN103139,2024-11-06,CUST0492,North,Apparel,1,2584.04,2584.04
TXN114497,2024-11-06,CUST0314,East,Home & Living,1,4454.02,4454.02
TXN113218,2024-11-06,CUST0013,North,Apparel,1,2204.08,2204.08
TXN113927,2024-11-06,CUST0555,South,Home & Living,1,10996.31,10996.31
TXN107584,2024-11-07,CUST0549,Central,Grocery,1,381.52,381.52
TXN111713,2024-11-07,CUST0504,East,Beauty,1,611.63,611.63
TXN104463,2024-11-07,CUST0463,South,Home & Living,3,3725.18,11175.54
TXN110394,2024-11-07,CUST0787,West,Beauty,2,1849.8,3699.61
TXN100796,2024-11-07,CUST0129,East,Electronics,1,25508.51,25508.51
TXN107220,2024-11-07,CUST0070,Central,Beauty,1,1218.27,1218.27
TXN107420,2024-11-07,CUST0224,Central,Grocery,2,496.44,992.89
TXN101784,2024-11-07,CUST0032,South,Home & Living,1,998.35,998.35
TXN110938,2024-11-07,CUST0208,West,Home & Living,1,2169.67,2169.67
TXN107397,2024-11-07,CUST0787,West,Home & Living,1,2377.7,2377.7
TXN105093,2024-11-07,CUST0641,Central,Apparel,1,3056.18,3056.18
TXN107132,2024-11-07,CUST0205,West,Electronics,1,27383.99,27383.99
TXN109368,2024-11-07,CUST0518,West,Apparel,1,709.31,709.31
TXN105461,2024-11-07,CUST0418,West,Apparel,1,1259.02,1259.02
TXN104095,2024-11-07,CUST0248,North,Beauty,2,4007.49,8014.99
TXN109475,2024-11-07,CUST0428,North,Beauty,1,3780.23,3780.23
TXN113945,2024-11-07,CUST0527,North,Electronics,1,5370.9,5370.9
TXN110779,2024-11-07,CUST0724,North,Apparel,2,2021.24,4042.49
TXN102412,2024-11-07,CUST0544,West,Home & Living,1,2991.86,2991.86
TXN109826,2024-11-07,CUST0086,North,Beauty,1,585.45,585.45
TXN100680,2024-11-07,CUST0207,West,Electronics,1,13400.72,13400.72
TXN101504,2024-11-07,CUST0212,Central,Home & Living,1,4776.14,4776.14
TXN112700,2024-11-07,CUST0130,North,Electronics,3,8170.53,24511.58
TXN114400,2024-11-07,CUST0003,East,Beauty,1,2906.08,2906.08
TXN100264,2024-11-07,CUST0792,Central,Grocery,2,958.06,1916.12
TXN113058,2024-11-07,CUST0183,North,Apparel,1,2070.35,2070.35
TXN102532,2024-11-07,CUST0521,North,Electronics,1,8423.57,8423.57
TXN114590,2024-11-07,CUST0450,East,Grocery,1,668.91,668.91
TXN111327,2024-11-07,CUST0417,North,Grocery,3,146.38,439.14
TXN103063,2024-11-08,CUST0663,North,Home & Living,1,4844.54,4844.54
TXN107771,2024-11-08,CUST0160,West,Electronics,1,38006.36,38006.36
TXN108355,2024-11-08,CUST0276,South,Electronics,2,27684.89,55369.79
TXN108152,2024-11-08,CUST0399,West,Home & Living,1,7827.03,7827.03
TXN110138,2024-11-08,CUST0559,North,Electronics,3,8812.68,26438.05
TXN110079,2024-11-08,CUST0184,North,Electronics,1,29704.39,29704.39
TXN109936,2024-11-08,CUST0728,South,Apparel,1,1710.99,1710.99
TXN109896,2024-11-08,CUST0047,North,Apparel,1,2981.54,2981.54
TXN106424,2024-11-08,CUST0192,West,Electronics,1,33128.24,33128.24
TXN105704,2024-11-08,CUST0035,South,Home & Living,1,9706.34,9706.34
TXN103651,2024-11-08,CUST0778,East,Electronics,1,37461.36,37461.36
TXN101102,2024-11-08,CUST0108,South,Grocery,1,236.67,236.67
TXN108610,2024-11-08,CUST0786,North,Apparel,1,6324.98,6324.98
TXN101477,2024-11-08,CUST0089,North,Home & Living,2,1104.9,2209.8
TXN104255,2024-11-08,CUST0601,North,Grocery,1,284.55,284.55
TXN108742,2024-11-08,CUST0119,West,Beauty,1,831.81,831.81
TXN108795,2024-11-08,CUST0583,Central,Electronics,1,28880.36,28880.36
TXN103089,2024-11-08,CUST0786,North,Grocery,1,533.43,533.43
TXN104959,2024-11-08,CUST0768,North,Beauty,1,5155.17,5155.17
TXN101301,2024-11-08,CUST0605,East,Apparel,1,684.82,684.82
TXN111722,2024-11-08,CUST0462,West,Electronics,1,19980.69,19980.69
TXN100407,2024-11-08,CUST0615,East,Electronics,1,41663.7,41663.7
TXN106867,2024-11-08,CUST0418,West,Beauty,3,1536.83,4610.48
TXN102714,2024-11-08,CUST0781,North,Apparel,1,4373.65,4373.65
TXN110964,2024-11-08,CUST0309,West,Beauty,1,1209.2,1209.2
TXN111311,2024-11-08,CUST0779,East,Apparel,1,4002.56,4002.56
TXN102043,2024-11-08,CUST0382,South,Beauty,1,1984.54,1984.54
TXN102513,2024-11-08,CUST0075,North,Home & Living,1,4654.73,4654.73
TXN102765,2024-11-08,CUST0523,West,Grocery,1,1440.2,1440.2
TXN100603,2024-11-08,CUST0036,South,Beauty,1,2655.94,2655.94
TXN100615,2024-11-08,CUST0246,East,Grocery,1,410.67,410.67
TXN111381,2024-11-08,CUST0412,South,Apparel,1,3886.17,3886.17
TXN114698,2024-11-09,CUST0406,West,Apparel,3,851.07,2553.21
TXN111697,2024-11-09,CUST0570,North,Electronics,1,19000.34,19000.34
TXN108932,2024-11-09,CUST0767,East,Electronics,1,10601.52,10601.52
TXN108333,2024-11-09,CUST0002,North,Grocery,2,1479.3,2958.59
TXN110232,2024-11-09,CUST0612,North,Apparel,2,2936.79,5873.57
TXN113234,2024-11-09,CUST0548,South,Grocery,1,950.03,950.03
TXN113708,2024-11-09,CUST0681,West,Home & Living,2,5720.47,11440.93
TXN112840,2024-11-09,CUST0257,West,Electronics,1,32484.31,32484.31
TXN109480,2024-11-09,CUST0799,North,Apparel,1,4267.45,4267.45
TXN103722,2024-11-09,CUST0326,East,Grocery,1,452.54,452.54
TXN108116,2024-11-09,CUST0183,North,Electronics,1,48540.45,48540.45
TXN113217,2024-11-09,CUST0287,East,Home & Living,1,1669.36,1669.36
TXN112220,2024-11-09,CUST0147,North,Grocery,1,606.27,606.27
TXN114468,2024-11-09,CUST0077,West,Beauty,1,1384.49,1384.49
TXN111845,2024-11-09,CUST0716,North,Home & Living,1,8426.84,8426.84
TXN103007,2024-11-09,CUST0154,Central,Apparel,1,1499.66,1499.66
TXN110760,2024-11-09,CUST0615,East,Grocery,1,1526.12,1526.12
TXN113025,2024-11-09,CUST0414,West,Beauty,1,1924.96,1924.96
TXN106105,2024-11-09,CUST0029,West,Apparel,2,3359.62,6719.25
TXN102511,2024-11-09,CUST0406,West,Home & Living,1,2307.48,2307.48
TXN112037,2024-11-09,CUST0367,West,Apparel,1,6339.19,6339.19
TXN114073,2024-11-09,CUST0656,Central,Beauty,1,978.32,978.32
TXN107714,2024-11-09,CUST0447,North,Grocery,1,209.81,209.81
TXN112032,2024-11-09,CUST0119,West,Home & Living,1,6143.28,6143.28
TXN102567,2024-11-09,CUST0080,North,Apparel,1,1210.52,1210.52
TXN109891,2024-11-09,CUST0241,East,Apparel,1,7232.58,7232.58
TXN114317,2024-11-09,CUST0465,North,Grocery,1,1062.46,1062.46
TXN105391,2024-11-09,CUST0198,North,Home & Living,1,12878.49,12878.49
TXN108762,2024-11-10,CUST0769,East,Home & Living,2,2560.81,5121.62
TXN103433,2024-11-10,CUST0479,North,Apparel,1,6904.08,6904.08
TXN111393,2024-11-10,CUST0093,West,Electronics,1,37761.16,37761.16
TXN102254,2024-11-10,CUST0521,North,Apparel,1,3426.01,3426.01
TXN100175,2024-11-10,CUST0252,East,Grocery,1,210.62,210.62
TXN112524,2024-11-10,CUST0530,South,Apparel,3,1153.99,3461.98
TXN106232,2024-11-10,CUST0175,North,Home & Living,1,7495.25,7495.25
TXN109929,2024-11-10,CUST0539,North,Home & Living,1,4926.27,4926.27
TXN103574,2024-11-10,CUST0365,North,Home & Living,1,7763.43,7763.43
TXN111175,2024-11-10,CUST0340,East,Apparel,1,1096.78,1096.78
TXN105438,2024-11-10,CUST0434,North,Apparel,1,437.64,437.64
TXN103425,2024-11-10,CUST0425,South,Beauty,1,527.38,527.38
TXN107282,2024-11-10,CUST0032,South,Grocery,1,288.92,288.92
TXN101299,2024-11-10,CUST0034,North,Apparel,1,1550.13,1550.13
TXN105657,2024-11-10,CUST0039,East,Electronics,1,28036.56,28036.56
TXN107445,2024-11-10,CUST0029,West,Electronics,1,36785.53,36785.53
TXN114615,2024-11-10,CUST0509,South,Grocery,1,1195.21,1195.21
TXN112970,2024-11-10,CUST0155,South,Apparel,1,3567.83,3567.83
TXN113868,2024-11-10,CUST0580,East,Beauty,2,524.06,1048.12
TXN101738,2024-11-10,CUST0477,North,Apparel,1,982.07,982.07
TXN109023,2024-11-10,CUST0725,South,Beauty,1,607.0,607.0
TXN107652,2024-11-10,CUST0203,West,Grocery,1,529.3,529.3
TXN102105,2024-11-10,CUST0714,North,Home & Living,1,2482.56,2482.56
TXN110415,2024-11-10,CUST0496,North,Apparel,2,1689.36,3378.72
TXN100720,2024-11-10,CUST0730,East,Apparel,1,950.97,950.97
TXN103870,2024-11-10,CUST0536,East,Beauty,1,2373.63,2373.63
TXN110326,2024-11-10,CUST0003,East,Electronics,2,40203.97,80407.93
TXN105852,2024-11-10,CUST0220,North,Home & Living,2,7546.56,15093.12
TXN103746,2024-11-10,CUST0012,West,Grocery,1,1146.84,1146.84
TXN113671,2024-11-10,CUST0485,South,Electronics,1,40553.88,40553.88
TXN102903,2024-11-10,CUST0004,East,Beauty,2,2035.4,4070.79
TXN108114,2024-11-10,CUST0391,North,Beauty,1,5384.12,5384.12
TXN112314,2024-11-10,CUST0386,Central,Electronics,1,13214.07,13214.07
TXN102850,2024-11-10,CUST0341,West,Apparel,1,352.06,352.06
TXN108032,2024-11-10,CUST0089,North,Apparel,1,1370.02,1370.02
TXN112988,2024-11-11,CUST0474,North,Electronics,1,23057.49,23057.49
TXN109168,2024-11-11,CUST0392,East,Beauty,1,1007.8,1007.8
TXN112981,2024-11-11,CUST0037,Central,Beauty,1,329.86,329.86
TXN106350,2024-11-11,CUST0764,North,Grocery,1,300.68,300.68
TXN109444,2024-11-11,CUST0293,East,Apparel,1,2625.65,2625.65
TXN111502,2024-11-11,CUST0170,South,Home & Living,1,1078.55,1078.55
TXN103858,2024-11-11,CUST0786,North,Beauty,1,1015.03,1015.03
TXN109296,2024-11-11,CUST0054,Central,Apparel,1,5446.47,5446.47
TXN109381,2024-11-11,CUST0474,North,Home & Living,1,10114.12,10114.12
TXN113259,2024-11-11,CUST0676,East,Home & Living,1,2037.46,2037.46
TXN109531,2024-11-11,CUST0236,West,Beauty,1,1372.16,1372.16
TXN112774,2024-11-11,CUST0746,South,Electronics,1,41234.02,41234.02
TXN114460,2024-11-11,CUST0286,South,Apparel,1,2039.37,2039.37
TXN102398,2024-11-11,CUST0428,North,Grocery,1,1541.7,1541.7
TXN108813,2024-11-11,CUST0236,West,Home & Living,1,2904.64,2904.64
TXN102400,2024-11-11,CUST0462,West,Beauty,1,2381.4,2381.4
TXN108584,2024-11-11,CUST0507,West,Grocery,1,592.21,592.21
TXN110777,2024-11-11,CUST0559,North,Electronics,1,34366.92,34366.92
TXN103649,2024-11-11,CUST0387,West,Home & Living,1,1738.12,1738.12
TXN100663,2024-11-11,CUST0362,North,Electronics,1,7081.0,7081.0
TXN111970,2024-11-11,CUST0121,West,Electronics,2,27763.58,55527.16
TXN107644,2024-11-11,CUST0400,North,Grocery,1,835.63,835.63
TXN110795,2024-11-11,CUST0284,West,Electronics,1,10118.17,10118.17
TXN110591,2024-11-11,CUST0193,North,Beauty,1,644.25,644.25
TXN110475,2024-11-11,CUST0706,South,Grocery,1,981.36,981.36
TXN107864,2024-11-11,CUST0649,Central,Apparel,1,430.89,430.89
TXN105597,2024-11-11,CUST0606,South,Apparel,1,1853.76,1853.76
TXN103237,2024-11-11,CUST0334,North,Electronics,1,12966.29,12966.29
TXN114225,2024-11-11,CUST0225,Central,Grocery,1,763.12,763.12
TXN108213,2024-11-11,CUST0616,Central,Apparel,1,7312.58,7312.58
TXN110087,2024-11-11,CUST0572,North,Apparel,1,415.3,415.3
TXN111046,2024-11-11,CUST0140,East,Home & Living,1,13092.87,13092.87
TXN107201,2024-11-11,CUST0212,Central,Electronics,2,17422.06,34844.12
TXN101486,2024-11-11,CUST0328,South,Home & Living,1,7436.53,7436.53
TXN113375,2024-11-11,CUST0449,Central,Grocery,3,119.61,358.84
TXN107572,2024-11-11,CUST0030,South,Apparel,1,2313.96,2313.96
TXN113381,2024-11-11,CUST0273,North,Apparel,1,2764.36,2764.36
TXN105689,2024-11-11,CUST0676,East,Electronics,1,75369.29,75369.29
TXN107167,2024-11-11,CUST0109,North,Grocery,1,642.41,642.41
TXN114954,2024-11-11,CUST0760,Central,Electronics,3,15042.75,45128.24
TXN104446,2024-11-11,CUST0089,North,Grocery,2,1473.2,2946.4
TXN112732,2024-11-12,CUST0096,North,Grocery,1,268.02,268.02
TXN111911,2024-11-12,CUST0759,West,Home & Living,2,3319.62,6639.25
TXN110595,2024-11-12,CUST0367,West,Apparel,1,5276.67,5276.67
TXN112538,2024-11-12,CUST0536,East,Grocery,3,1763.34,5290.03
TXN106119,2024-11-12,CUST0793,North,Grocery,1,582.62,582.62
TXN101734,2024-11-12,CUST0717,East,Home & Living,1,2027.91,2027.91
TXN110432,2024-11-12,CUST0595,South,Apparel,1,3124.16,3124.16
TXN102390,2024-11-12,CUST0070,Central,Electronics,1,43450.54,43450.54
TXN109439,2024-11-12,CUST0615,East,Home & Living,1,7546.68,7546.68
TXN103176,2024-11-12,CUST0001,West,Electronics,3,26199.94,78599.81
TXN110270,2024-11-12,CUST0794,North,Apparel,1,1642.26,1642.26
TXN111600,2024-11-12,CUST0003,East,Electronics,1,11536.52,11536.52
TXN102139,2024-11-12,CUST0465,North,Electronics,1,6704.61,6704.61
TXN109900,2024-11-12,CUST0248,North,Home & Living,1,8601.84,8601.84
TXN109943,2024-11-12,CUST0391,North,Grocery,1,397.87,397.87
TXN111435,2024-11-12,CUST0531,East,Beauty,1,942.51,942.51
TXN111828,2024-11-12,CUST0215,West,Grocery,1,408.45,408.45
TXN102358,2024-11-12,CUST0044,Central,Apparel,1,2460.99,2460.99
TXN100180,2024-11-12,CUST0035,South,Grocery,1,1767.45,1767.45
TXN100661,2024-11-12,CUST0480,South,Electronics,1,17093.93,17093.93
TXN100859,2024-11-12,CUST0325,East,Apparel,1,1281.1,1281.1
TXN100873,2024-11-12,CUST0566,North,Home & Living,1,5644.04,5644.04
TXN114091,2024-11-12,CUST0534,Central,Grocery,1,833.55,833.55
TXN108364,2024-11-12,CUST0399,West,Grocery,1,274.66,274.66
TXN114166,2024-11-12,CUST0500,West,Apparel,1,1249.98,1249.98
TXN113050,2024-11-12,CUST0184,North,Apparel,2,3617.13,7234.26
TXN108466,2024-11-12,CUST0533,North,Apparel,1,1792.3,1792.3
TXN105238,2024-11-12,CUST0135,North,Apparel,1,1868.03,1868.03
TXN114301,2024-11-12,CUST0193,North,Apparel,1,4966.32,4966.32
TXN106962,2024-11-12,CUST0517,East,Apparel,1,1964.7,1964.7
TXN107295,2024-11-12,CUST0118,Central,Grocery,2,191.53,383.06
TXN104785,2024-11-12,CUST0499,East,Electronics,1,66380.95,66380.95
TXN104024,2024-11-12,CUST0044,Central,Apparel,1,6735.97,6735.97
TXN113146,2024-11-12,CUST0372,Central,Beauty,1,656.19,656.19
TXN104035,2024-11-13,CUST0051,North,Apparel,1,763.42,763.42
TXN109104,2024-11-13,CUST0081,North,Beauty,1,2304.09,2304.09
TXN100857,2024-11-13,CUST0498,North,Apparel,1,746.76,746.76
TXN106471,2024-11-13,CUST0336,North,Grocery,1,783.55,783.55
TXN107634,2024-11-13,CUST0576,West,Electronics,1,40260.67,40260.67
TXN110905,2024-11-13,CUST0790,West,Electronics,1,9753.95,9753.95
TXN105606,2024-11-13,CUST0205,West,Apparel,1,2029.03,2029.03
TXN101005,2024-11-13,CUST0412,South,Apparel,1,4175.85,4175.85
TXN100682,2024-11-13,CUST0385,North,Grocery,1,785.5,785.5
TXN109752,2024-11-13,CUST0226,South,Home & Living,1,1417.11,1417.11
TXN103601,2024-11-13,CUST0790,West,Electronics,1,65077.5,65077.5
TXN107210,2024-11-13,CUST0171,East,Home & Living,1,2695.11,2695.11
TXN108639,2024-11-13,CUST0227,West,Home & Living,3,7962.8,23888.39
TXN112247,2024-11-13,CUST0370,South,Apparel,1,2285.45,2285.45
TXN104641,2024-11-13,CUST0080,North,Home & Living,1,638.36,638.36
TXN103106,2024-11-13,CUST0621,South,Grocery,1,458.65,458.65
TXN108918,2024-11-13,CUST0578,East,Beauty,1,4950.82,4950.82
TXN105949,2024-11-13,CUST0551,West,Home & Living,1,3342.56,3342.56
TXN106967,2024-11-13,CUST0723,South,Grocery,1,410.58,410.58
TXN114812,2024-11-14,CUST0554,West,Apparel,1,3880.82,3880.82
TXN109187,2024-11-14,CUST0008,Central,Apparel,1,1439.17,1439.17
TXN111377,2024-11-14,CUST0034,North,Electronics,1,28895.9,28895.9
TXN107421,2024-11-14,CUST0702,South,Apparel,1,2276.99,2276.99
TXN114117,2024-11-14,CUST0595,South,Grocery,1,443.94,443.94
TXN111894,2024-11-14,CUST0556,West,Home & Living,1,4885.44,4885.44
TXN100952,2024-11-14,CUST0646,North,Grocery,2,1333.36,2666.72
TXN113517,2024-11-14,CUST0720,Central,Apparel,1,3244.83,3244.83
TXN112464,2024-11-14,CUST0595,South,Apparel,1,5882.37,5882.37
TXN110307,2024-11-14,CUST0390,West,Grocery,1,602.06,602.06
TXN106541,2024-11-14,CUST0550,North,Apparel,1,899.79,899.79
TXN104546,2024-11-14,CUST0413,North,Apparel,1,8072.9,8072.9
TXN105387,2024-11-14,CUST0384,Central,Home & Living,1,4871.5,4871.5
TXN103250,2024-11-14,CUST0790,West,Beauty,1,4157.54,4157.54
TXN104004,2024-11-14,CUST0035,South,Grocery,1,91.27,91.27
TXN100755,2024-11-14,CUST0104,East,Home & Living,1,540.05,540.05
TXN102853,2024-11-14,CUST0642,North,Home & Living,2,2710.98,5421.95
TXN112310,2024-11-14,CUST0680,South,Grocery,1,286.64,286.64
TXN109254,2024-11-14,CUST0229,South,Apparel,1,1615.44,1615.44
TXN108387,2024-11-14,CUST0241,East,Grocery,1,1389.23,1389.23
TXN105111,2024-11-14,CUST0193,North,Electronics,1,65531.57,65531.57
TXN110635,2024-11-14,CUST0780,East,Grocery,1,803.63,803.63
TXN105161,2024-11-14,CUST0135,North,Beauty,1,2148.59,2148.59
TXN110447,2024-11-14,CUST0791,West,Grocery,1,365.12,365.12
TXN109763,2024-11-14,CUST0297,North,Electronics,1,9510.68,9510.68
TXN113251,2024-11-14,CUST0573,West,Beauty,2,163.2,326.4
TXN101192,2024-11-14,CUST0459,North,Beauty,1,1375.77,1375.77
TXN109681,2024-11-14,CUST0200,South,Home & Living,1,2982.36,2982.36
TXN111084,2024-11-14,CUST0419,East,Electronics,3,3400.27,10200.82
TXN114844,2024-11-14,CUST0078,East,Electronics,1,19202.04,19202.04
TXN103134,2024-11-14,CUST0352,West,Electronics,2,35518.68,71037.36
TXN114289,2024-11-14,CUST0752,East,Apparel,1,4792.98,4792.98
TXN113330,2024-11-14,CUST0109,North,Home & Living,1,1026.77,1026.77
TXN110235,2024-11-14,CUST0085,West,Home & Living,1,1443.31,1443.31
TXN105555,2024-11-14,CUST0659,North,Grocery,2,57.96,115.93
TXN109621,2024-11-14,CUST0324,West,Apparel,1,530.52,530.52
TXN107982,2024-11-14,CUST0121,West,Apparel,1,736.26,736.26
TXN112081,2024-11-15,CUST0681,West,Home & Living,1,2179.45,2179.45
TXN104664,2024-11-15,CUST0676,East,Apparel,1,2745.22,2745.22
TXN112147,2024-11-15,CUST0533,North,Grocery,1,855.26,855.26
TXN112205,2024-11-15,CUST0109,North,Beauty,1,736.04,736.04
TXN110560,2024-11-15,CUST0303,Central,Electronics,1,23117.69,23117.69
TXN112266,2024-11-15,CUST0635,North,Electronics,1,17562.22,17562.22
TXN103166,2024-11-15,CUST0686,South,Home & Living,2,4515.38,9030.76
TXN110681,2024-11-15,CUST0796,East,Apparel,1,1420.05,1420.05
TXN104687,2024-11-15,CUST0353,West,Grocery,1,408.96,408.96
TXN106538,2024-11-15,CUST0436,South,Apparel,1,2966.62,2966.62
TXN100052,2024-11-15,CUST0216,Central,Grocery,1,361.54,361.54
TXN106504,2024-11-15,CUST0638,West,Apparel,1,532.62,532.62
TXN101825,2024-11-15,CUST0491,South,Home & Living,1,995.32,995.32
TXN110637,2024-11-15,CUST0721,North,Apparel,2,1796.12,3592.24
TXN105881,2024-11-15,CUST0116,South,Apparel,1,7431.69,7431.69
TXN101917,2024-11-15,CUST0309,West,Home & Living,2,6829.51,13659.03
TXN110554,2024-11-15,CUST0476,North,Grocery,2,1543.05,3086.09
TXN112637,2024-11-15,CUST0223,Central,Grocery,2,578.6,1157.21
TXN105741,2024-11-15,CUST0319,North,Apparel,1,1484.15,1484.15
TXN111343,2024-11-15,CUST0595,South,Grocery,1,1152.8,1152.8
TXN105560,2024-11-15,CUST0573,West,Apparel,1,2118.04,2118.04
TXN114351,2024-11-15,CUST0098,Central,Apparel,2,1663.63,3327.26
TXN111204,2024-11-15,CUST0653,West,Apparel,3,574.58,1723.74
TXN101328,2024-11-15,CUST0594,East,Grocery,1,670.3,670.3
TXN104930,2024-11-15,CUST0447,North,Apparel,2,6516.57,13033.14
TXN107322,2024-11-15,CUST0489,North,Apparel,2,1709.21,3418.42
TXN114839,2024-11-15,CUST0315,East,Beauty,1,2498.18,2498.18
TXN102722,2024-11-15,CUST0529,East,Grocery,1,602.17,602.17
TXN109257,2024-11-15,CUST0115,East,Apparel,1,2437.29,2437.29
TXN105142,2024-11-15,CUST0460,East,Apparel,1,2420.38,2420.38
TXN109814,2024-11-15,CUST0337,West,Electronics,1,18955.94,18955.94
TXN109215,2024-11-15,CUST0465,North,Beauty,1,4829.21,4829.21
TXN107857,2024-11-15,CUST0702,South,Apparel,2,1651.12,3302.25
TXN100079,2024-11-15,CUST0542,South,Beauty,1,2247.32,2247.32
TXN107483,2024-11-15,CUST0595,South,Beauty,1,1666.91,1666.91
TXN100931,2024-11-15,CUST0663,North,Apparel,1,1339.94,1339.94
TXN101306,2024-11-15,CUST0784,South,Home & Living,1,4515.61,4515.61
TXN100034,2024-11-15,CUST0747,West,Apparel,1,574.61,574.61
TXN101344,2024-11-15,CUST0597,South,Home & Living,1,2551.96,2551.96
TXN106730,2024-11-16,CUST0582,South,Home & Living,1,3617.64,3617.64
TXN106098,2024-11-16,CUST0273,North,Home & Living,1,5215.62,5215.62
TXN102674,2024-11-16,CUST0480,South,Apparel,2,2713.79,5427.57
TXN102237,2024-11-16,CUST0102,North,Electronics,1,39405.42,39405.42
TXN107126,2024-11-16,CUST0325,East,Grocery,1,1096.85,1096.85
TXN102095,2024-11-16,CUST0029,West,Electronics,1,16064.06,16064.06
TXN105009,2024-11-16,CUST0248,North,Beauty,1,4167.68,4167.68
TXN114052,2024-11-16,CUST0615,East,Grocery,1,918.46,918.46
TXN111515,2024-11-16,CUST0420,North,Beauty,2,2536.93,5073.87
TXN105529,2024-11-16,CUST0759,West,Apparel,1,6948.44,6948.44
TXN114536,2024-11-16,CUST0353,West,Home & Living,1,2850.18,2850.18
TXN108782,2024-11-16,CUST0207,West,Electronics,1,16563.93,16563.93
TXN114859,2024-11-16,CUST0530,South,Electronics,1,23731.05,23731.05
TXN104426,2024-11-16,CUST0706,South,Electronics,1,7621.35,7621.35
TXN110452,2024-11-16,CUST0513,East,Home & Living,1,14142.84,14142.84
TXN103221,2024-11-16,CUST0237,South,Apparel,1,1266.44,1266.44
TXN106231,2024-11-16,CUST0334,North,Home & Living,1,4997.81,4997.81
TXN112258,2024-11-16,CUST0421,Central,Electronics,1,14860.71,14860.71
TXN100817,2024-11-16,CUST0035,South,Beauty,3,3318.41,9955.23
TXN113507,2024-11-16,CUST0340,East,Grocery,1,429.21,429.21
TXN109234,2024-11-16,CUST0409,North,Beauty,1,837.23,837.23
TXN108923,2024-11-16,CUST0354,West,Beauty,1,1779.63,1779.63
TXN114784,2024-11-16,CUST0704,South,Apparel,1,2409.35,2409.35
TXN101880,2024-11-16,CUST0128,East,Beauty,2,507.31,1014.61
TXN107972,2024-11-16,CUST0053,North,Beauty,2,1812.33,3624.66
TXN114583,2024-11-17,CUST0229,South,Electronics,3,23895.65,71686.95
TXN104014,2024-11-17,CUST0343,East,Electronics,1,10221.03,10221.03
TXN112575,2024-11-17,CUST0706,South,Grocery,1,1103.49,1103.49
TXN104411,2024-11-17,CUST0654,East,Home & Living,1,5158.9,5158.9
TXN102753,2024-11-17,CUST0769,East,Home & Living,1,2708.14,2708.14
TXN105124,2024-11-17,CUST0476,North,Electronics,1,45043.51,45043.51
TXN109675,2024-11-17,CUST0243,South,Grocery,1,1925.71,1925.71
TXN100515,2024-11-17,CUST0127,North,Electronics,2,13475.95,26951.9
TXN111745,2024-11-17,CUST0358,Central,Grocery,1,1129.98,1129.98
TXN106035,2024-11-17,CUST0039,East,Grocery,1,719.07,719.07
TXN109551,2024-11-17,CUST0486,East,Apparel,1,2317.28,2317.28
TXN113155,2024-11-17,CUST0612,North,Home & Living,1,5593.72,5593.72
TXN109498,2024-11-17,CUST0574,South,Electronics,3,31429.71,94289.14
TXN113233,2024-11-17,CUST0350,West,Apparel,1,1915.75,1915.75
TXN111622,2024-11-17,CUST0620,Central,Grocery,2,915.66,1831.32
TXN114585,2024-11-17,CUST0535,Central,Apparel,1,2676.52,2676.52
TXN113339,2024-11-17,CUST0599,East,Apparel,2,669.79,1339.57
TXN107879,2024-11-17,CUST0089,North,Beauty,1,3973.68,3973.68
TXN106594,2024-11-17,CUST0304,Central,Electronics,1,24730.19,24730.19
TXN113691,2024-11-17,CUST0669,West,Grocery,1,809.58,809.58
TXN112253,2024-11-17,CUST0081,North,Electronics,1,4298.91,4298.91
TXN107631,2024-11-17,CUST0105,South,Home & Living,2,3487.79,6975.58
TXN106148,2024-11-17,CUST0245,Central,Home & Living,1,3303.7,3303.7
TXN102867,2024-11-17,CUST0135,North,Home & Living,1,13660.07,13660.07
TXN104639,2024-11-17,CUST0719,North,Home & Living,1,473.78,473.78
TXN106472,2024-11-17,CUST0575,North,Apparel,1,4476.95,4476.95
TXN112280,2024-11-17,CUST0395,North,Apparel,1,1362.38,1362.38
TXN113585,2024-11-17,CUST0530,South,Home & Living,1,7311.27,7311.27
TXN107545,2024-11-17,CUST0331,West,Grocery,1,786.99,786.99
TXN102435,2024-11-18,CUST0796,East,Home & Living,1,9256.56,9256.56
TXN101367,2024-11-18,CUST0452,South,Apparel,1,2611.0,2611.0
TXN102062,2024-11-18,CUST0044,Central,Apparel,1,2604.9,2604.9
TXN100719,2024-11-18,CUST0331,West,Apparel,2,1330.86,2661.71
TXN104081,2024-11-18,CUST0402,North,Home & Living,1,6382.67,6382.67
TXN114912,2024-11-18,CUST0497,North,Beauty,3,479.79,1439.38
TXN113102,2024-11-18,CUST0438,South,Electronics,2,3773.22,7546.44
TXN106171,2024-11-18,CUST0555,South,Apparel,1,3751.68,3751.68
TXN106977,2024-11-18,CUST0144,West,Home & Living,2,1072.46,2144.92
TXN106796,2024-11-18,CUST0474,North,Apparel,1,3877.18,3877.18
TXN106388,2024-11-18,CUST0630,West,Apparel,1,2462.92,2462.92
TXN101168,2024-11-18,CUST0406,West,Grocery,3,1078.83,3236.48
TXN114471,2024-11-18,CUST0462,West,Electronics,1,10229.45,10229.45
TXN104071,2024-11-18,CUST0234,North,Grocery,3,674.9,2024.69
TXN108295,2024-11-18,CUST0086,North,Home & Living,2,2850.04,5700.09
TXN108447,2024-11-18,CUST0002,North,Electronics,1,54666.66,54666.66
TXN113478,2024-11-18,CUST0064,South,Electronics,2,6255.09,12510.18
TXN106448,2024-11-18,CUST0700,West,Apparel,1,406.85,406.85
TXN100911,2024-11-18,CUST0712,West,Apparel,1,2207.58,2207.58
TXN113398,2024-11-18,CUST0535,Central,Home & Living,1,1459.69,1459.69
TXN104289,2024-11-18,CUST0367,West,Grocery,1,919.96,919.96
TXN109659,2024-11-18,CUST0227,West,Home & Living,1,4533.29,4533.29
TXN102868,2024-11-18,CUST0763,West,Home & Living,1,789.98,789.98
TXN103114,2024-11-18,CUST0413,North,Grocery,1,583.47,583.47
TXN112302,2024-11-18,CUST0490,North,Grocery,1,2000.88,2000.88
TXN108562,2024-11-18,CUST0386,Central,Home & Living,1,2249.82,2249.82
TXN113335,2024-11-18,CUST0759,West,Apparel,1,1211.32,1211.32
TXN114249,2024-11-19,CUST0363,South,Home & Living,1,3528.73,3528.73
TXN107839,2024-11-19,CUST0560,East,Grocery,1,467.3,467.3
TXN111122,2024-11-19,CUST0726,North,Beauty,1,695.1,695.1
TXN107946,2024-11-19,CUST0121,West,Apparel,1,3483.24,3483.24
TXN110024,2024-11-19,CUST0098,Central,Beauty,1,1863.58,1863.58
TXN111406,2024-11-19,CUST0790,West,Apparel,1,6181.87,6181.87
TXN114432,2024-11-19,CUST0695,East,Home & Living,2,4926.46,9852.93
TXN106958,2024-11-19,CUST0613,North,Electronics,1,23663.68,23663.68
TXN111739,2024-11-19,CUST0281,West,Grocery,1,1688.7,1688.7
TXN114621,2024-11-19,CUST0283,South,Electronics,1,2843.26,2843.26
TXN107060,2024-11-19,CUST0356,West,Grocery,1,283.04,283.04
TXN113696,2024-11-19,CUST0724,North,Apparel,1,4451.15,4451.15
TXN109649,2024-11-19,CUST0684,North,Apparel,1,1266.08,1266.08
TXN108830,2024-11-19,CUST0127,North,Home & Living,3,5817.41,17452.24
TXN107684,2024-11-19,CUST0679,West,Electronics,1,73273.91,73273.91
TXN106547,2024-11-19,CUST0743,East,Electronics,1,15533.33,15533.33
TXN100000,2024-11-19,CUST0160,West,Apparel,1,782.65,782.65
TXN105923,2024-11-19,CUST0572,North,Grocery,1,235.67,235.67
TXN103956,2024-11-19,CUST0095,East,Electronics,1,8142.06,8142.06
TXN101401,2024-11-19,CUST0632,East,Home & Living,1,12416.75,12416.75
TXN102660,2024-11-19,CUST0098,Central,Apparel,1,811.0,811.0
TXN102013,2024-11-19,CUST0633,South,Apparel,1,943.83,943.83
TXN104148,2024-11-19,CUST0793,North,Apparel,1,2985.21,2985.21
TXN102894,2024-11-19,CUST0576,West,Home & Living,1,1511.24,1511.24
TXN113612,2024-11-20,CUST0686,South,Grocery,1,1131.28,1131.28
TXN114940,2024-11-20,CUST0024,South,Grocery,1,779.73,779.73
TXN103896,2024-11-20,CUST0466,North,Grocery,1,63.54,63.54
TXN105168,2024-11-20,CUST0711,West,Apparel,1,3303.27,3303.27
TXN104078,2024-11-20,CUST0556,West,Home & Living,2,2813.58,5627.17
TXN106369,2024-11-20,CUST0720,Central,Grocery,1,1008.22,1008.22
TXN110515,2024-11-20,CUST0063,East,Home & Living,1,6168.13,6168.13
TXN111861,2024-11-20,CUST0153,North,Beauty,1,253.06,253.06
TXN111507,2024-11-20,CUST0732,East,Grocery,1,433.56,433.56
TXN101903,2024-11-20,CUST0029,West,Grocery,1,1095.19,1095.19
TXN106074,2024-11-20,CUST0415,West,Grocery,1,402.74,402.74
TXN110999,2024-11-20,CUST0448,North,Grocery,1,801.28,801.28
TXN103038,2024-11-20,CUST0591,North,Apparel,1,705.89,705.89
TXN112066,2024-11-20,CUST0363,South,Apparel,2,2899.1,5798.19
TXN110677,2024-11-20,CUST0479,North,Electronics,1,23866.4,23866.4
TXN100637,2024-11-20,CUST0155,South,Electronics,1,37594.93,37594.93
TXN109887,2024-11-20,CUST0323,West,Home & Living,1,2151.05,2151.05
TXN103820,2024-11-20,CUST0161,North,Grocery,1,186.79,186.79
TXN113847,2024-11-20,CUST0249,West,Grocery,1,1683.97,1683.97
TXN110799,2024-11-20,CUST0192,West,Apparel,1,3273.25,3273.25
TXN104117,2024-11-20,CUST0246,East,Apparel,1,4062.94,4062.94
TXN113282,2024-11-20,CUST0466,North,Grocery,1,775.97,775.97
TXN108852,2024-11-20,CUST0671,East,Apparel,1,2854.79,2854.79
TXN113020,2024-11-20,CUST0717,East,Home & Living,1,6820.72,6820.72
TXN108123,2024-11-20,CUST0576,West,Electronics,1,29545.74,29545.74
TXN109869,2024-11-20,CUST0686,South,Apparel,1,2959.81,2959.81
TXN110773,2024-11-20,CUST0233,North,Electronics,1,42158.24,42158.24
TXN104235,2024-11-20,CUST0476,North,Home & Living,1,10562.89,10562.89
TXN104730,2024-11-20,CUST0034,North,Apparel,1,6993.81,6993.81
TXN102869,2024-11-20,CUST0709,East,Grocery,1,832.49,832.49
TXN103670,2024-11-20,CUST0161,North,Home & Living,2,4765.02,9530.03
TXN113756,2024-11-20,CUST0478,Central,Beauty,2,1079.66,2159.32
TXN109340,2024-11-20,CUST0494,West,Home & Living,1,5119.65,5119.65
TXN112153,2024-11-20,CUST0194,East,Apparel,1,1731.32,1731.32
TXN107853,2024-11-20,CUST0158,North,Grocery,1,840.97,840.97
TXN110660,2024-11-20,CUST0790,West,Grocery,1,1223.68,1223.68
TXN112591,2024-11-20,CUST0053,North,Electronics,1,71132.92,71132.92
TXN104326,2024-11-20,CUST0615,East,Beauty,2,2610.57,5221.14
TXN100595,2024-11-20,CUST0365,North,Apparel,2,6983.07,13966.15
TXN103996,2024-11-20,CUST0280,Central,Home & Living,1,2831.3,2831.3
TXN107424,2024-11-20,CUST0415,West,Beauty,1,1699.3,1699.3
TXN108573,2024-11-20,CUST0199,Central,Apparel,1,2270.05,2270.05
TXN107138,2024-11-21,CUST0075,North,Apparel,1,1377.82,1377.82
TXN110920,2024-11-21,CUST0048,Central,Apparel,1,1453.78,1453.78
TXN110459,2024-11-21,CUST0454,North,Beauty,1,3777.8,3777.8
TXN105586,2024-11-21,CUST0474,North,Electronics,1,7785.69,7785.69
TXN106310,2024-11-21,CUST0710,West,Grocery,1,772.44,772.44
TXN100836,2024-11-21,CUST0309,West,Electronics,1,37282.63,37282.63
TXN107129,2024-11-21,CUST0232,East,Electronics,1,18813.27,18813.27
TXN101346,2024-11-21,CUST0413,North,Apparel,1,4343.39,4343.39
TXN109574,2024-11-21,CUST0756,North,Apparel,1,818.58,818.58
TXN104102,2024-11-21,CUST0454,North,Grocery,1,1058.79,1058.79
TXN102651,2024-11-21,CUST0053,North,Home & Living,1,14066.74,14066.74
TXN100794,2024-11-21,CUST0717,East,Apparel,1,1886.95,1886.95
TXN108989,2024-11-21,CUST0117,South,Grocery,1,607.24,607.24
TXN113407,2024-11-21,CUST0454,North,Apparel,1,2152.98,2152.98
TXN108689,2024-11-21,CUST0120,North,Grocery,1,660.58,660.58
TXN103034,2024-11-21,CUST0116,South,Beauty,1,5022.69,5022.69
TXN110520,2024-11-21,CUST0275,Central,Apparel,1,417.01,417.01
TXN110363,2024-11-21,CUST0164,South,Home & Living,2,538.69,1077.37
TXN106339,2024-11-21,CUST0387,West,Beauty,1,161.45,161.45
TXN111585,2024-11-21,CUST0680,South,Apparel,1,518.69,518.69
TXN104757,2024-11-21,CUST0373,East,Home & Living,1,2743.81,2743.81
TXN101269,2024-11-21,CUST0279,North,Beauty,1,2023.56,2023.56
TXN101258,2024-11-21,CUST0034,North,Apparel,1,7551.04,7551.04
TXN105237,2024-11-21,CUST0490,North,Home & Living,1,10644.59,10644.59
TXN106847,2024-11-21,CUST0687,South,Electronics,1,18520.87,18520.87
TXN102679,2024-11-21,CUST0314,East,Grocery,1,984.4,984.4
TXN110600,2024-11-21,CUST0252,East,Electronics,1,11314.12,11314.12
TXN113674,2024-11-22,CUST0300,South,Electronics,1,23074.01,23074.01
TXN109740,2024-11-22,CUST0322,Central,Grocery,3,792.26,2376.78
TXN112551,2024-11-22,CUST0704,South,Electronics,1,17004.87,17004.87
TXN107990,2024-11-22,CUST0412,South,Apparel,1,6040.64,6040.64
TXN114907,2024-11-22,CUST0277,South,Apparel,1,1431.94,1431.94
TXN104610,2024-11-22,CUST0402,North,Apparel,1,4399.83,4399.83
TXN105987,2024-11-22,CUST0574,South,Beauty,1,2681.16,2681.16
TXN100922,2024-11-22,CUST0243,South,Apparel,2,1590.99,3181.98
TXN110845,2024-11-22,CUST0004,East,Apparel,1,2503.87,2503.87
TXN103831,2024-11-22,CUST0074,South,Apparel,1,4239.73,4239.73
TXN107192,2024-11-22,CUST0119,West,Home & Living,2,2387.73,4775.47
TXN103954,2024-11-22,CUST0671,East,Beauty,1,1076.15,1076.15
TXN100528,2024-11-22,CUST0711,West,Apparel,1,4472.48,4472.48
TXN105679,2024-11-22,CUST0484,North,Grocery,1,1156.0,1156.0
TXN111367,2024-11-22,CUST0574,South,Apparel,2,4493.83,8987.66
TXN103493,2024-11-22,CUST0102,North,Electronics,1,10589.75,10589.75
TXN102281,2024-11-22,CUST0574,South,Electronics,3,10676.67,32030.01
TXN114616,2024-11-22,CUST0113,East,Grocery,1,232.06,232.06
TXN108219,2024-11-22,CUST0279,North,Home & Living,1,1046.9,1046.9
TXN111534,2024-11-22,CUST0514,West,Electronics,2,31908.68,63817.37
TXN109731,2024-11-22,CUST0118,Central,Home & Living,1,2423.77,2423.77
TXN102448,2024-11-22,CUST0682,North,Grocery,1,148.13,148.13
TXN108527,2024-11-22,CUST0679,West,Grocery,1,1975.67,1975.67
TXN105567,2024-11-22,CUST0373,East,Apparel,1,961.62,961.62
TXN111706,2024-11-22,CUST0438,South,Grocery,1,357.2,357.2
TXN109410,2024-11-22,CUST0413,North,Home & Living,2,1348.94,2697.87
TXN107337,2024-11-22,CUST0718,Central,Electronics,1,16404.0,16404.0
TXN107391,2024-11-22,CUST0172,Central,Apparel,1,764.23,764.23
TXN111442,2024-11-22,CUST0767,East,Apparel,1,807.69,807.69
TXN109830,2024-11-22,CUST0161,North,Grocery,1,762.74,762.74
TXN111885,2024-11-22,CUST0797,North,Home & Living,1,1182.83,1182.83
TXN101660,2024-11-22,CUST0173,West,Apparel,2,1693.98,3387.96
TXN103093,2024-11-22,CUST0419,East,Electronics,1,44455.83,44455.83
TXN100586,2024-11-22,CUST0702,South,Home & Living,1,484.53,484.53
TXN114239,2024-11-22,CUST0718,Central,Beauty,1,415.9,415.9
TXN103915,2024-11-22,CUST0615,East,Home & Living,1,8200.48,8200.48
TXN100675,2024-11-22,CUST0479,North,Beauty,1,478.83,478.83
TXN111323,2024-11-22,CUST0756,North,Home & Living,1,7211.18,7211.18
TXN102447,2024-11-22,CUST0454,North,Home & Living,2,2691.04,5382.07
TXN104829,2024-11-23,CUST0474,North,Grocery,1,1440.68,1440.68
TXN101532,2024-11-23,CUST0751,Central,Apparel,1,2810.5,2810.5
TXN103087,2024-11-23,CUST0009,South,Apparel,1,1591.0,1591.0
TXN114056,2024-11-23,CUST0317,North,Apparel,1,2033.94,2033.94
TXN107642,2024-11-23,CUST0545,West,Electronics,1,9227.38,9227.38
TXN100950,2024-11-23,CUST0275,Central,Grocery,1,95.34,95.34
TXN111161,2024-11-23,CUST0492,North,Home & Living,1,1544.61,1544.61
TXN109512,2024-11-23,CUST0029,West,Apparel,2,1871.35,3742.69
TXN109404,2024-11-23,CUST0046,South,Electronics,1,41561.39,41561.39
TXN113229,2024-11-23,CUST0642,North,Apparel,1,743.06,743.06
TXN102342,2024-11-23,CUST0070,Central,Home & Living,2,5517.96,11035.92
TXN112624,2024-11-23,CUST0420,North,Home & Living,1,3400.76,3400.76
TXN114292,2024-11-23,CUST0685,South,Electronics,1,36403.61,36403.61
TXN107808,2024-11-23,CUST0167,West,Electronics,1,14135.46,14135.46
TXN106721,2024-11-23,CUST0544,West,Grocery,1,935.41,935.41
TXN110919,2024-11-23,CUST0482,West,Beauty,1,1214.37,1214.37
TXN106433,2024-11-23,CUST0092,West,Grocery,1,1006.49,1006.49
TXN109645,2024-11-23,CUST0613,North,Home & Living,3,4090.15,12270.45
TXN114705,2024-11-23,CUST0474,North,Apparel,1,7069.1,7069.1
TXN102468,2024-11-23,CUST0530,South,Electronics,1,19033.8,19033.8
TXN106487,2024-11-23,CUST0573,West,Apparel,2,1544.05,3088.11
TXN114921,2024-11-23,CUST0624,North,Grocery,3,425.31,1275.94
TXN106313,2024-11-23,CUST0044,Central,Apparel,2,3044.58,6089.16
TXN110896,2024-11-23,CUST0516,East,Grocery,1,805.35,805.35
TXN101909,2024-11-23,CUST0053,North,Home & Living,1,2537.14,2537.14
TXN102364,2024-11-23,CUST0009,South,Beauty,1,545.1,545.1
TXN105795,2024-11-23,CUST0053,North,Beauty,1,4679.98,4679.98
TXN107723,2024-11-23,CUST0351,West,Grocery,1,480.52,480.52
TXN104699,2024-11-23,CUST0249,West,Electronics,2,14001.98,28003.97
TXN111580,2024-11-23,CUST0078,East,Beauty,2,1448.9,2897.81
TXN102330,2024-11-23,CUST0755,North,Apparel,1,413.36,413.36
TXN104520,2024-11-23,CUST0046,South,Electronics,1,42561.22,42561.22
TXN108643,2024-11-23,CUST0255,Central,Home & Living,1,3687.55,3687.55
TXN112438,2024-11-23,CUST0421,Central,Grocery,1,808.46,808.46
TXN106641,2024-11-23,CUST0532,West,Grocery,1,1601.18,1601.18
TXN113042,2024-11-23,CUST0595,South,Electronics,1,23813.43,23813.43
TXN109177,2024-11-23,CUST0587,West,Electronics,1,10317.45,10317.45
TXN101140,2024-11-23,CUST0290,North,Home & Living,1,5458.18,5458.18
TXN112798,2024-11-23,CUST0614,North,Apparel,2,1985.92,3971.84
TXN109902,2024-11-23,CUST0532,West,Home & Living,1,7373.27,7373.27
TXN109523,2024-11-24,CUST0502,Central,Beauty,1,1554.35,1554.35
TXN101458,2024-11-24,CUST0063,East,Electronics,1,21477.34,21477.34
TXN108560,2024-11-24,CUST0446,East,Home & Living,1,13842.13,13842.13
TXN106797,2024-11-24,CUST0367,West,Home & Living,1,11978.52,11978.52
TXN102922,2024-11-24,CUST0718,Central,Home & Living,1,11479.99,11479.99
TXN107685,2024-11-24,CUST0575,North,Apparel,3,1539.8,4619.39
TXN113006,2024-11-24,CUST0616,Central,Electronics,2,51128.54,102257.09
TXN112387,2024-11-24,CUST0231,North,Grocery,1,510.72,510.72
TXN112941,2024-11-24,CUST0478,Central,Beauty,1,2302.58,2302.58
TXN106192,2024-11-24,CUST0351,West,Home & Living,2,2399.72,4799.43
TXN108030,2024-11-24,CUST0134,East,Apparel,1,2764.53,2764.53
TXN103479,2024-11-24,CUST0351,West,Electronics,1,11339.12,11339.12
TXN108163,2024-11-24,CUST0761,South,Grocery,1,803.84,803.84
TXN113980,2024-11-24,CUST0758,South,Beauty,1,941.38,941.38
TXN104578,2024-11-24,CUST0166,South,Home & Living,1,7049.65,7049.65
TXN105732,2024-11-24,CUST0758,South,Home & Living,1,2509.37,2509.37
TXN106248,2024-11-24,CUST0102,North,Grocery,1,93.73,93.73
TXN107709,2024-11-24,CUST0278,East,Electronics,1,13713.01,13713.01
TXN108811,2024-11-24,CUST0622,East,Beauty,3,2074.75,6224.26
TXN105199,2024-11-24,CUST0424,Central,Electronics,1,11066.55,11066.55
TXN114388,2024-11-24,CUST0582,South,Apparel,1,2915.73,2915.73
TXN106736,2024-11-24,CUST0757,East,Apparel,1,1577.72,1577.72
TXN103140,2024-11-24,CUST0562,North,Home & Living,1,5309.96,5309.96
TXN111967,2024-11-24,CUST0370,South,Apparel,1,528.11,528.11
TXN109362,2024-11-25,CUST0395,North,Grocery,1,413.91,413.91
TXN103358,2024-11-25,CUST0155,South,Apparel,2,1267.79,2535.57
TXN108772,2024-11-25,CUST0406,West,Apparel,1,7077.93,7077.93
TXN105392,2024-11-25,CUST0198,North,Home & Living,1,14183.33,14183.33
TXN112696,2024-11-25,CUST0649,Central,Apparel,1,3487.69,3487.69
TXN109967,2024-11-25,CUST0402,North,Apparel,1,1668.36,1668.36
TXN106820,2024-11-25,CUST0462,West,Grocery,1,1049.14,1049.14
TXN103477,2024-11-25,CUST0196,North,Apparel,1,1466.3,1466.3
TXN114607,2024-11-25,CUST0237,South,Grocery,1,323.86,323.86
TXN112293,2024-11-25,CUST0749,North,Grocery,1,398.6,398.6
TXN106581,2024-11-25,CUST0127,North,Home & Living,1,2529.38,2529.38
TXN103468,2024-11-25,CUST0742,North,Beauty,2,576.94,1153.88
TXN113574,2024-11-25,CUST0766,South,Beauty,1,1770.92,1770.92
TXN101671,2024-11-25,CUST0008,Central,Apparel,1,3100.17,3100.17
TXN103030,2024-11-25,CUST0103,North,Electronics,1,2340.09,2340.09
TXN105476,2024-11-25,CUST0463,South,Beauty,1,550.25,550.25
TXN111077,2024-11-25,CUST0602,North,Grocery,1,286.55,286.55
TXN104697,2024-11-25,CUST0070,Central,Home & Living,2,6511.14,13022.27
TXN113210,2024-11-25,CUST0208,West,Apparel,1,2308.01,2308.01
TXN108595,2024-11-25,CUST0749,North,Grocery,1,400.81,400.81
TXN101153,2024-11-25,CUST0273,North,Home & Living,1,2755.6,2755.6
TXN110876,2024-11-25,CUST0179,South,Home & Living,1,8420.32,8420.32
TXN102788,2024-11-25,CUST0082,East,Grocery,2,322.49,644.98
TXN105681,2024-11-25,CUST0047,North,Electronics,1,3117.46,3117.46
TXN112082,2024-11-25,CUST0677,West,Grocery,1,269.25,269.25
TXN103410,2024-11-25,CUST0140,East,Grocery,2,2157.43,4314.86
TXN113698,2024-11-25,CUST0497,North,Grocery,2,575.86,1151.72
TXN101104,2024-11-26,CUST0611,North,Home & Living,1,3931.84,3931.84
TXN108816,2024-11-26,CUST0545,West,Apparel,1,634.84,634.84
TXN106834,2024-11-26,CUST0773,West,Apparel,1,1793.3,1793.3
TXN107689,2024-11-26,CUST0185,West,Apparel,1,1224.39,1224.39
TXN112614,2024-11-26,CUST0313,North,Home & Living,1,1628.08,1628.08
TXN111026,2024-11-26,CUST0282,North,Grocery,2,753.63,1507.25
TXN110252,2024-11-26,CUST0710,West,Home & Living,1,6154.52,6154.52
TXN102680,2024-11-26,CUST0137,North,Grocery,1,56.77,56.77
TXN105490,2024-11-26,CUST0076,North,Home & Living,2,849.11,1698.22
TXN103155,2024-11-26,CUST0696,East,Apparel,1,1830.45,1830.45
TXN100178,2024-11-26,CUST0208,West,Apparel,1,779.81,779.81
TXN103797,2024-11-26,CUST0373,East,Home & Living,1,2750.53,2750.53
TXN114982,2024-11-26,CUST0523,West,Apparel,1,5560.01,5560.01
TXN109108,2024-11-26,CUST0521,North,Apparel,1,2983.1,2983.1
TXN112018,2024-11-26,CUST0013,North,Apparel,1,545.4,545.4
TXN103771,2024-11-26,CUST0274,North,Home & Living,1,3198.56,3198.56
TXN111079,2024-11-26,CUST0200,South,Home & Living,1,5627.02,5627.02
TXN105240,2024-11-26,CUST0736,North,Apparel,1,4875.98,4875.98
TXN101508,2024-11-26,CUST0473,West,Apparel,1,2966.08,2966.08
TXN114083,2024-11-26,CUST0597,South,Electronics,2,31385.48,62770.95
TXN108195,2024-11-26,CUST0463,South,Grocery,2,173.16,346.32
TXN109117,2024-11-26,CUST0163,North,Apparel,1,1875.41,1875.41
TXN111860,2024-11-26,CUST0786,North,Home & Living,2,1516.19,3032.37
TXN105630,2024-11-26,CUST0008,Central,Apparel,1,980.63,980.63
TXN111326,2024-11-26,CUST0360,North,Electronics,1,8375.84,8375.84
TXN110457,2024-11-26,CUST0359,West,Apparel,1,3015.68,3015.68
TXN113305,2024-11-26,CUST0646,North,Grocery,2,2105.38,4210.75
TXN109205,2024-11-26,CUST0074,South,Apparel,1,1864.4,1864.4
TXN111214,2024-11-26,CUST0002,North,Apparel,1,6452.29,6452.29
TXN103809,2024-11-26,CUST0423,South,Electronics,1,26374.94,26374.94
TXN105532,2024-11-26,CUST0528,West,Home & Living,1,3184.77,3184.77
TXN101279,2024-11-27,CUST0155,South,Home & Living,2,13323.37,26646.74
TXN105189,2024-11-27,CUST0445,West,Grocery,1,488.95,488.95
TXN102898,2024-11-27,CUST0214,North,Apparel,1,534.43,534.43
TXN105851,2024-11-27,CUST0359,West,Apparel,2,5117.0,10234.0
TXN113959,2024-11-27,CUST0730,East,Electronics,1,22940.77,22940.77
TXN108797,2024-11-27,CUST0510,West,Electronics,1,7897.68,7897.68
TXN106729,2024-11-27,CUST0379,West,Beauty,1,1010.13,1010.13
TXN112552,2024-11-27,CUST0329,South,Home & Living,2,580.1,1160.19
TXN100602,2024-11-27,CUST0345,North,Electronics,2,30653.32,61306.64
TXN113960,2024-11-27,CUST0424,Central,Apparel,1,2668.01,2668.01
TXN109289,2024-11-27,CUST0068,North,Home & Living,1,5740.49,5740.49
TXN103932,2024-11-27,CUST0541,North,Apparel,1,5261.26,5261.26
TXN105421,2024-11-27,CUST0653,West,Beauty,2,162.74,325.47
TXN109320,2024-11-27,CUST0561,Central,Beauty,2,1786.91,3573.83
TXN113543,2024-11-27,CUST0339,South,Apparel,1,3146.05,3146.05
TXN109997,2024-11-27,CUST0113,East,Electronics,2,39246.15,78492.3
TXN112895,2024-11-27,CUST0314,East,Beauty,1,287.34,287.34
TXN102418,2024-11-27,CUST0242,West,Home & Living,1,8306.17,8306.17
TXN111838,2024-11-27,CUST0685,South,Home & Living,1,7272.63,7272.63
TXN102947,2024-11-27,CUST0512,Central,Home & Living,2,4803.42,9606.85
TXN106689,2024-11-27,CUST0412,South,Home & Living,2,6753.72,13507.45
TXN112331,2024-11-27,CUST0719,North,Grocery,1,473.72,473.72
TXN108425,2024-11-27,CUST0127,North,Grocery,1,437.62,437.62
TXN103470,2024-11-27,CUST0446,East,Apparel,1,6868.23,6868.23
TXN110064,2024-11-27,CUST0619,South,Grocery,1,878.86,878.86
TXN110105,2024-11-27,CUST0504,East,Home & Living,3,2942.95,8828.86
TXN106145,2024-11-27,CUST0479,North,Apparel,1,970.81,970.81
TXN109392,2024-11-27,CUST0681,West,Beauty,2,2639.72,5279.44
TXN101704,2024-11-27,CUST0184,North,Apparel,1,1595.79,1595.79
TXN109370,2024-11-27,CUST0314,East,Grocery,1,1954.89,1954.89
TXN110968,2024-11-27,CUST0469,East,Apparel,2,1565.72,3131.44
TXN104502,2024-11-27,CUST0256,South,Electronics,1,3920.9,3920.9
TXN102608,2024-11-28,CUST0071,South,Home & Living,1,1927.63,1927.63
TXN105381,2024-11-28,CUST0433,North,Home & Living,1,4693.44,4693.44
TXN109725,2024-11-28,CUST0250,North,Home & Living,1,4134.08,4134.08
TXN108785,2024-11-28,CUST0162,East,Electronics,1,25698.22,25698.22
TXN111267,2024-11-28,CUST0151,East,Electronics,1,36522.12,36522.12
TXN107239,2024-11-28,CUST0044,Central,Electronics,2,69826.04,139652.09
TXN101008,2024-11-28,CUST0553,South,Home & Living,1,1405.81,1405.81
TXN100866,2024-11-28,CUST0317,North,Apparel,1,642.68,642.68
TXN114653,2024-11-28,CUST0195,South,Electronics,1,2304.99,2304.99
TXN113026,2024-11-28,CUST0265,South,Home & Living,2,3458.87,6917.74
TXN108057,2024-11-28,CUST0163,North,Electronics,1,39078.72,39078.72
TXN114688,2024-11-28,CUST0034,North,Apparel,1,3189.2,3189.2
TXN105900,2024-11-28,CUST0439,Central,Apparel,1,3587.18,3587.18
TXN103496,2024-11-28,CUST0678,West,Apparel,2,3134.11,6268.21
TXN106620,2024-11-28,CUST0702,South,Home & Living,1,3213.7,3213.7
TXN114489,2024-11-28,CUST0760,Central,Apparel,1,3053.85,3053.85
TXN105246,2024-11-28,CUST0337,West,Home & Living,2,735.47,1470.95
TXN108862,2024-11-28,CUST0785,Central,Electronics,1,25277.25,25277.25
TXN108901,2024-11-28,CUST0024,South,Beauty,1,1272.42,1272.42
TXN103688,2024-11-28,CUST0082,East,Apparel,1,4046.2,4046.2
TXN103804,2024-11-28,CUST0274,North,Home & Living,1,11279.66,11279.66
TXN113771,2024-11-28,CUST0497,North,Beauty,1,2444.27,2444.27
TXN110118,2024-11-28,CUST0205,West,Electronics,2,4282.23,8564.46
TXN114722,2024-11-28,CUST0770,South,Grocery,1,1141.9,1141.9
TXN110420,2024-11-28,CUST0323,West,Electronics,1,8902.93,8902.93
TXN108105,2024-11-28,CUST0143,East,Grocery,1,152.82,152.82
TXN107433,2024-11-28,CUST0669,West,Apparel,1,2610.81,2610.81
TXN109683,2024-11-28,CUST0007,Central,Apparel,1,1775.28,1775.28
TXN112023,2024-11-29,CUST0480,South,Home & Living,2,4347.67,8695.33
TXN103758,2024-11-29,CUST0684,North,Apparel,1,2129.09,2129.09
TXN114530,2024-11-29,CUST0584,North,Grocery,2,760.27,1520.55
TXN108729,2024-11-29,CUST0703,North,Apparel,1,341.64,341.64
TXN104516,2024-11-29,CUST0519,North,Home & Living,1,14026.51,14026.51
TXN112337,2024-11-29,CUST0602,North,Apparel,2,3132.56,6265.12
TXN103625,2024-11-29,CUST0051,North,Apparel,1,1013.68,1013.68
TXN100022,2024-11-29,CUST0452,South,Home & Living,1,7655.87,7655.87
TXN109085,2024-11-29,CUST0242,West,Apparel,1,7770.36,7770.36
TXN102203,2024-11-29,CUST0791,West,Apparel,1,2726.75,2726.75
TXN108863,2024-11-29,CUST0733,West,Grocery,3,1055.44,3166.31
TXN109033,2024-11-29,CUST0293,East,Beauty,1,1241.71,1241.71
TXN106822,2024-11-29,CUST0192,West,Home & Living,1,6863.06,6863.06
TXN100075,2024-11-29,CUST0246,East,Home & Living,1,11512.4,11512.4
TXN101016,2024-11-29,CUST0284,West,Grocery,1,114.18,114.18
TXN114796,2024-11-29,CUST0374,North,Electronics,2,34764.47,69528.94
TXN101516,2024-11-29,CUST0578,East,Beauty,1,1635.99,1635.99
TXN103934,2024-11-29,CUST0138,Central,Beauty,1,2563.66,2563.66
TXN109327,2024-11-29,CUST0342,South,Electronics,1,29467.07,29467.07
TXN112842,2024-11-29,CUST0121,West,Electronics,1,34171.69,34171.69
TXN109961,2024-11-29,CUST0206,East,Grocery,1,165.81,165.81
TXN109792,2024-11-29,CUST0513,East,Beauty,1,2566.76,2566.76
TXN102815,2024-11-29,CUST0397,Central,Beauty,1,894.05,894.05
TXN108740,2024-11-29,CUST0108,South,Apparel,1,1783.15,1783.15
TXN113100,2024-11-29,CUST0798,North,Apparel,2,732.23,1464.46
TXN111742,2024-11-29,CUST0248,North,Beauty,3,2607.76,7823.29
TXN110648,2024-11-29,CUST0178,North,Grocery,1,755.78,755.78
TXN110179,2024-11-29,CUST0532,West,Grocery,1,1117.47,1117.47
TXN100849,2024-11-29,CUST0271,South,Grocery,1,1158.53,1158.53
TXN107267,2024-11-29,CUST0454,North,Home & Living,1,2360.6,2360.6
TXN114434,2024-11-29,CUST0589,Central,Apparel,1,1796.72,1796.72
TXN100669,2024-11-29,CUST0413,North,Grocery,1,570.16,570.16
TXN101457,2024-11-30,CUST0064,South,Beauty,2,835.88,1671.76
TXN114078,2024-11-30,CUST0736,North,Electronics,1,19384.44,19384.44
TXN111181,2024-11-30,CUST0721,North,Home & Living,1,8309.86,8309.86
TXN100576,2024-11-30,CUST0229,South,Home & Living,1,8441.99,8441.99
TXN106705,2024-11-30,CUST0170,South,Apparel,1,1642.25,1642.25
TXN114122,2024-11-30,CUST0608,West,Apparel,1,2088.49,2088.49
TXN108874,2024-11-30,CUST0559,North,Home & Living,2,4982.55,9965.1
TXN112200,2024-11-30,CUST0720,Central,Electronics,1,23692.8,23692.8
TXN112508,2024-11-30,CUST0653,West,Electronics,1,4520.82,4520.82
TXN111358,2024-11-30,CUST0271,South,Beauty,1,1005.6,1005.6
TXN109818,2024-11-30,CUST0595,South,Apparel,1,2828.57,2828.57
TXN107957,2024-11-30,CUST0409,North,Apparel,1,1802.92,1802.92
TXN111361,2024-11-30,CUST0026,Central,Apparel,1,927.25,927.25
TXN101840,2024-11-30,CUST0271,South,Home & Living,2,5859.52,11719.05
TXN103453,2024-11-30,CUST0071,South,Apparel,2,854.9,1709.8
TXN111804,2024-11-30,CUST0219,Central,Electronics,1,33282.02,33282.02
TXN112492,2024-11-30,CUST0341,West,Grocery,1,585.36,585.36
TXN111520,2024-11-30,CUST0515,South,Apparel,1,2961.55,2961.55
TXN105492,2024-11-30,CUST0538,West,Grocery,1,168.34,168.34
TXN105894,2024-11-30,CUST0689,South,Electronics,1,20678.51,20678.51
TXN112850,2024-11-30,CUST0716,North,Grocery,2,798.77,1597.54
TXN108633,2024-11-30,CUST0386,Central,Home & Living,1,2126.93,2126.93
TXN111832,2024-11-30,CUST0239,North,Grocery,1,848.43,848.43
TXN103386,2024-11-30,CUST0572,North,Apparel,1,3399.08,3399.08
TXN100324,2024-11-30,CUST0631,South,Grocery,1,482.25,482.25
TXN109775,2024-11-30,CUST0367,West,Apparel,1,1221.9,1221.9
TXN104962,2024-11-30,CUST0155,South,Electronics,1,61531.76,61531.76
TXN106927,2024-11-30,CUST0618,North,Electronics,1,6463.35,6463.35
TXN114008,2024-11-30,CUST0533,North,Beauty,1,4498.34,4498.34
TXN111866,2024-11-30,CUST0428,North,Home & Living,1,3997.49,3997.49
TXN113370,2024-11-30,CUST0800,Central,Electronics,1,30705.39,30705.39
TXN112827,2024-11-30,CUST0035,South,Apparel,1,5255.96,5255.96
TXN112429,2024-12-01,CUST0085,West,Apparel,2,691.93,1383.86
TXN105458,2024-12-01,CUST0723,South,Beauty,1,517.52,517.52
TXN103465,2024-12-01,CUST0034,North,Grocery,1,1683.5,1683.5
TXN101307,2024-12-01,CUST0189,North,Apparel,1,2716.61,2716.61
TXN101348,2024-12-01,CUST0294,East,Grocery,1,253.58,253.58
TXN114435,2024-12-01,CUST0442,West,Apparel,1,1414.73,1414.73
TXN100570,2024-12-01,CUST0536,East,Beauty,1,674.32,674.32
TXN100285,2024-12-01,CUST0377,West,Electronics,2,35691.74,71383.48
TXN112442,2024-12-01,CUST0499,East,Electronics,1,74806.76,74806.76
TXN100512,2024-12-01,CUST0155,South,Apparel,1,5547.0,5547.0
TXN110203,2024-12-01,CUST0797,North,Home & Living,1,10876.69,10876.69
TXN114629,2024-12-01,CUST0659,North,Grocery,1,174.0,174.0
TXN101234,2024-12-01,CUST0321,Central,Home & Living,1,5231.22,5231.22
TXN111715,2024-12-01,CUST0088,North,Beauty,1,2025.61,2025.61
TXN100652,2024-12-01,CUST0525,Central,Home & Living,3,3165.25,9495.76
TXN108808,2024-12-01,CUST0486,East,Electronics,2,10350.83,20701.66
TXN108075,2024-12-01,CUST0467,South,Electronics,1,26176.99,26176.99
TXN109540,2024-12-01,CUST0607,West,Apparel,1,846.13,846.13
TXN105361,2024-12-01,CUST0323,West,Home & Living,1,1929.01,1929.01
TXN103105,2024-12-01,CUST0344,East,Grocery,1,712.6,712.6
TXN100156,2024-12-01,CUST0771,East,Apparel,1,2184.29,2184.29
TXN102202,2024-12-01,CUST0655,North,Beauty,1,1062.07,1062.07
TXN107075,2024-12-01,CUST0259,South,Electronics,2,41161.05,82322.1
TXN108893,2024-12-01,CUST0116,South,Apparel,1,1832.54,1832.54
TXN103075,2024-12-01,CUST0716,North,Electronics,1,32551.05,32551.05
TXN103805,2024-12-01,CUST0720,Central,Beauty,1,2851.69,2851.69
TXN106084,2024-12-01,CUST0078,East,Electronics,1,22019.02,22019.02
TXN103904,2024-12-01,CUST0249,West,Electronics,1,39702.66,39702.66
TXN112796,2024-12-01,CUST0746,South,Electronics,1,58502.25,58502.25
TXN107396,2024-12-01,CUST0140,East,Grocery,2,101.56,203.11
TXN112045,2024-12-01,CUST0488,South,Electronics,1,22663.05,22663.05
TXN112767,2024-12-01,CUST0610,West,Apparel,1,737.93,737.93
TXN107440,2024-12-01,CUST0121,West,Electronics,3,13763.21,41289.62
TXN104869,2024-12-01,CUST0606,South,Grocery,1,41.62,41.62
TXN111542,2024-12-01,CUST0306,North,Home & Living,2,12951.4,25902.81
TXN113052,2024-12-01,CUST0297,North,Electronics,1,40582.61,40582.61
TXN103186,2024-12-01,CUST0706,South,Apparel,1,1264.9,1264.9
TXN110292,2024-12-01,CUST0106,Central,Home & Living,1,2534.1,2534.1
TXN108019,2024-12-01,CUST0159,North,Apparel,1,3054.84,3054.84
TXN106318,2024-12-01,CUST0096,North,Electronics,1,19940.54,19940.54
TXN104262,2024-12-02,CUST0006,West,Apparel,1,2102.15,2102.15
TXN102845,2024-12-02,CUST0787,West,Beauty,1,763.02,763.02
TXN112671,2024-12-02,CUST0345,North,Grocery,1,749.36,749.36
TXN110790,2024-12-02,CUST0534,Central,Grocery,2,494.06,988.13
TXN101368,2024-12-02,CUST0760,Central,Electronics,1,19597.25,19597.25
TXN101237,2024-12-02,CUST0039,East,Electronics,1,16735.83,16735.83
TXN107662,2024-12-02,CUST0537,North,Apparel,1,1013.79,1013.79
TXN112889,2024-12-02,CUST0262,Central,Home & Living,1,11514.61,11514.61
TXN111619,2024-12-02,CUST0284,West,Grocery,1,571.18,571.18
TXN106408,2024-12-02,CUST0541,North,Beauty,1,4865.69,4865.69
TXN105443,2024-12-02,CUST0125,South,Grocery,1,84.74,84.74
TXN102259,2024-12-02,CUST0670,West,Electronics,1,23543.79,23543.79
TXN102356,2024-12-02,CUST0746,South,Grocery,1,390.83,390.83
TXN102162,2024-12-02,CUST0428,North,Beauty,1,3383.0,3383.0
TXN111525,2024-12-02,CUST0020,South,Grocery,1,488.16,488.16
TXN101223,2024-12-02,CUST0186,South,Home & Living,1,4331.93,4331.93
TXN107405,2024-12-02,CUST0270,South,Grocery,1,186.9,186.9
TXN106553,2024-12-02,CUST0759,West,Electronics,1,53119.33,53119.33
TXN101182,2024-12-02,CUST0790,West,Beauty,1,4098.24,4098.24
TXN102997,2024-12-02,CUST0193,North,Apparel,1,2874.91,2874.91
TXN102604,2024-12-02,CUST0091,West,Home & Living,1,1950.03,1950.03
TXN113422,2024-12-02,CUST0070,Central,Beauty,2,3460.02,6920.04
TXN102474,2024-12-02,CUST0534,Central,Beauty,1,2806.95,2806.95
TXN107526,2024-12-02,CUST0337,West,Apparel,1,3665.38,3665.38
TXN104977,2024-12-02,CUST0222,South,Electronics,1,4661.4,4661.4
TXN112121,2024-12-02,CUST0586,South,Electronics,3,26458.65,79375.95
TXN105201,2024-12-02,CUST0093,West,Beauty,1,309.91,309.91
TXN107592,2024-12-02,CUST0752,East,Apparel,1,7066.53,7066.53
TXN107191,2024-12-02,CUST0051,North,Grocery,1,1833.75,1833.75
TXN105877,2024-12-02,CUST0010,North,Apparel,1,4057.29,4057.29
TXN107291,2024-12-02,CUST0667,Central,Grocery,2,361.78,723.57
TXN113778,2024-12-02,CUST0664,East,Apparel,2,2881.82,5763.64
TXN108461,2024-12-02,CUST0034,North,Electronics,1,18994.39,18994.39
TXN114047,2024-12-02,CUST0657,West,Electronics,1,4107.45,4107.45
TXN107721,2024-12-02,CUST0713,Central,Grocery,1,348.67,348.67
TXN109786,2024-12-02,CUST0039,East,Apparel,1,1938.96,1938.96
TXN109760,2024-12-02,CUST0610,West,Apparel,1,3557.45,3557.45
TXN106893,2024-12-02,CUST0755,North,Apparel,1,1850.54,1850.54
TXN104399,2024-12-02,CUST0123,Central,Grocery,1,438.97,438.97
TXN102388,2024-12-02,CUST0267,North,Grocery,1,832.0,832.0
TXN110150,2024-12-02,CUST0430,South,Apparel,1,485.57,485.57
TXN110303,2024-12-02,CUST0338,South,Electronics,3,10690.81,32072.44
TXN112934,2024-12-03,CUST0615,East,Apparel,1,3065.9,3065.9
TXN113663,2024-12-03,CUST0381,Central,Apparel,1,1136.09,1136.09
TXN114462,2024-12-03,CUST0105,South,Grocery,1,1694.56,1694.56
TXN113601,2024-12-03,CUST0420,North,Apparel,1,1991.82,1991.82
TXN101531,2024-12-03,CUST0660,East,Apparel,1,3874.58,3874.58
TXN103774,2024-12-03,CUST0394,East,Home & Living,1,2072.92,2072.92
TXN101733,2024-12-03,CUST0163,North,Electronics,1,6060.19,6060.19
TXN112610,2024-12-03,CUST0045,North,Grocery,2,794.41,1588.81
TXN101873,2024-12-03,CUST0547,South,Home & Living,1,1681.82,1681.82
TXN111541,2024-12-03,CUST0230,West,Electronics,1,37237.18,37237.18
TXN102189,2024-12-03,CUST0790,West,Home & Living,1,5333.78,5333.78
TXN106496,2024-12-03,CUST0070,Central,Apparel,1,5632.91,5632.91
TXN109951,2024-12-03,CUST0569,North,Apparel,1,1824.17,1824.17
TXN101135,2024-12-03,CUST0622,East,Apparel,2,2684.19,5368.38
TXN100263,2024-12-03,CUST0441,West,Electronics,1,22091.88,22091.88
TXN103900,2024-12-03,CUST0416,North,Apparel,2,1781.85,3563.7
TXN107595,2024-12-03,CUST0078,East,Beauty,1,2048.97,2048.97
TXN107230,2024-12-03,CUST0272,North,Home & Living,1,1281.07,1281.07
TXN105587,2024-12-03,CUST0305,Central,Home & Living,1,3628.32,3628.32
TXN106638,2024-12-03,CUST0499,East,Home & Living,1,10953.82,10953.82
TXN103305,2024-12-03,CUST0136,North,Grocery,1,455.29,455.29
TXN105951,2024-12-03,CUST0328,South,Electronics,3,21353.31,64059.94
TXN106626,2024-12-03,CUST0283,South,Grocery,1,669.56,669.56
TXN100277,2024-12-03,CUST0410,Central,Home & Living,1,3644.13,3644.13
TXN101555,2024-12-03,CUST0512,Central,Apparel,1,807.66,807.66
TXN107674,2024-12-03,CUST0564,East,Apparel,1,2428.77,2428.77
TXN113965,2024-12-03,CUST0193,North,Apparel,1,7397.35,7397.35
TXN107009,2024-12-03,CUST0707,East,Apparel,1,2562.93,2562.93
TXN105710,2024-12-03,CUST0778,East,Home & Living,1,4151.29,4151.29
TXN100700,2024-12-03,CUST0640,East,Grocery,1,60.76,60.76
TXN112031,2024-12-03,CUST0104,East,Apparel,1,3061.46,3061.46
TXN110631,2024-12-03,CUST0787,West,Grocery,1,693.56,693.56
TXN108226,2024-12-03,CUST0388,North,Electronics,2,26589.29,53178.58
TXN109451,2024-12-03,CUST0114,South,Apparel,1,3707.87,3707.87
TXN101552,2024-12-03,CUST0552,East,Apparel,1,3341.76,3341.76
TXN106270,2024-12-04,CUST0674,South,Home & Living,1,2936.77,2936.77
TXN106049,2024-12-04,CUST0474,North,Grocery,1,337.2,337.2
TXN105388,2024-12-04,CUST0133,Central,Home & Living,2,3487.29,6974.57
TXN108065,2024-12-04,CUST0582,South,Home & Living,1,12469.51,12469.51
TXN103273,2024-12-04,CUST0197,Central,Electronics,1,27748.07,27748.07
TXN114488,2024-12-04,CUST0509,South,Grocery,1,1886.63,1886.63
TXN104698,2024-12-04,CUST0569,North,Apparel,2,2988.42,5976.85
TXN109803,2024-12-04,CUST0343,East,Apparel,1,1601.7,1601.7
TXN113410,2024-12-04,CUST0055,North,Beauty,1,2736.4,2736.4
TXN108910,2024-12-04,CUST0105,South,Grocery,1,1126.12,1126.12
TXN105668,2024-12-04,CUST0394,East,Home & Living,1,5540.81,5540.81
TXN105717,2024-12-04,CUST0515,South,Grocery,1,256.14,256.14
TXN111172,2024-12-04,CUST0151,East,Electronics,1,80469.06,80469.06
TXN102901,2024-12-04,CUST0413,North,Grocery,2,756.45,1512.91
TXN110237,2024-12-04,CUST0616,Central,Electronics,3,52825.3,158475.89
TXN109341,2024-12-04,CUST0520,North,Beauty,2,668.71,1337.42
TXN103344,2024-12-04,CUST0631,South,Electronics,1,36926.91,36926.91
TXN100181,2024-12-04,CUST0725,South,Grocery,1,1007.28,1007.28
TXN106325,2024-12-04,CUST0213,Central,Electronics,1,12968.46,12968.46
TXN109850,2024-12-04,CUST0146,North,Electronics,3,27534.53,82603.58
TXN106169,2024-12-04,CUST0563,East,Home & Living,2,4048.14,8096.28
TXN101362,2024-12-04,CUST0266,West,Apparel,1,663.27,663.27
TXN108888,2024-12-04,CUST0499,East,Apparel,2,5671.33,11342.65
TXN104112,2024-12-04,CUST0368,East,Apparel,1,2496.82,2496.82
TXN104308,2024-12-04,CUST0184,North,Electronics,2,35606.86,71213.73
TXN106945,2024-12-04,CUST0413,North,Apparel,2,2234.06,4468.11
TXN110928,2024-12-04,CUST0489,North,Grocery,1,1248.35,1248.35
TXN107362,2024-12-04,CUST0367,West,Apparel,2,5126.11,10252.21
TXN106417,2024-12-04,CUST0490,North,Home & Living,1,9239.29,9239.29
TXN105969,2024-12-05,CUST0034,North,Grocery,1,1077.15,1077.15
TXN108792,2024-12-05,CUST0509,South,Grocery,1,1237.7,1237.7
TXN103874,2024-12-05,CUST0008,Central,Apparel,1,1785.69,1785.69
TXN113421,2024-12-05,CUST0667,Central,Apparel,1,1245.49,1245.49
TXN114417,2024-12-05,CUST0629,East,Apparel,1,1280.04,1280.04
TXN102344,2024-12-05,CUST0086,North,Apparel,2,2663.75,5327.5
TXN104018,2024-12-05,CUST0445,West,Apparel,1,1162.55,1162.55
TXN114397,2024-12-05,CUST0561,Central,Electronics,1,3341.84,3341.84
TXN110598,2024-12-05,CUST0241,East,Apparel,2,7024.74,14049.48
TXN101947,2024-12-05,CUST0394,East,Electronics,1,8526.12,8526.12
TXN105958,2024-12-05,CUST0426,East,Electronics,1,10853.96,10853.96
TXN106983,2024-12-05,CUST0185,West,Apparel,1,668.59,668.59
TXN105285,2024-12-05,CUST0750,East,Beauty,1,1333.84,1333.84
TXN109568,2024-12-05,CUST0396,West,Home & Living,1,4038.02,4038.02
TXN103795,2024-12-05,CUST0297,North,Electronics,1,39437.51,39437.51
TXN101872,2024-12-05,CUST0486,East,Electronics,1,45699.4,45699.4
TXN109380,2024-12-05,CUST0541,North,Grocery,1,1519.51,1519.51
TXN105756,2024-12-05,CUST0792,Central,Grocery,1,786.08,786.08
TXN103133,2024-12-05,CUST0749,North,Electronics,1,75186.68,75186.68
TXN105417,2024-12-05,CUST0066,East,Electronics,1,7574.43,7574.43
TXN104460,2024-12-05,CUST0325,East,Grocery,1,362.17,362.17
TXN103460,2024-12-05,CUST0751,Central,Apparel,1,2623.24,2623.24
TXN107712,2024-12-05,CUST0554,West,Electronics,1,7802.38,7802.38
TXN104630,2024-12-05,CUST0465,North,Beauty,2,1627.9,3255.79
TXN107936,2024-12-05,CUST0502,Central,Grocery,1,75.41,75.41
TXN103123,2024-12-05,CUST0339,South,Electronics,1,15733.61,15733.61
TXN110958,2024-12-05,CUST0711,West,Home & Living,2,1721.59,3443.18
TXN102269,2024-12-05,CUST0056,North,Home & Living,1,4608.27,4608.27
TXN113328,2024-12-05,CUST0110,South,Home & Living,2,3733.97,7467.93
TXN104479,2024-12-05,CUST0281,West,Grocery,1,1423.09,1423.09
TXN110478,2024-12-05,CUST0021,West,Electronics,1,5630.43,5630.43
TXN111506,2024-12-05,CUST0311,West,Electronics,1,21492.0,21492.0
TXN113854,2024-12-06,CUST0162,East,Electronics,1,41188.78,41188.78
TXN105315,2024-12-06,CUST0144,West,Beauty,3,762.1,2286.31
TXN113892,2024-12-06,CUST0446,East,Apparel,1,2001.3,2001.3
TXN109473,2024-12-06,CUST0040,East,Apparel,1,522.85,522.85
TXN107448,2024-12-06,CUST0767,East,Beauty,1,406.23,406.23
TXN109700,2024-12-06,CUST0355,East,Electronics,1,19248.46,19248.46
TXN107743,2024-12-06,CUST0600,West,Beauty,1,1096.91,1096.91
TXN112290,2024-12-06,CUST0604,West,Electronics,3,26880.28,80640.83
TXN100838,2024-12-06,CUST0438,South,Home & Living,2,4175.27,8350.54
TXN106752,2024-12-06,CUST0684,North,Electronics,1,8109.53,8109.53
TXN106886,2024-12-06,CUST0076,North,Apparel,1,3124.17,3124.17
TXN111275,2024-12-06,CUST0357,North,Grocery,1,625.31,625.31
TXN103617,2024-12-06,CUST0582,South,Beauty,1,512.43,512.43
TXN108722,2024-12-06,CUST0768,North,Grocery,2,779.73,1559.45
TXN104954,2024-12-06,CUST0599,East,Apparel,1,2980.75,2980.75
TXN111264,2024-12-06,CUST0419,East,Apparel,2,1074.68,2149.36
TXN100746,2024-12-06,CUST0533,North,Home & Living,1,12584.7,12584.7
TXN111800,2024-12-06,CUST0796,East,Apparel,1,6052.55,6052.55
TXN107846,2024-12-06,CUST0781,North,Apparel,2,4115.0,8230.0
TXN103654,2024-12-06,CUST0692,South,Electronics,1,10561.68,10561.68
TXN107797,2024-12-06,CUST0375,East,Beauty,1,1327.35,1327.35
TXN109255,2024-12-06,CUST0447,North,Beauty,1,2395.84,2395.84
TXN100406,2024-12-06,CUST0367,West,Beauty,1,3723.65,3723.65
TXN102022,2024-12-06,CUST0184,North,Electronics,1,9462.26,9462.26
TXN102305,2024-12-06,CUST0394,East,Electronics,1,15711.66,15711.66
TXN103773,2024-12-06,CUST0619,South,Electronics,1,15948.22,15948.22
TXN113483,2024-12-06,CUST0102,North,Home & Living,1,5183.61,5183.61
TXN100206,2024-12-06,CUST0520,North,Beauty,2,530.63,1061.27
TXN105747,2024-12-06,CUST0384,Central,Grocery,1,531.24,531.24
TXN114878,2024-12-06,CUST0346,West,Electronics,1,2979.0,2979.0
TXN102852,2024-12-06,CUST0668,South,Grocery,1,352.89,352.89
TXN111052,2024-12-06,CUST0233,North,Home & Living,1,4975.71,4975.71
TXN108071,2024-12-06,CUST0545,West,Electronics,1,11661.13,11661.13
TXN114707,2024-12-06,CUST0123,Central,Apparel,2,1619.55,3239.1
TXN101378,2024-12-06,CUST0550,North,Grocery,2,449.95,899.91
TXN112462,2024-12-06,CUST0413,North,Apparel,2,5471.97,10943.95
TXN108185,2024-12-06,CUST0609,East,Electronics,1,29814.85,29814.85
TXN104532,2024-12-06,CUST0436,South,Apparel,1,1409.26,1409.26
TXN105781,2024-12-06,CUST0146,North,Home & Living,2,5425.65,10851.29
TXN101565,2024-12-06,CUST0399,West,Beauty,1,1089.21,1089.21
TXN112841,2024-12-06,CUST0347,West,Electronics,1,21533.64,21533.64
TXN108833,2024-12-07,CUST0384,Central,Apparel,1,5988.22,5988.22
TXN114109,2024-12-07,CUST0445,West,Home & Living,1,1057.33,1057.33
TXN105512,2024-12-07,CUST0328,South,Apparel,1,692.4,692.4
TXN112257,2024-12-07,CUST0706,South,Apparel,1,1237.94,1237.94
TXN100119,2024-12-07,CUST0198,North,Grocery,1,1447.09,1447.09
TXN110436,2024-12-07,CUST0197,Central,Grocery,1,581.93,581.93
TXN110788,2024-12-07,CUST0770,South,Grocery,3,556.81,1670.43
TXN107273,2024-12-07,CUST0003,East,Grocery,1,496.61,496.61
TXN101459,2024-12-07,CUST0766,South,Electronics,2,42589.23,85178.47
TXN103742,2024-12-07,CUST0076,North,Home & Living,1,2364.22,2364.22
TXN108671,2024-12-07,CUST0354,West,Grocery,1,438.23,438.23
TXN113897,2024-12-07,CUST0024,South,Grocery,1,206.01,206.01
TXN114975,2024-12-07,CUST0790,West,Electronics,1,80493.33,80493.33
TXN103859,2024-12-07,CUST0768,North,Electronics,1,40155.86,40155.86
TXN113962,2024-12-07,CUST0634,East,Apparel,1,2758.81,2758.81
TXN105319,2024-12-07,CUST0332,South,Grocery,1,1044.42,1044.42
TXN113657,2024-12-07,CUST0151,East,Electronics,1,26685.03,26685.03
TXN110099,2024-12-07,CUST0075,North,Electronics,1,41226.61,41226.61
TXN101847,2024-12-07,CUST0559,North,Home & Living,2,4074.15,8148.3
TXN107875,2024-12-07,CUST0652,East,Beauty,1,1564.31,1564.31
TXN109042,2024-12-07,CUST0387,West,Electronics,1,8325.55,8325.55
TXN105147,2024-12-07,CUST0061,West,Home & Living,1,3814.35,3814.35
TXN103379,2024-12-07,CUST0035,South,Apparel,2,1004.41,2008.83
TXN107973,2024-12-07,CUST0045,North,Apparel,2,2508.07,5016.14
TXN110568,2024-12-07,CUST0446,East,Electronics,1,39581.93,39581.93
TXN100431,2024-12-08,CUST0454,North,Grocery,1,367.07,367.07
TXN112477,2024-12-08,CUST0104,East,Home & Living,1,2673.78,2673.78
TXN107110,2024-12-08,CUST0645,West,Grocery,1,121.16,121.16
TXN103398,2024-12-08,CUST0652,East,Beauty,1,1599.87,1599.87
TXN100744,2024-12-08,CUST0757,East,Home & Living,1,2571.34,2571.34
TXN112088,2024-12-08,CUST0239,North,Grocery,2,246.97,493.93
TXN110915,2024-12-08,CUST0354,West,Grocery,2,535.58,1071.16
TXN107043,2024-12-08,CUST0218,East,Apparel,1,1378.44,1378.44
TXN107737,2024-12-08,CUST0786,North,Electronics,2,15056.95,30113.91
TXN109801,2024-12-08,CUST0368,East,Home & Living,1,3701.1,3701.1
TXN102833,2024-12-08,CUST0744,North,Home & Living,1,3524.47,3524.47
TXN110471,2024-12-08,CUST0336,North,Home & Living,1,2348.73,2348.73
TXN106878,2024-12-08,CUST0514,West,Apparel,1,1651.87,1651.87
TXN101009,2024-12-08,CUST0053,North,Home & Living,1,6641.43,6641.43
TXN110108,2024-12-08,CUST0300,South,Beauty,1,348.92,348.92
TXN102827,2024-12-08,CUST0082,East,Apparel,1,3646.81,3646.81
TXN114198,2024-12-08,CUST0113,East,Grocery,1,1657.27,1657.27
TXN107197,2024-12-08,CUST0409,North,Beauty,1,2069.81,2069.81
TXN109032,2024-12-08,CUST0184,North,Electronics,2,39963.42,79926.83
TXN102222,2024-12-08,CUST0644,South,Grocery,1,770.41,770.41
TXN113733,2024-12-08,CUST0546,South,Electronics,3,20085.08,60255.25
TXN112278,2024-12-08,CUST0529,East,Beauty,1,1118.43,1118.43
TXN111782,2024-12-08,CUST0576,West,Electronics,1,10731.05,10731.05
TXN102953,2024-12-08,CUST0716,North,Apparel,1,6178.3,6178.3
TXN112631,2024-12-08,CUST0552,East,Apparel,3,848.6,2545.81
TXN108423,2024-12-08,CUST0007,Central,Grocery,1,501.1,501.1
TXN102786,2024-12-08,CUST0771,East,Apparel,1,2436.9,2436.9
TXN109163,2024-12-08,CUST0190,West,Beauty,1,1874.37,1874.37
TXN113272,2024-12-08,CUST0308,West,Apparel,1,1627.8,1627.8
TXN110496,2024-12-08,CUST0149,West,Electronics,1,22904.98,22904.98
TXN111138,2024-12-08,CUST0745,Central,Home & Living,1,4550.44,4550.44
TXN108426,2024-12-08,CUST0735,South,Home & Living,1,5430.9,5430.9
TXN108967,2024-12-08,CUST0356,West,Electronics,1,13650.66,13650.66
TXN106653,2024-12-08,CUST0494,West,Grocery,1,109.29,109.29
TXN111420,2024-12-08,CUST0469,East,Apparel,1,335.89,335.89
TXN102836,2024-12-08,CUST0277,South,Beauty,1,2914.29,2914.29
TXN114029,2024-12-08,CUST0092,West,Apparel,1,1409.15,1409.15
TXN102527,2024-12-08,CUST0760,Central,Electronics,1,38103.03,38103.03
TXN113683,2024-12-08,CUST0367,West,Electronics,1,22109.39,22109.39
TXN102405,2024-12-08,CUST0220,North,Grocery,2,806.15,1612.31
TXN108064,2024-12-08,CUST0246,East,Apparel,1,3829.42,3829.42
TXN113661,2024-12-09,CUST0668,South,Electronics,2,17321.59,34643.18
TXN100690,2024-12-09,CUST0486,East,Electronics,2,47410.54,94821.08
TXN108735,2024-12-09,CUST0623,North,Home & Living,1,2960.83,2960.83
TXN105947,2024-12-09,CUST0205,West,Electronics,1,30104.09,30104.09
TXN107582,2024-12-09,CUST0096,North,Home & Living,1,1965.99,1965.99
TXN111100,2024-12-09,CUST0396,West,Apparel,1,3444.87,3444.87
TXN108956,2024-12-09,CUST0089,North,Electronics,1,41214.68,41214.68
TXN107831,2024-12-09,CUST0158,North,Apparel,3,3283.37,9850.11
TXN104261,2024-12-09,CUST0415,West,Home & Living,1,2883.25,2883.25
TXN105486,2024-12-09,CUST0514,West,Apparel,2,1096.76,2193.52
TXN102471,2024-12-09,CUST0532,West,Apparel,1,1465.21,1465.21
TXN113911,2024-12-09,CUST0616,Central,Home & Living,2,2715.68,5431.36
TXN109611,2024-12-09,CUST0555,South,Home & Living,1,7362.59,7362.59
TXN106177,2024-12-09,CUST0641,Central,Electronics,1,22967.46,22967.46
TXN114816,2024-12-09,CUST0778,East,Apparel,1,3867.08,3867.08
TXN109080,2024-12-09,CUST0388,North,Beauty,1,1899.03,1899.03
TXN105303,2024-12-09,CUST0509,South,Apparel,2,2660.98,5321.95
TXN100260,2024-12-09,CUST0615,East,Grocery,1,151.34,151.34
TXN102339,2024-12-09,CUST0339,South,Electronics,1,28077.35,28077.35
TXN109237,2024-12-09,CUST0717,East,Grocery,3,507.12,1521.37
TXN111680,2024-12-09,CUST0612,North,Beauty,1,1367.48,1367.48
TXN109603,2024-12-09,CUST0595,South,Electronics,1,44487.57,44487.57
TXN105477,2024-12-09,CUST0505,West,Apparel,2,2414.69,4829.39
TXN108186,2024-12-09,CUST0075,North,Electronics,1,32306.75,32306.75
TXN110161,2024-12-10,CUST0094,South,Electronics,1,3076.58,3076.58
TXN111551,2024-12-10,CUST0039,East,Electronics,1,42418.94,42418.94
TXN106210,2024-12-10,CUST0186,South,Apparel,1,736.2,736.2
TXN109517,2024-12-10,CUST0427,South,Home & Living,1,2324.27,2324.27
TXN102789,2024-12-10,CUST0039,East,Apparel,1,1182.22,1182.22
TXN105118,2024-12-10,CUST0192,West,Apparel,1,1319.51,1319.51
TXN102463,2024-12-10,CUST0205,West,Apparel,1,1322.77,1322.77
TXN101442,2024-12-10,CUST0095,East,Electronics,2,29316.86,58633.71
TXN102675,2024-12-10,CUST0469,East,Apparel,1,2943.51,2943.51
TXN106949,2024-12-10,CUST0081,North,Electronics,3,39974.03,119922.09
TXN113937,2024-12-10,CUST0514,West,Apparel,1,2076.32,2076.32
TXN104880,2024-12-10,CUST0474,North,Apparel,1,2812.58,2812.58
TXN114667,2024-12-10,CUST0468,South,Beauty,1,2229.1,2229.1
TXN101599,2024-12-10,CUST0315,East,Apparel,1,2493.94,2493.94
TXN112320,2024-12-10,CUST0144,West,Beauty,1,1298.34,1298.34
TXN100302,2024-12-10,CUST0599,East,Electronics,1,24352.78,24352.78
TXN108995,2024-12-10,CUST0547,South,Beauty,1,557.16,557.16
TXN105173,2024-12-10,CUST0139,North,Electronics,2,11641.79,23283.58
TXN103056,2024-12-10,CUST0672,West,Home & Living,1,5947.76,5947.76
TXN112413,2024-12-10,CUST0613,North,Grocery,1,1183.83,1183.83
TXN101849,2024-12-10,CUST0047,North,Beauty,1,1850.94,1850.94
TXN104133,2024-12-10,CUST0433,North,Home & Living,2,4916.34,9832.69
TXN106551,2024-12-10,CUST0660,East,Apparel,1,3278.22,3278.22
TXN114372,2024-12-10,CUST0752,East,Apparel,1,4921.62,4921.62
TXN109772,2024-12-10,CUST0634,East,Apparel,1,1153.45,1153.45
TXN104107,2024-12-10,CUST0088,North,Apparel,2,1470.42,2940.83
TXN108110,2024-12-10,CUST0157,East,Home & Living,2,5117.62,10235.23
TXN101196,2024-12-10,CUST0059,East,Apparel,1,2494.49,2494.49
TXN114790,2024-12-10,CUST0204,West,Grocery,1,889.05,889.05
TXN105910,2024-12-10,CUST0672,West,Grocery,1,1998.21,1998.21
TXN100403,2024-12-10,CUST0204,West,Apparel,1,1199.11,1199.11
TXN101061,2024-12-10,CUST0710,West,Electronics,1,24473.37,24473.37
TXN108890,2024-12-11,CUST0201,North,Grocery,1,864.34,864.34
TXN107542,2024-12-11,CUST0773,West,Apparel,1,2383.29,2383.29
TXN101691,2024-12-11,CUST0707,East,Beauty,1,1612.4,1612.4
TXN106170,2024-12-11,CUST0407,West,Electronics,1,6427.49,6427.49
TXN109605,2024-12-11,CUST0736,North,Apparel,1,8071.45,8071.45
TXN104626,2024-12-11,CUST0105,South,Grocery,1,1909.97,1909.97
TXN111012,2024-12-11,CUST0214,North,Apparel,1,2270.13,2270.13
TXN101137,2024-12-11,CUST0441,West,Electronics,1,29338.15,29338.15
TXN106260,2024-12-11,CUST0050,East,Home & Living,1,4650.86,4650.86
TXN112219,2024-12-11,CUST0105,South,Grocery,1,987.52,987.52
TXN101485,2024-12-11,CUST0533,North,Grocery,1,1596.25,1596.25
TXN109825,2024-12-11,CUST0290,North,Apparel,1,4443.83,4443.83
TXN108086,2024-12-11,CUST0233,North,Grocery,1,993.7,993.7
TXN110146,2024-12-11,CUST0004,East,Electronics,1,39025.49,39025.49
TXN110973,2024-12-11,CUST0105,South,Apparel,1,7329.04,7329.04
TXN104136,2024-12-11,CUST0499,East,Apparel,1,6457.75,6457.75
TXN106800,2024-12-11,CUST0404,South,Electronics,1,42777.42,42777.42
TXN109721,2024-12-11,CUST0466,North,Grocery,1,163.19,163.19
TXN102253,2024-12-11,CUST0754,Central,Electronics,1,4590.35,4590.35
TXN103984,2024-12-11,CUST0374,North,Electronics,1,34583.27,34583.27
TXN107187,2024-12-11,CUST0575,North,Grocery,1,1086.25,1086.25
TXN104210,2024-12-11,CUST0140,East,Apparel,2,1388.14,2776.28
TXN110588,2024-12-11,CUST0412,South,Electronics,1,44513.75,44513.75
TXN107407,2024-12-11,CUST0465,North,Electronics,1,54727.92,54727.92
TXN107493,2024-12-11,CUST0549,Central,Apparel,3,548.86,1646.59
TXN106196,2024-12-11,CUST0753,West,Apparel,1,1539.57,1539.57
TXN108437,2024-12-11,CUST0239,North,Beauty,1,1233.18,1233.18
TXN100316,2024-12-11,CUST0716,North,Electronics,1,61420.38,61420.38
TXN102973,2024-12-12,CUST0596,West,Grocery,1,301.2,301.2
TXN113699,2024-12-12,CUST0315,East,Home & Living,2,6307.15,12614.29
TXN110126,2024-12-12,CUST0161,North,Electronics,1,29872.2,29872.2
TXN106498,2024-12-12,CUST0360,North,Beauty,1,1463.77,1463.77
TXN102136,2024-12-12,CUST0521,North,Grocery,1,1063.89,1063.89
TXN112159,2024-12-12,CUST0379,West,Home & Living,1,4066.38,4066.38
TXN101889,2024-12-12,CUST0346,West,Electronics,1,10482.43,10482.43
TXN104177,2024-12-12,CUST0122,South,Grocery,1,672.83,672.83
TXN106086,2024-12-12,CUST0585,East,Home & Living,1,4132.43,4132.43
TXN110542,2024-12-12,CUST0526,South,Home & Living,2,973.08,1946.16
TXN111769,2024-12-12,CUST0389,South,Home & Living,1,5665.83,5665.83
TXN101838,2024-12-12,CUST0749,North,Apparel,2,1701.64,3403.27
TXN103566,2024-12-12,CUST0178,North,Grocery,1,420.17,420.17
TXN104398,2024-12-12,CUST0395,North,Electronics,1,15957.12,15957.12
TXN109260,2024-12-12,CUST0764,North,Apparel,2,1766.74,3533.48
TXN107028,2024-12-12,CUST0231,North,Beauty,1,1111.48,1111.48
TXN111300,2024-12-12,CUST0716,North,Apparel,1,3804.7,3804.7
TXN112954,2024-12-12,CUST0210,South,Grocery,1,365.17,365.17
TXN114507,2024-12-12,CUST0634,East,Grocery,1,510.06,510.06
TXN101386,2024-12-12,CUST0045,North,Home & Living,1,2405.93,2405.93
TXN107041,2024-12-12,CUST0347,West,Grocery,1,400.0,400.0
TXN109050,2024-12-12,CUST0753,West,Beauty,1,912.19,912.19
TXN111652,2024-12-12,CUST0268,North,Apparel,1,1374.14,1374.14
TXN111658,2024-12-12,CUST0034,North,Home & Living,1,14196.14,14196.14
TXN101426,2024-12-12,CUST0759,West,Home & Living,1,13423.86,13423.86
TXN106973,2024-12-12,CUST0220,North,Electronics,1,17289.86,17289.86
TXN110358,2024-12-12,CUST0412,South,Electronics,1,57163.94,57163.94
TXN105366,2024-12-12,CUST0676,East,Grocery,2,802.41,1604.82
TXN105841,2024-12-12,CUST0062,South,Home & Living,1,1177.73,1177.73
TXN106870,2024-12-12,CUST0184,North,Apparel,1,3005.01,3005.01
TXN112809,2024-12-12,CUST0359,West,Apparel,1,3537.57,3537.57
TXN103143,2024-12-12,CUST0798,North,Electronics,1,32110.95,32110.95
TXN109427,2024-12-12,CUST0384,Central,Electronics,1,42808.41,42808.41
TXN108005,2024-12-12,CUST0614,North,Home & Living,1,1094.97,1094.97
TXN111889,2024-12-12,CUST0359,West,Grocery,1,800.29,800.29
TXN108362,2024-12-12,CUST0394,East,Apparel,1,860.25,860.25
TXN100335,2024-12-12,CUST0643,East,Home & Living,1,4076.23,4076.23
TXN106040,2024-12-12,CUST0367,West,Grocery,2,305.16,610.33
TXN100886,2024-12-12,CUST0393,South,Apparel,1,2317.8,2317.8
TXN107359,2024-12-13,CUST0684,North,Home & Living,1,1191.4,1191.4
TXN103568,2024-12-13,CUST0172,Central,Apparel,1,1403.91,1403.91
TXN100593,2024-12-13,CUST0451,West,Electronics,1,10865.75,10865.75
TXN111416,2024-12-13,CUST0679,West,Electronics,2,9626.84,19253.67
TXN111388,2024-12-13,CUST0379,West,Electronics,2,7938.26,15876.53
TXN108494,2024-12-13,CUST0662,East,Apparel,2,2872.97,5745.94
TXN104566,2024-12-13,CUST0327,North,Apparel,1,4078.5,4078.5
TXN108006,2024-12-13,CUST0650,West,Beauty,1,1691.88,1691.88
TXN105942,2024-12-13,CUST0474,North,Apparel,1,6363.89,6363.89
TXN107745,2024-12-13,CUST0800,Central,Home & Living,1,11789.84,11789.84
TXN103086,2024-12-13,CUST0117,South,Grocery,1,771.67,771.67
TXN102072,2024-12-13,CUST0569,North,Grocery,1,119.14,119.14
TXN114331,2024-12-13,CUST0261,West,Grocery,1,529.12,529.12
TXN107640,2024-12-13,CUST0265,South,Electronics,1,77040.87,77040.87
TXN102834,2024-12-13,CUST0059,East,Home & Living,1,4205.84,4205.84
TXN109284,2024-12-13,CUST0413,North,Electronics,1,34134.74,34134.74
TXN109964,2024-12-13,CUST0646,North,Electronics,1,33586.2,33586.2
TXN102561,2024-12-13,CUST0071,South,Beauty,1,1353.51,1353.51
TXN109979,2024-12-13,CUST0648,West,Apparel,1,1274.24,1274.24
TXN106059,2024-12-13,CUST0508,West,Home & Living,1,6914.98,6914.98
TXN105959,2024-12-13,CUST0647,West,Home & Living,1,6101.34,6101.34
TXN109349,2024-12-13,CUST0800,Central,Home & Living,1,8863.26,8863.26
TXN107178,2024-12-13,CUST0613,North,Grocery,1,157.34,157.34
TXN102573,2024-12-13,CUST0428,North,Apparel,1,4395.81,4395.81
TXN101034,2024-12-13,CUST0557,Central,Grocery,1,701.99,701.99
TXN112460,2024-12-13,CUST0611,North,Beauty,1,1816.05,1816.05
TXN111815,2024-12-13,CUST0374,North,Grocery,1,752.56,752.56
TXN113740,2024-12-13,CUST0553,South,Apparel,1,3462.54,3462.54
TXN108321,2024-12-13,CUST0700,West,Electronics,1,7733.45,7733.45
TXN104764,2024-12-13,CUST0369,North,Apparel,1,727.53,727.53
TXN100944,2024-12-13,CUST0074,South,Beauty,1,1592.35,1592.35
TXN100551,2024-12-13,CUST0145,North,Home & Living,2,2188.82,4377.64
TXN101932,2024-12-13,CUST0260,East,Apparel,1,2951.69,2951.69
TXN112795,2024-12-13,CUST0424,Central,Grocery,1,377.49,377.49
TXN102825,2024-12-13,CUST0315,East,Grocery,2,1036.3,2072.6
TXN113241,2024-12-13,CUST0282,North,Grocery,1,644.42,644.42
TXN102320,2024-12-13,CUST0760,Central,Apparel,3,1799.49,5398.48
TXN105549,2024-12-13,CUST0490,North,Electronics,1,74931.08,74931.08
TXN104394,2024-12-13,CUST0058,South,Electronics,1,31225.74,31225.74
TXN105920,2024-12-13,CUST0294,East,Home & Living,1,3661.35,3661.35
TXN107410,2024-12-13,CUST0234,North,Electronics,1,12871.28,12871.28
TXN109888,2024-12-13,CUST0599,East,Electronics,2,17243.85,34487.69
TXN111874,2024-12-13,CUST0384,Central,Apparel,2,3887.06,7774.12
TXN110543,2024-12-13,CUST0147,North,Beauty,1,575.07,575.07
TXN113161,2024-12-13,CUST0713,Central,Electronics,1,6340.02,6340.02
TXN113738,2024-12-14,CUST0384,Central,Electronics,1,20080.8,20080.8
TXN110196,2024-12-14,CUST0188,South,Apparel,1,2243.22,2243.22
TXN112559,2024-12-14,CUST0012,West,Home & Living,1,1314.18,1314.18
TXN101035,2024-12-14,CUST0523,West,Grocery,1,688.1,688.1
TXN107665,2024-12-14,CUST0039,East,Home & Living,2,5918.81,11837.61
TXN105395,2024-12-14,CUST0467,South,Apparel,2,2730.65,5461.3
TXN113401,2024-12-14,CUST0585,East,Grocery,1,417.45,417.45
TXN113950,2024-12-14,CUST0399,West,Grocery,1,733.07,733.07
TXN103556,2024-12-14,CUST0155,South,Grocery,2,275.08,550.16
TXN111854,2024-12-14,CUST0342,South,Apparel,1,1935.68,1935.68
TXN107676,2024-12-14,CUST0239,North,Grocery,1,821.24,821.24
TXN105780,2024-12-14,CUST0353,West,Grocery,1,635.78,635.78
TXN107052,2024-12-14,CUST0191,West,Apparel,1,470.8,470.8
TXN101793,2024-12-14,CUST0259,South,Beauty,3,971.67,2915.02
TXN105135,2024-12-14,CUST0453,North,Grocery,1,555.37,555.37
TXN110001,2024-12-14,CUST0672,West,Beauty,1,994.14,994.14
TXN114977,2024-12-14,CUST0681,West,Home & Living,1,3892.81,3892.81
TXN101977,2024-12-14,CUST0397,Central,Apparel,2,1809.3,3618.6
TXN100480,2024-12-14,CUST0025,East,Beauty,1,251.74,251.74
TXN101205,2024-12-14,CUST0787,West,Beauty,1,1338.05,1338.05
TXN100974,2024-12-14,CUST0189,North,Grocery,2,369.99,739.98
TXN111232,2024-12-14,CUST0299,West,Grocery,1,708.09,708.09
TXN106589,2024-12-14,CUST0290,North,Grocery,1,1113.8,1113.8
TXN102504,2024-12-14,CUST0242,West,Grocery,1,277.74,277.74
TXN103509,2024-12-14,CUST0778,East,Grocery,1,803.68,803.68
TXN108708,2024-12-14,CUST0731,South,Apparel,1,2498.99,2498.99
TXN114327,2024-12-14,CUST0690,South,Grocery,1,674.88,674.88
TXN106636,2024-12-14,CUST0550,North,Electronics,2,20191.68,40383.36
TXN101032,2024-12-15,CUST0003,East,Electronics,2,29451.91,58903.81
TXN103756,2024-12-15,CUST0141,North,Beauty,1,2710.7,2710.7
TXN108177,2024-12-15,CUST0798,North,Apparel,1,1973.41,1973.41
TXN100582,2024-12-15,CUST0031,North,Electronics,1,31518.93,31518.93
TXN114174,2024-12-15,CUST0789,South,Apparel,1,628.46,628.46
TXN106499,2024-12-15,CUST0470,South,Electronics,1,43041.54,43041.54
TXN108887,2024-12-15,CUST0753,West,Apparel,1,4132.43,4132.43
TXN112315,2024-12-15,CUST0585,East,Grocery,1,97.51,97.51
TXN107930,2024-12-15,CUST0066,East,Grocery,1,522.01,522.01
TXN105322,2024-12-15,CUST0179,South,Apparel,1,3111.07,3111.07
TXN114959,2024-12-15,CUST0499,East,Electronics,2,65752.7,131505.4
TXN108701,2024-12-15,CUST0657,West,Electronics,1,20624.16,20624.16
TXN101911,2024-12-15,CUST0055,North,Home & Living,1,4739.61,4739.61
TXN107032,2024-12-15,CUST0033,North,Grocery,1,359.25,359.25
TXN107018,2024-12-15,CUST0012,West,Apparel,1,6990.69,6990.69
TXN107017,2024-12-15,CUST0082,East,Home & Living,1,3307.69,3307.69
TXN111632,2024-12-15,CUST0662,East,Electronics,2,78083.61,156167.22
TXN107014,2024-12-15,CUST0193,North,Home & Living,1,1717.32,1717.32
TXN106662,2024-12-15,CUST0596,West,Electronics,2,22438.59,44877.18
TXN101922,2024-12-15,CUST0220,North,Beauty,1,1446.06,1446.06
TXN107491,2024-12-15,CUST0056,North,Beauty,1,1368.41,1368.41
TXN109460,2024-12-15,CUST0595,South,Grocery,1,1016.22,1016.22
TXN108319,2024-12-15,CUST0356,West,Apparel,1,2162.26,2162.26
TXN105460,2024-12-15,CUST0759,West,Apparel,1,2507.22,2507.22
TXN103517,2024-12-15,CUST0391,North,Electronics,2,4630.34,9260.69
TXN105742,2024-12-15,CUST0541,North,Apparel,1,3040.49,3040.49
TXN101693,2024-12-15,CUST0438,South,Home & Living,1,2723.61,2723.61
TXN102109,2024-12-15,CUST0775,North,Electronics,2,36064.16,72128.31
TXN104067,2024-12-15,CUST0671,East,Electronics,1,18975.44,18975.44
TXN111837,2024-12-15,CUST0616,Central,Home & Living,1,10079.97,10079.97
TXN107232,2024-12-15,CUST0565,West,Electronics,1,5623.09,5623.09
TXN101885,2024-12-15,CUST0475,South,Beauty,1,239.87,239.87
TXN101380,2024-12-15,CUST0359,West,Home & Living,2,9104.89,18209.79
TXN101253,2024-12-16,CUST0739,North,Electronics,2,16699.38,33398.76
TXN102515,2024-12-16,CUST0270,South,Beauty,1,1170.09,1170.09
TXN106492,2024-12-16,CUST0471,West,Grocery,1,509.45,509.45
TXN107512,2024-12-16,CUST0436,South,Grocery,1,296.04,296.04
TXN114918,2024-12-16,CUST0564,East,Grocery,1,565.25,565.25
TXN103107,2024-12-16,CUST0164,South,Home & Living,1,3113.87,3113.87
TXN102094,2024-12-16,CUST0273,North,Apparel,1,1375.76,1375.76
TXN113921,2024-12-16,CUST0796,East,Grocery,1,2037.81,2037.81
TXN113189,2024-12-16,CUST0746,South,Grocery,1,545.52,545.52
TXN102291,2024-12-16,CUST0428,North,Grocery,2,2000.98,4001.95
TXN102653,2024-12-16,CUST0409,North,Grocery,1,1512.45,1512.45
TXN103349,2024-12-16,CUST0679,West,Electronics,1,54238.59,54238.59
TXN112571,2024-12-16,CUST0029,West,Apparel,2,3252.08,6504.17
TXN112352,2024-12-16,CUST0781,North,Grocery,2,1013.06,2026.12
TXN112489,2024-12-16,CUST0438,South,Apparel,1,3686.49,3686.49
TXN113579,2024-12-16,CUST0067,North,Electronics,1,5047.11,5047.11
TXN109434,2024-12-16,CUST0635,North,Apparel,1,307.7,307.7
TXN113658,2024-12-16,CUST0637,South,Home & Living,1,3566.37,3566.37
TXN101653,2024-12-16,CUST0100,North,Grocery,1,240.84,240.84
TXN110612,2024-12-16,CUST0797,North,Apparel,1,4174.88,4174.88
TXN106579,2024-12-16,CUST0080,North,Beauty,1,456.42,456.42
TXN108536,2024-12-16,CUST0102,North,Apparel,1,2534.03,2534.03
TXN110290,2024-12-16,CUST0531,East,Apparel,2,761.4,1522.8
TXN110570,2024-12-16,CUST0290,North,Grocery,1,168.17,168.17
TXN101946,2024-12-16,CUST0070,Central,Home & Living,1,8091.03,8091.03
TXN101309,2024-12-16,CUST0246,East,Home & Living,1,7048.22,7048.22
TXN110460,2024-12-16,CUST0766,South,Apparel,2,4414.31,8828.63
TXN110939,2024-12-16,CUST0075,North,Beauty,1,2875.96,2875.96
TXN110499,2024-12-16,CUST0519,North,Home & Living,2,11846.18,23692.35
TXN109018,2024-12-16,CUST0115,East,Grocery,1,740.96,740.96
TXN106132,2024-12-16,CUST0002,North,Apparel,1,6247.58,6247.58
TXN110458,2024-12-16,CUST0106,Central,Beauty,2,170.04,340.08
TXN103668,2024-12-16,CUST0687,South,Electronics,1,10633.38,10633.38
TXN104938,2024-12-16,CUST0375,East,Beauty,1,1590.64,1590.64
TXN105077,2024-12-17,CUST0205,West,Grocery,1,1020.45,1020.45
TXN103101,2024-12-17,CUST0060,North,Electronics,1,1825.25,1825.25
TXN111987,2024-12-17,CUST0141,North,Grocery,1,1358.88,1358.88
TXN111985,2024-12-17,CUST0018,South,Electronics,2,26941.03,53882.06
TXN105202,2024-12-17,CUST0184,North,Apparel,1,6188.82,6188.82
TXN112925,2024-12-17,CUST0274,North,Electronics,2,53985.28,107970.55
TXN107782,2024-12-17,CUST0465,North,Grocery,1,968.64,968.64
TXN110131,2024-12-17,CUST0177,East,Electronics,1,16226.84,16226.84
TXN110088,2024-12-17,CUST0262,Central,Grocery,1,900.02,900.02
TXN113440,2024-12-17,CUST0432,North,Electronics,1,29428.87,29428.87
TXN106214,2024-12-17,CUST0192,West,Home & Living,2,10620.21,21240.42
TXN108581,2024-12-17,CUST0384,Central,Grocery,1,1783.74,1783.74
TXN107836,2024-12-17,CUST0569,North,Apparel,1,2943.0,2943.0
TXN102310,2024-12-17,CUST0035,South,Grocery,1,749.83,749.83
TXN103112,2024-12-17,CUST0209,North,Grocery,1,173.94,173.94
TXN104257,2024-12-17,CUST0007,Central,Apparel,1,2546.97,2546.97
TXN104488,2024-12-17,CUST0555,South,Beauty,2,4564.63,9129.26
TXN113559,2024-12-17,CUST0265,South,Grocery,1,1519.66,1519.66
TXN111876,2024-12-17,CUST0077,West,Electronics,1,9117.99,9117.99
TXN107932,2024-12-17,CUST0287,East,Home & Living,1,5252.61,5252.61
TXN100864,2024-12-17,CUST0492,North,Electronics,1,14408.78,14408.78
TXN113292,2024-12-17,CUST0077,West,Apparel,1,1432.11,1432.11
TXN104453,2024-12-17,CUST0316,East,Grocery,1,376.48,376.48
TXN105765,2024-12-17,CUST0299,West,Home & Living,1,5956.35,5956.35
TXN113388,2024-12-17,CUST0524,North,Beauty,1,1026.87,1026.87
TXN101436,2024-12-17,CUST0353,West,Beauty,1,2589.41,2589.41
TXN108760,2024-12-17,CUST0710,West,Apparel,1,2850.65,2850.65
TXN114152,2024-12-17,CUST0250,North,Apparel,1,3252.46,3252.46
TXN105108,2024-12-17,CUST0520,North,Apparel,1,1346.37,1346.37
TXN101337,2024-12-17,CUST0470,South,Electronics,1,25317.83,25317.83
TXN110703,2024-12-17,CUST0497,North,Grocery,1,832.13,832.13
TXN109068,2024-12-17,CUST0552,East,Grocery,1,984.98,984.98
TXN114898,2024-12-17,CUST0242,West,Beauty,1,1929.49,1929.49
TXN109027,2024-12-17,CUST0422,North,Grocery,1,661.63,661.63
TXN105242,2024-12-17,CUST0105,South,Beauty,1,4519.12,4519.12
TXN108037,2024-12-17,CUST0014,Central,Electronics,1,13099.39,13099.39
TXN112592,2024-12-17,CUST0397,Central,Grocery,1,258.52,258.52
TXN101858,2024-12-18,CUST0544,West,Grocery,1,338.75,338.75
TXN109945,2024-12-18,CUST0346,West,Beauty,1,666.16,666.16
TXN107252,2024-12-18,CUST0027,South,Apparel,1,1958.19,1958.19
TXN113474,2024-12-18,CUST0750,East,Grocery,1,1053.78,1053.78
TXN101741,2024-12-18,CUST0466,North,Grocery,1,94.03,94.03
TXN107401,2024-12-18,CUST0422,North,Electronics,1,37955.21,37955.21
TXN113137,2024-12-18,CUST0716,North,Apparel,1,4876.45,4876.45
TXN106687,2024-12-18,CUST0013,North,Electronics,1,10200.52,10200.52
TXN110538,2024-12-18,CUST0088,North,Grocery,2,610.39,1220.79
TXN100422,2024-12-18,CUST0753,West,Apparel,1,4037.92,4037.92
TXN111823,2024-12-18,CUST0539,North,Electronics,1,24763.16,24763.16
TXN111887,2024-12-18,CUST0534,Central,Electronics,1,9333.3,9333.3
TXN101025,2024-12-18,CUST0775,North,Home & Living,1,4211.69,4211.69
TXN103381,2024-12-18,CUST0199,Central,Electronics,1,25064.75,25064.75
TXN103131,2024-12-18,CUST0055,North,Apparel,1,4459.14,4459.14
TXN106130,2024-12-18,CUST0425,South,Home & Living,1,2488.49,2488.49
TXN109931,2024-12-18,CUST0070,Central,Electronics,1,68197.43,68197.43
TXN101712,2024-12-18,CUST0555,South,Electronics,3,28502.55,85507.65
TXN105272,2024-12-18,CUST0491,South,Grocery,1,661.67,661.67
TXN108578,2024-12-18,CUST0499,East,Grocery,2,938.84,1877.68
TXN113718,2024-12-18,CUST0595,South,Home & Living,1,13104.9,13104.9
TXN102088,2024-12-18,CUST0054,Central,Electronics,2,62044.22,124088.44
TXN112432,2024-12-18,CUST0716,North,Electronics,1,60451.36,60451.36
TXN114848,2024-12-18,CUST0729,West,Electronics,1,24898.09,24898.09
TXN113390,2024-12-18,CUST0756,North,Home & Living,1,1171.18,1171.18
TXN103832,2024-12-18,CUST0532,West,Electronics,2,51007.63,102015.26
TXN112199,2024-12-18,CUST0646,North,Apparel,1,2585.81,2585.81
TXN101528,2024-12-18,CUST0766,South,Grocery,3,808.37,2425.11
TXN100932,2024-12-18,CUST0241,East,Beauty,1,4452.79,4452.79
TXN104119,2024-12-18,CUST0120,North,Home & Living,3,5219.08,15657.24
TXN105274,2024-12-18,CUST0685,South,Beauty,3,3017.5,9052.49
TXN102473,2024-12-18,CUST0481,East,Grocery,2,404.2,808.4
TXN107641,2024-12-18,CUST0543,West,Grocery,3,772.22,2316.67
TXN112862,2024-12-18,CUST0199,Central,Apparel,1,3791.18,3791.18
TXN107573,2024-12-18,CUST0063,East,Home & Living,1,2025.79,2025.79
TXN100456,2024-12-18,CUST0377,West,Beauty,1,2471.52,2471.52
TXN105452,2024-12-18,CUST0749,North,Grocery,1,1309.0,1309.0
TXN110142,2024-12-18,CUST0248,North,Home & Living,1,2070.51,2070.51
TXN103472,2024-12-18,CUST0395,North,Home & Living,1,3031.96,3031.96
TXN103224,2024-12-18,CUST0441,West,Apparel,2,1336.42,2672.84
TXN101481,2024-12-18,CUST0712,West,Electronics,1,9154.5,9154.5
TXN112380,2024-12-18,CUST0095,East,Home & Living,1,5216.52,5216.52
TXN100607,2024-12-18,CUST0687,South,Electronics,1,42145.15,42145.15
TXN101191,2024-12-18,CUST0790,West,Apparel,1,2799.59,2799.59
TXN104218,2024-12-18,CUST0749,North,Beauty,2,4108.21,8216.42
TXN104019,2024-12-19,CUST0161,North,Electronics,1,6704.05,6704.05
TXN108120,2024-12-19,CUST0611,North,Apparel,2,3004.32,6008.64
TXN108193,2024-12-19,CUST0218,East,Grocery,1,1080.26,1080.26
TXN113774,2024-12-19,CUST0035,South,Electronics,3,57224.64,171673.92
TXN111330,2024-12-19,CUST0368,East,Electronics,1,62496.1,62496.1
TXN112245,2024-12-19,CUST0113,East,Apparel,2,5124.41,10248.81
TXN109699,2024-12-19,CUST0181,South,Home & Living,1,2285.51,2285.51
TXN104162,2024-12-19,CUST0757,East,Beauty,1,2961.04,2961.04
TXN104149,2024-12-19,CUST0536,East,Electronics,1,40275.88,40275.88
TXN105268,2024-12-19,CUST0465,North,Electronics,1,70385.64,70385.64
TXN103059,2024-12-19,CUST0565,West,Grocery,1,682.07,682.07
TXN101216,2024-12-19,CUST0404,South,Home & Living,2,4721.94,9443.88
TXN105720,2024-12-19,CUST0201,North,Apparel,1,2238.83,2238.83
TXN111364,2024-12-19,CUST0053,North,Electronics,1,31544.63,31544.63
TXN106216,2024-12-19,CUST0206,East,Grocery,2,158.05,316.1
TXN101233,2024-12-19,CUST0237,South,Apparel,1,666.38,666.38
TXN108682,2024-12-19,CUST0746,South,Electronics,1,78559.67,78559.67
TXN100355,2024-12-19,CUST0751,Central,Grocery,2,554.36,1108.72
TXN109230,2024-12-19,CUST0192,West,Electronics,1,16620.27,16620.27
TXN114737,2024-12-19,CUST0277,South,Home & Living,2,4671.42,9342.83
TXN104493,2024-12-19,CUST0454,North,Beauty,1,4128.87,4128.87
TXN100391,2024-12-19,CUST0135,North,Beauty,1,4790.19,4790.19
TXN104461,2024-12-19,CUST0265,South,Grocery,1,498.28,498.28
TXN108840,2024-12-19,CUST0541,North,Electronics,1,21690.73,21690.73
TXN108674,2024-12-19,CUST0743,East,Grocery,1,357.44,357.44
TXN109563,2024-12-19,CUST0600,West,Home & Living,1,3396.17,3396.17
TXN100809,2024-12-19,CUST0368,East,Grocery,2,1551.18,3102.35
TXN114203,2024-12-19,CUST0367,West,Apparel,1,5569.03,5569.03
TXN104976,2024-12-19,CUST0741,West,Grocery,1,275.65,275.65
TXN112586,2024-12-19,CUST0374,North,Grocery,3,852.13,2556.4
TXN112974,2024-12-19,CUST0271,South,Apparel,1,1732.31,1732.31
TXN101246,2024-12-19,CUST0625,Central,Electronics,1,29497.96,29497.96
TXN114712,2024-12-19,CUST0034,North,Home & Living,1,9324.56,9324.56
TXN114255,2024-12-19,CUST0239,North,Apparel,1,3362.35,3362.35
TXN106051,2024-12-20,CUST0122,South,Beauty,1,1516.48,1516.48
TXN110051,2024-12-20,CUST0468,South,Home & Living,1,2712.25,2712.25
TXN105132,2024-12-20,CUST0752,East,Grocery,1,633.51,633.51
TXN106213,2024-12-20,CUST0353,West,Electronics,2,15431.78,30863.56
TXN105978,2024-12-20,CUST0737,North,Electronics,1,25170.84,25170.84
TXN113874,2024-12-20,CUST0411,South,Beauty,1,1233.74,1233.74
TXN105405,2024-12-20,CUST0303,Central,Electronics,1,11651.15,11651.15
TXN114914,2024-12-20,CUST0704,South,Grocery,1,65.52,65.52
TXN101402,2024-12-20,CUST0204,West,Electronics,1,47768.96,47768.96
TXN104592,2024-12-20,CUST0619,South,Home & Living,1,6413.48,6413.48
TXN102180,2024-12-20,CUST0322,Central,Home & Living,1,1726.42,1726.42
TXN110338,2024-12-20,CUST0078,East,Home & Living,2,3841.22,7682.45
TXN106144,2024-12-20,CUST0379,West,Beauty,2,2034.5,4069.0
TXN100369,2024-12-20,CUST0024,South,Grocery,1,200.63,200.63
TXN107048,2024-12-20,CUST0562,North,Electronics,1,25032.11,25032.11
TXN109800,2024-12-20,CUST0122,South,Grocery,1,664.42,664.42
TXN102995,2024-12-20,CUST0509,South,Electronics,1,61449.9,61449.9
TXN110113,2024-12-20,CUST0328,South,Apparel,1,2610.73,2610.73
TXN113193,2024-12-20,CUST0530,South,Electronics,1,5411.91,5411.91
TXN106089,2024-12-20,CUST0672,West,Home & Living,1,10468.47,10468.47
TXN107604,2024-12-20,CUST0751,Central,Beauty,1,409.28,409.28
TXN112124,2024-12-20,CUST0761,South,Electronics,2,27634.36,55268.71
TXN108723,2024-12-20,CUST0027,South,Grocery,1,412.16,412.16
TXN112543,2024-12-20,CUST0384,Central,Apparel,1,7984.51,7984.51
TXN109015,2024-12-20,CUST0412,South,Electronics,2,68337.11,136674.23
TXN113884,2024-12-20,CUST0567,West,Apparel,1,888.78,888.78
TXN108601,2024-12-20,CUST0143,East,Electronics,1,24114.97,24114.97
TXN108452,2024-12-20,CUST0726,North,Beauty,1,2294.08,2294.08
TXN114554,2024-12-20,CUST0470,South,Apparel,2,7317.5,14634.99
TXN106920,2024-12-20,CUST0368,East,Grocery,1,988.5,988.5
TXN109682,2024-12-20,CUST0778,East,Apparel,1,1779.63,1779.63
TXN100153,2024-12-20,CUST0198,North,Electronics,1,19496.28,19496.28
TXN104132,2024-12-20,CUST0516,East,Apparel,1,418.24,418.24
TXN111210,2024-12-20,CUST0235,North,Apparel,1,392.45,392.45
TXN111666,2024-12-21,CUST0018,South,Apparel,1,1315.35,1315.35
TXN108511,2024-12-21,CUST0034,North,Apparel,1,3112.24,3112.24
TXN109067,2024-12-21,CUST0200,South,Grocery,1,393.75,393.75
TXN103066,2024-12-21,CUST0089,North,Home & Living,1,6230.69,6230.69
TXN101683,2024-12-21,CUST0711,West,Electronics,2,22584.61,45169.22
TXN108218,2024-12-21,CUST0289,Central,Electronics,2,25809.16,51618.33
TXN102720,2024-12-21,CUST0468,South,Electronics,1,15755.21,15755.21
TXN104840,2024-12-21,CUST0221,West,Grocery,2,60.23,120.47
TXN113425,2024-12-21,CUST0710,West,Apparel,1,862.86,862.86
TXN101420,2024-12-21,CUST0233,North,Electronics,1,4432.27,4432.27
TXN107352,2024-12-21,CUST0004,East,Apparel,3,2701.32,8103.95
TXN111451,2024-12-21,CUST0327,North,Apparel,1,4337.2,4337.2
TXN100787,2024-12-21,CUST0479,North,Apparel,1,6761.63,6761.63
TXN106355,2024-12-21,CUST0428,North,Grocery,1,1653.98,1653.98
TXN114158,2024-12-21,CUST0100,North,Beauty,1,704.2,704.2
TXN113349,2024-12-21,CUST0243,South,Apparel,1,3614.61,3614.61
TXN111405,2024-12-21,CUST0538,West,Apparel,1,890.67,890.67
TXN101304,2024-12-21,CUST0420,North,Home & Living,1,5504.77,5504.77
TXN108606,2024-12-21,CUST0625,Central,Grocery,1,159.37,159.37
TXN109674,2024-12-21,CUST0117,South,Apparel,1,1227.49,1227.49
TXN107087,2024-12-21,CUST0073,East,Apparel,1,2221.64,2221.64
TXN110065,2024-12-21,CUST0280,Central,Home & Living,1,2333.34,2333.34
TXN104968,2024-12-21,CUST0310,North,Apparel,1,328.62,328.62
TXN108832,2024-12-21,CUST0507,West,Apparel,1,7813.88,7813.88
TXN106925,2024-12-21,CUST0020,South,Electronics,1,6571.4,6571.4
TXN112906,2024-12-21,CUST0714,North,Home & Living,2,2354.49,4708.98
TXN100872,2024-12-21,CUST0732,East,Apparel,2,703.09,1406.19
TXN112621,2024-12-21,CUST0794,North,Home & Living,1,4321.68,4321.68
TXN109022,2024-12-21,CUST0489,North,Beauty,1,4364.51,4364.51
TXN113287,2024-12-21,CUST0062,South,Grocery,1,753.32,753.32
TXN106708,2024-12-21,CUST0339,South,Home & Living,1,3723.86,3723.86
TXN114293,2024-12-21,CUST0472,West,Apparel,1,1618.77,1618.77
TXN101007,2024-12-21,CUST0227,West,Apparel,2,5929.74,11859.47
TXN100919,2024-12-22,CUST0567,West,Beauty,1,983.18,983.18
TXN111048,2024-12-22,CUST0541,North,Apparel,1,4917.71,4917.71
TXN112309,2024-12-22,CUST0192,West,Electronics,1,59717.56,59717.56
TXN102299,2024-12-22,CUST0679,West,Grocery,1,1748.27,1748.27
TXN109012,2024-12-22,CUST0118,Central,Home & Living,2,2537.7,5075.39
TXN114838,2024-12-22,CUST0534,Central,Grocery,2,860.79,1721.57
TXN114502,2024-12-22,CUST0438,South,Apparel,1,3391.58,3391.58
TXN107077,2024-12-22,CUST0555,South,Home & Living,1,4466.16,4466.16
TXN111591,2024-12-22,CUST0288,North,Beauty,1,1959.04,1959.04
TXN108122,2024-12-22,CUST0559,North,Grocery,1,358.9,358.9
TXN104216,2024-12-22,CUST0104,East,Electronics,1,9615.83,9615.83
TXN104498,2024-12-22,CUST0166,South,Electronics,1,7570.98,7570.98
TXN105402,2024-12-22,CUST0666,North,Electronics,1,19164.8,19164.8
TXN105019,2024-12-22,CUST0569,North,Apparel,2,5075.56,10151.12
TXN106601,2024-12-22,CUST0327,North,Beauty,2,930.06,1860.12
TXN108626,2024-12-22,CUST0553,South,Grocery,1,431.65,431.65
TXN105581,2024-12-22,CUST0329,South,Apparel,1,2555.52,2555.52
TXN109860,2024-12-22,CUST0197,Central,Grocery,1,356.43,356.43
TXN104082,2024-12-22,CUST0736,North,Grocery,3,354.0,1062.01
TXN106446,2024-12-22,CUST0554,West,Apparel,1,2792.16,2792.16
TXN107697,2024-12-22,CUST0638,West,Electronics,2,24776.77,49553.55
TXN111767,2024-12-22,CUST0679,West,Home & Living,2,11064.22,22128.44
TXN107472,2024-12-22,CUST0345,North,Beauty,2,335.72,671.43
TXN104208,2024-12-22,CUST0500,West,Apparel,1,7732.82,7732.82
TXN105070,2024-12-22,CUST0274,North,Grocery,1,129.64,129.64
TXN110525,2024-12-22,CUST0745,Central,Electronics,2,2342.22,4684.44
TXN106899,2024-12-22,CUST0253,Central,Home & Living,1,6671.82,6671.82
TXN111251,2024-12-22,CUST0331,West,Apparel,1,1480.09,1480.09
TXN111532,2024-12-22,CUST0489,North,Grocery,1,523.87,523.87
TXN109589,2024-12-23,CUST0507,West,Electronics,1,8806.45,8806.45
TXN100343,2024-12-23,CUST0554,West,Apparel,1,2762.9,2762.9
TXN108530,2024-12-23,CUST0797,North,Home & Living,1,1315.92,1315.92
TXN106557,2024-12-23,CUST0309,West,Grocery,1,1178.24,1178.24
TXN112902,2024-12-23,CUST0044,Central,Apparel,3,4757.16,14271.47
TXN100896,2024-12-23,CUST0465,North,Apparel,2,5565.26,11130.52
TXN101130,2024-12-23,CUST0585,East,Electronics,1,35134.34,35134.34
TXN101133,2024-12-23,CUST0769,East,Beauty,1,1320.74,1320.74
TXN112344,2024-12-23,CUST0198,North,Apparel,1,867.88,867.88
TXN110207,2024-12-23,CUST0045,North,Apparel,1,2872.46,2872.46
TXN100109,2024-12-23,CUST0513,East,Beauty,1,3853.45,3853.45
TXN105610,2024-12-23,CUST0370,South,Apparel,2,579.64,1159.29
TXN101708,2024-12-23,CUST0294,East,Apparel,1,495.9,495.9
TXN100777,2024-12-23,CUST0626,Central,Apparel,1,3108.68,3108.68
TXN101385,2024-12-23,CUST0778,East,Home & Living,1,6354.15,6354.15
TXN110942,2024-12-23,CUST0760,Central,Home & Living,1,1769.47,1769.47
TXN102303,2024-12-23,CUST0204,West,Apparel,1,5561.87,5561.87
TXN107959,2024-12-23,CUST0472,West,Beauty,1,4795.18,4795.18
TXN104401,2024-12-23,CUST0143,East,Apparel,2,2370.99,4741.99
TXN109494,2024-12-23,CUST0384,Central,Grocery,1,409.54,409.54
TXN111423,2024-12-23,CUST0532,West,Electronics,1,72667.79,72667.79
TXN107672,2024-12-23,CUST0522,North,Apparel,1,2040.77,2040.77
TXN114479,2024-12-23,CUST0056,North,Home & Living,1,13456.19,13456.19
TXN113985,2024-12-23,CUST0237,South,Apparel,3,2395.65,7186.94
TXN110396,2024-12-23,CUST0705,South,Apparel,1,1135.52,1135.52
TXN112021,2024-12-23,CUST0242,West,Apparel,2,5660.3,11320.61
TXN102037,2024-12-23,CUST0035,South,Apparel,1,4581.26,4581.26
TXN105914,2024-12-23,CUST0486,East,Home & Living,1,5418.93,5418.93
TXN111438,2024-12-23,CUST0502,Central,Grocery,1,725.01,725.01
TXN112638,2024-12-23,CUST0412,South,Apparel,1,6614.52,6614.52
TXN100898,2024-12-23,CUST0790,West,Apparel,1,7187.81,7187.81
TXN110250,2024-12-23,CUST0236,West,Grocery,1,985.83,985.83
TXN102454,2024-12-24,CUST0616,Central,Apparel,1,3581.17,3581.17
TXN108583,2024-12-24,CUST0301,North,Home & Living,1,5144.59,5144.59
TXN107916,2024-12-24,CUST0384,Central,Grocery,2,1128.47,2256.94
TXN114868,2024-12-24,CUST0572,North,Electronics,2,44396.26,88792.51
TXN102970,2024-12-24,CUST0405,South,Grocery,1,400.65,400.65
TXN112158,2024-12-24,CUST0155,South,Beauty,1,977.34,977.34
TXN102936,2024-12-24,CUST0348,East,Grocery,1,318.04,318.04
TXN103043,2024-12-24,CUST0113,East,Home & Living,1,5413.25,5413.25
TXN103883,2024-12-24,CUST0570,North,Apparel,3,3068.11,9204.34
TXN102369,2024-12-24,CUST0321,Central,Beauty,1,1934.62,1934.62
TXN103348,2024-12-24,CUST0644,South,Home & Living,1,1853.49,1853.49
TXN113754,2024-12-24,CUST0306,North,Home & Living,1,3610.76,3610.76
TXN109335,2024-12-24,CUST0160,West,Electronics,1,40274.09,40274.09
TXN100097,2024-12-24,CUST0115,East,Home & Living,2,3824.7,7649.41
TXN114000,2024-12-24,CUST0271,South,Grocery,2,251.11,502.22
TXN103051,2024-12-24,CUST0561,Central,Apparel,2,3772.68,7545.36
TXN101282,2024-12-24,CUST0176,North,Home & Living,1,1770.41,1770.41
TXN103951,2024-12-24,CUST0309,West,Beauty,1,2284.68,2284.68
TXN103868,2024-12-24,CUST0679,West,Electronics,1,43942.05,43942.05
TXN100835,2024-12-24,CUST0314,East,Beauty,1,5079.36,5079.36
TXN108026,2024-12-24,CUST0476,North,Electronics,2,43462.47,86924.93
TXN108787,2024-12-24,CUST0786,North,Apparel,1,6823.92,6823.92
TXN111939,2024-12-24,CUST0246,East,Home & Living,2,5270.51,10541.03
TXN114552,2024-12-24,CUST0454,North,Electronics,1,15106.31,15106.31
TXN113104,2024-12-24,CUST0736,North,Electronics,1,63038.97,63038.97
TXN105683,2024-12-24,CUST0494,West,Electronics,1,14706.15,14706.15
TXN114896,2024-12-24,CUST0267,North,Beauty,1,844.05,844.05
TXN109049,2024-12-24,CUST0533,North,Beauty,1,5005.78,5005.78
TXN103404,2024-12-24,CUST0699,South,Apparel,1,1485.54,1485.54
TXN100434,2024-12-24,CUST0485,South,Apparel,1,1273.71,1273.71
TXN106647,2024-12-24,CUST0474,North,Apparel,1,7741.74,7741.74
TXN104367,2024-12-24,CUST0073,East,Beauty,1,1467.6,1467.6
TXN100024,2024-12-24,CUST0147,North,Home & Living,3,768.08,2304.25
TXN105328,2024-12-24,CUST0545,West,Apparel,1,1341.58,1341.58
TXN104832,2024-12-24,CUST0711,West,Apparel,1,4236.89,4236.89
TXN104915,2024-12-24,CUST0193,North,Grocery,1,264.69,264.69
TXN113508,2024-12-24,CUST0470,South,Apparel,1,5163.87,5163.87
TXN102635,2024-12-24,CUST0253,Central,Grocery,1,808.23,808.23
TXN110738,2024-12-25,CUST0631,South,Beauty,1,2834.81,2834.81
TXN111432,2024-12-25,CUST0342,South,Grocery,1,197.39,197.39
TXN109271,2024-12-25,CUST0493,East,Electronics,1,27828.11,27828.11
TXN113624,2024-12-25,CUST0004,East,Apparel,1,4251.09,4251.09
TXN102739,2024-12-25,CUST0183,North,Home & Living,1,3767.88,3767.88
TXN101024,2024-12-25,CUST0303,Central,Home & Living,1,425.32,425.32
TXN111268,2024-12-25,CUST0470,South,Beauty,2,2107.73,4215.46
TXN112125,2024-12-25,CUST0767,East,Grocery,1,155.07,155.07
TXN105422,2024-12-25,CUST0771,East,Apparel,2,2185.7,4371.4
TXN114354,2024-12-25,CUST0126,North,Electronics,1,13134.22,13134.22
TXN111554,2024-12-25,CUST0198,North,Home & Living,1,6195.41,6195.41
TXN108076,2024-12-25,CUST0762,North,Electronics,1,9174.77,9174.77
TXN106695,2024-12-25,CUST0676,East,Home & Living,3,8209.73,24629.18
TXN104822,2024-12-25,CUST0051,North,Apparel,1,3028.47,3028.47
TXN112336,2024-12-25,CUST0533,North,Apparel,1,5623.99,5623.99
TXN103903,2024-12-25,CUST0399,West,Apparel,1,3202.9,3202.9
TXN112904,2024-12-25,CUST0031,North,Home & Living,1,752.98,752.98
TXN103202,2024-12-25,CUST0732,East,Grocery,1,967.72,967.72
TXN114335,2024-12-25,CUST0030,South,Home & Living,1,2710.76,2710.76
TXN108487,2024-12-25,CUST0338,South,Apparel,1,1744.56,1744.56
TXN111973,2024-12-25,CUST0424,Central,Apparel,1,1239.09,1239.09
TXN107438,2024-12-25,CUST0576,West,Electronics,1,36671.52,36671.52
TXN111105,2024-12-25,CUST0707,East,Beauty,3,1282.15,3846.44
TXN109251,2024-12-25,CUST0300,South,Apparel,1,674.39,674.39
TXN100524,2024-12-25,CUST0792,Central,Home & Living,1,690.5,690.5
TXN114250,2024-12-26,CUST0148,Central,Apparel,1,2312.75,2312.75
TXN102023,2024-12-26,CUST0706,South,Home & Living,1,11045.67,11045.67
TXN110742,2024-12-26,CUST0271,South,Grocery,1,127.89,127.89
TXN108308,2024-12-26,CUST0141,North,Beauty,1,3283.24,3283.24
TXN103602,2024-12-26,CUST0508,West,Apparel,1,4487.54,4487.54
TXN105239,2024-12-26,CUST0779,East,Beauty,1,1930.07,1930.07
TXN106788,2024-12-26,CUST0476,North,Electronics,1,67952.67,67952.67
TXN106617,2024-12-26,CUST0250,North,Beauty,1,2604.65,2604.65
TXN105558,2024-12-26,CUST0251,West,Apparel,1,1742.38,1742.38
TXN102042,2024-12-26,CUST0383,East,Grocery,1,247.88,247.88
TXN111994,2024-12-26,CUST0371,East,Home & Living,1,3766.8,3766.8
TXN113650,2024-12-26,CUST0031,North,Grocery,2,521.92,1043.84
TXN101038,2024-12-26,CUST0765,West,Electronics,1,9477.14,9477.14
TXN107914,2024-12-26,CUST0496,North,Grocery,2,518.82,1037.63
TXN112465,2024-12-26,CUST0710,West,Electronics,1,32274.45,32274.45
TXN101625,2024-12-26,CUST0718,Central,Grocery,1,803.31,803.31
TXN107112,2024-12-26,CUST0523,West,Electronics,1,33163.98,33163.98
TXN109829,2024-12-26,CUST0387,West,Apparel,3,1789.33,5367.98
TXN110412,2024-12-26,CUST0715,North,Electronics,1,6289.65,6289.65
TXN100315,2024-12-26,CUST0566,North,Apparel,1,3252.78,3252.78
TXN110720,2024-12-26,CUST0353,West,Apparel,1,4239.74,4239.74
TXN108258,2024-12-26,CUST0264,South,Grocery,1,712.47,712.47
TXN103901,2024-12-26,CUST0045,North,Grocery,1,832.26,832.26
TXN104057,2024-12-26,CUST0687,South,Electronics,1,25784.25,25784.25
TXN105792,2024-12-26,CUST0647,West,Apparel,1,1727.8,1727.8
TXN112499,2024-12-26,CUST0720,Central,Grocery,1,685.41,685.41
TXN109073,2024-12-26,CUST0152,East,Grocery,1,762.4,762.4
TXN107365,2024-12-26,CUST0520,North,Home & Living,1,4742.53,4742.53
TXN108734,2024-12-26,CUST0140,East,Beauty,1,4614.73,4614.73
TXN114576,2024-12-26,CUST0464,South,Home & Living,1,6652.25,6652.25
TXN106075,2024-12-27,CUST0465,North,Home & Living,1,1960.62,1960.62
TXN105056,2024-12-27,CUST0204,West,Electronics,1,58473.59,58473.59
TXN101953,2024-12-27,CUST0409,North,Beauty,1,3083.79,3083.79
TXN105992,2024-12-27,CUST0569,North,Electronics,1,12522.22,12522.22
TXN100807,2024-12-27,CUST0183,North,Electronics,1,27744.77,27744.77
TXN105006,2024-12-27,CUST0112,North,Electronics,1,6794.37,6794.37
TXN100032,2024-12-27,CUST0523,West,Apparel,1,7244.94,7244.94
TXN102045,2024-12-27,CUST0129,East,Beauty,1,269.07,269.07
TXN102981,2024-12-27,CUST0246,East,Grocery,1,1135.24,1135.24
TXN107711,2024-12-27,CUST0277,South,Electronics,1,8642.49,8642.49
TXN104941,2024-12-27,CUST0643,East,Beauty,1,864.49,864.49
TXN105562,2024-12-27,CUST0499,East,Electronics,1,79799.66,79799.66
TXN103992,2024-12-27,CUST0054,Central,Grocery,1,1736.84,1736.84
TXN106818,2024-12-27,CUST0598,North,Beauty,1,1840.4,1840.4
TXN108619,2024-12-27,CUST0076,North,Beauty,1,2913.99,2913.99
TXN105702,2024-12-27,CUST0227,West,Apparel,2,6694.78,13389.55
TXN108354,2024-12-27,CUST0140,East,Electronics,1,68097.64,68097.64
TXN105336,2024-12-27,CUST0254,West,Home & Living,1,3208.17,3208.17
TXN105571,2024-12-27,CUST0716,North,Apparel,1,3767.35,3767.35
TXN110435,2024-12-27,CUST0439,Central,Grocery,1,601.65,601.65
TXN110467,2024-12-27,CUST0787,West,Apparel,1,3323.25,3323.25
TXN101810,2024-12-27,CUST0332,South,Electronics,2,22892.86,45785.72
TXN101060,2024-12-27,CUST0385,North,Apparel,1,4093.7,4093.7
TXN113048,2024-12-27,CUST0659,North,Electronics,1,24274.06,24274.06
TXN110472,2024-12-27,CUST0123,Central,Grocery,1,147.74,147.74
TXN112406,2024-12-27,CUST0313,North,Home & Living,1,4731.34,4731.34
TXN105772,2024-12-27,CUST0085,West,Apparel,1,2223.19,2223.19
TXN107624,2024-12-27,CUST0722,Central,Apparel,1,1184.47,1184.47
TXN111683,2024-12-28,CUST0194,East,Beauty,1,1077.04,1077.04
TXN103475,2024-12-28,CUST0415,West,Home & Living,1,3409.48,3409.48
TXN109069,2024-12-28,CUST0084,North,Apparel,1,2392.84,2392.84
TXN114224,2024-12-28,CUST0070,Central,Beauty,1,753.11,753.11
TXN106608,2024-12-28,CUST0246,East,Home & Living,1,8629.45,8629.45
TXN102315,2024-12-28,CUST0317,North,Grocery,1,648.73,648.73
TXN107070,2024-12-28,CUST0760,Central,Home & Living,1,5260.62,5260.62
TXN107095,2024-12-28,CUST0483,East,Electronics,1,17740.23,17740.23
TXN104389,2024-12-28,CUST0659,North,Beauty,1,618.51,618.51
TXN102214,2024-12-28,CUST0205,West,Apparel,1,1155.0,1155.0
TXN110117,2024-12-28,CUST0543,West,Grocery,1,834.99,834.99
TXN102301,2024-12-28,CUST0305,Central,Apparel,1,4342.43,4342.43
TXN100043,2024-12-28,CUST0495,West,Electronics,1,18636.69,18636.69
TXN100670,2024-12-28,CUST0089,North,Home & Living,1,7015.31,7015.31
TXN114280,2024-12-28,CUST0031,North,Home & Living,3,2497.5,7492.51
TXN100026,2024-12-28,CUST0170,South,Electronics,1,31404.68,31404.68
TXN108379,2024-12-28,CUST0502,Central,Grocery,1,369.34,369.34
TXN114709,2024-12-28,CUST0336,North,Home & Living,1,3419.39,3419.39
TXN103393,2024-12-28,CUST0511,North,Electronics,2,5911.78,11823.56
TXN103542,2024-12-28,CUST0469,East,Apparel,3,1780.03,5340.1
TXN105117,2024-12-28,CUST0359,West,Apparel,1,3592.32,3592.32
TXN114831,2024-12-28,CUST0560,East,Electronics,1,43459.88,43459.88
TXN111848,2024-12-28,CUST0666,North,Electronics,2,8351.82,16703.64
TXN105488,2024-12-28,CUST0248,North,Apparel,2,3386.47,6772.93
TXN112703,2024-12-28,CUST0151,East,Grocery,1,1535.59,1535.59
TXN106798,2024-12-28,CUST0687,South,Electronics,1,42439.32,42439.32
TXN108001,2024-12-28,CUST0613,North,Grocery,1,227.75,227.75
TXN114169,2024-12-28,CUST0204,West,Apparel,1,996.05,996.05
TXN103209,2024-12-28,CUST0688,West,Home & Living,1,3512.65,3512.65
TXN100112,2024-12-28,CUST0617,North,Grocery,1,727.92,727.92
TXN112979,2024-12-28,CUST0184,North,Grocery,1,1142.85,1142.85
TXN109402,2024-12-28,CUST0474,North,Home & Living,1,3193.96,3193.96
TXN100089,2024-12-28,CUST0604,West,Home & Living,2,876.57,1753.15
TXN113688,2024-12-28,CUST0560,East,Electronics,1,6897.54,6897.54
TXN109996,2024-12-28,CUST0413,North,Grocery,1,164.78,164.78
TXN114800,2024-12-28,CUST0469,East,Grocery,1,42.29,42.29
TXN111159,2024-12-28,CUST0259,South,Home & Living,1,3356.04,3356.04
TXN112668,2024-12-28,CUST0721,North,Grocery,1,1274.9,1274.9
TXN101278,2024-12-28,CUST0474,North,Apparel,1,7808.63,7808.63
TXN107954,2024-12-29,CUST0509,South,Electronics,2,34263.25,68526.5
TXN113995,2024-12-29,CUST0239,North,Electronics,1,37051.87,37051.87
TXN100184,2024-12-29,CUST0519,North,Grocery,1,2075.57,2075.57
TXN113139,2024-12-29,CUST0281,West,Beauty,1,2051.51,2051.51
TXN113246,2024-12-29,CUST0289,Central,Home & Living,1,1956.82,1956.82
TXN102327,2024-12-29,CUST0519,North,Apparel,1,6467.53,6467.53
TXN109221,2024-12-29,CUST0049,East,Grocery,2,838.01,1676.02
TXN105794,2024-12-29,CUST0229,South,Electronics,1,49375.18,49375.18
TXN103548,2024-12-29,CUST0495,West,Apparel,1,1557.79,1557.79
TXN107998,2024-12-29,CUST0199,Central,Apparel,1,6783.52,6783.52
TXN102318,2024-12-29,CUST0527,North,Home & Living,1,495.1,495.1
TXN102016,2024-12-29,CUST0447,North,Home & Living,1,3390.52,3390.52
TXN113572,2024-12-29,CUST0588,North,Home & Living,1,2847.67,2847.67
TXN112939,2024-12-29,CUST0261,West,Grocery,1,1058.08,1058.08
TXN103278,2024-12-29,CUST0286,South,Electronics,1,24373.34,24373.34
TXN111910,2024-12-29,CUST0402,North,Grocery,1,977.0,977.0
TXN102670,2024-12-29,CUST0511,North,Home & Living,1,5962.24,5962.24
TXN103122,2024-12-29,CUST0173,West,Grocery,2,477.31,954.62
TXN114577,2024-12-29,CUST0367,West,Apparel,1,6287.19,6287.19
TXN103997,2024-12-29,CUST0534,Central,Grocery,1,722.07,722.07
TXN112874,2024-12-29,CUST0314,East,Electronics,1,33471.3,33471.3
TXN102824,2024-12-29,CUST0252,East,Beauty,2,1746.79,3493.59
TXN109130,2024-12-29,CUST0289,Central,Grocery,1,564.42,564.42
TXN108315,2024-12-29,CUST0754,Central,Electronics,1,26626.78,26626.78
TXN108600,2024-12-29,CUST0419,East,Beauty,1,1968.99,1968.99
TXN102627,2024-12-29,CUST0507,West,Apparel,1,1132.33,1132.33
TXN100947,2024-12-29,CUST0327,North,Home & Living,2,4719.79,9439.58
TXN112157,2024-12-29,CUST0657,West,Beauty,1,593.86,593.86
TXN112670,2024-12-29,CUST0405,South,Electronics,1,11857.19,11857.19
TXN112785,2024-12-29,CUST0672,West,Home & Living,1,13386.98,13386.98
TXN107005,2024-12-29,CUST0328,South,Apparel,1,3997.16,3997.16
TXN102955,2024-12-29,CUST0454,North,Grocery,1,978.5,978.5
TXN101530,2024-12-29,CUST0644,South,Apparel,1,1519.98,1519.98
TXN106986,2024-12-29,CUST0705,South,Electronics,1,1986.51,1986.51
TXN105169,2024-12-29,CUST0262,Central,Electronics,1,51110.59,51110.59
TXN113924,2024-12-29,CUST0432,North,Beauty,2,436.15,872.31
TXN104844,2024-12-30,CUST0476,North,Beauty,1,3897.28,3897.28
TXN112472,2024-12-30,CUST0274,North,Apparel,1,779.16,779.16
TXN103919,2024-12-30,CUST0509,South,Electronics,1,50840.56,50840.56
TXN114610,2024-12-30,CUST0779,East,Apparel,1,2283.32,2283.32
TXN106329,2024-12-30,CUST0141,North,Beauty,1,2987.96,2987.96
TXN106327,2024-12-30,CUST0693,North,Home & Living,1,1943.7,1943.7
TXN106831,2024-12-30,CUST0472,West,Apparel,1,7022.54,7022.54
TXN113955,2024-12-30,CUST0643,East,Apparel,3,2239.86,6719.58
TXN102696,2024-12-30,CUST0119,West,Home & Living,1,7415.47,7415.47
TXN109201,2024-12-30,CUST0672,West,Grocery,1,1003.86,1003.86
TXN114834,2024-12-30,CUST0243,South,Apparel,1,2515.59,2515.59
TXN111938,2024-12-30,CUST0670,West,Grocery,3,512.45,1537.34
TXN114133,2024-12-30,CUST0302,Central,Home & Living,1,4039.18,4039.18
TXN112555,2024-12-30,CUST0668,South,Home & Living,1,2454.56,2454.56
TXN109191,2024-12-30,CUST0268,North,Home & Living,1,1436.28,1436.28
TXN113173,2024-12-30,CUST0413,North,Grocery,1,1749.28,1749.28
TXN111189,2024-12-30,CUST0283,South,Electronics,1,4705.56,4705.56
TXN105043,2024-12-30,CUST0720,Central,Beauty,1,2399.94,2399.94
TXN103978,2024-12-30,CUST0734,North,Apparel,1,2737.63,2737.63
TXN103584,2024-12-30,CUST0591,North,Apparel,1,1405.88,1405.88
TXN103192,2024-12-30,CUST0052,West,Apparel,1,3941.94,3941.94
TXN109502,2024-12-30,CUST0607,West,Apparel,2,1716.79,3433.58
TXN110638,2024-12-30,CUST0265,South,Grocery,1,315.73,315.73
TXN105692,2024-12-30,CUST0089,North,Electronics,1,52892.01,52892.01
TXN105990,2024-12-30,CUST0160,West,Grocery,2,752.53,1505.06
TXN104314,2024-12-30,CUST0415,West,Grocery,1,743.3,743.3
TXN108629,2024-12-30,CUST0215,West,Electronics,1,22370.58,22370.58
TXN101031,2024-12-30,CUST0551,West,Grocery,1,713.82,713.82
TXN111348,2024-12-30,CUST0713,Central,Apparel,1,1424.36,1424.36
TXN113539,2024-12-30,CUST0656,Central,Apparel,1,1274.34,1274.34
TXN102292,2024-12-30,CUST0532,West,Electronics,1,28742.02,28742.02
TXN114803,2024-12-30,CUST0368,East,Beauty,1,937.44,937.44
TXN108035,2024-12-30,CUST0167,West,Home & Living,2,3050.94,6101.88
TXN103929,2024-12-30,CUST0241,East,Apparel,1,4372.6,4372.6
TXN110068,2024-12-30,CUST0537,North,Apparel,1,764.23,764.23
TXN109878,2024-12-30,CUST0251,West,Electronics,1,12017.03,12017.03
TXN103132,2024-12-30,CUST0569,North,Electronics,1,63222.7,63222.7
TXN106474,2024-12-31,CUST0669,West,Beauty,1,1689.55,1689.55
TXN111289,2024-12-31,CUST0620,Central,Grocery,1,192.69,192.69
TXN109091,2024-12-31,CUST0056,North,Grocery,1,1808.59,1808.59
TXN113556,2024-12-31,CUST0202,East,Home & Living,1,3246.4,3246.4
TXN114350,2024-12-31,CUST0762,North,Grocery,2,472.63,945.26
TXN103489,2024-12-31,CUST0102,North,Apparel,1,2657.7,2657.7
TXN110144,2024-12-31,CUST0650,West,Beauty,1,1594.46,1594.46
TXN106632,2024-12-31,CUST0632,East,Apparel,2,4851.71,9703.41
TXN106614,2024-12-31,CUST0305,Central,Beauty,1,2065.01,2065.01
TXN110040,2024-12-31,CUST0794,North,Grocery,1,668.46,668.46
TXN109934,2024-12-31,CUST0315,East,Grocery,1,708.2,708.2
TXN108496,2024-12-31,CUST0473,West,Grocery,1,516.65,516.65
TXN111957,2024-12-31,CUST0597,South,Beauty,1,2499.17,2499.17
TXN109802,2024-12-31,CUST0710,West,Home & Living,1,2708.34,2708.34
TXN110621,2024-12-31,CUST0060,North,Apparel,1,2326.23,2326.23
TXN111473,2024-12-31,CUST0440,North,Apparel,1,2450.59,2450.59
TXN105828,2024-12-31,CUST0522,North,Electronics,2,27718.56,55437.11
TXN102801,2024-12-31,CUST0416,North,Electronics,1,7808.69,7808.69
TXN104670,2024-12-31,CUST0277,South,Electronics,2,30558.55,61117.09
TXN104020,2024-12-31,CUST0087,East,Home & Living,1,1558.16,1558.16
TXN109618,2024-12-31,CUST0352,West,Apparel,1,1172.13,1172.13
TXN106912,2024-12-31,CUST0557,Central,Apparel,2,1129.25,2258.51
TXN112086,2024-12-31,CUST0463,South,Home & Living,2,7803.93,15607.87
TXN111560,2024-12-31,CUST0434,North,Apparel,1,2099.13,2099.13
TXN108066,2024-12-31,CUST0043,North,Home & Living,1,4496.78,4496.78
TXN104644,2024-12-31,CUST0595,South,Electronics,2,57205.92,114411.84
TXN101942,2024-12-31,CUST0122,South,Home & Living,1,4100.28,4100.28
TXN100183,2024-12-31,CUST0505,West,Grocery,1,273.25,273.25
TXN103135,2024-12-31,CUST0102,North,Beauty,1,1699.53,1699.53
TXN103130,2024-12-31,CUST0104,East,Grocery,3,764.48,2293.43
TXN100136,2024-12-31,CUST0367,West,Beauty,1,4953.34,4953.34
TXN106176,2024-12-31,CUST0270,South,Beauty,1,1198.28,1198.28
TXN101859,2024-12-31,CUST0511,North,Home & Living,1,6975.36,6975.36
TXN100044,2024-12-31,CUST0075,North,Apparel,2,4301.1,8602.21
TXN100716,2024-12-31,CUST0227,West,Apparel,2,2209.31,4418.63
TXN102332,2024-12-31,CUST0494,West,Grocery,3,366.19,1098.56
TXN114824,2024-12-31,CUST0419,East,Electronics,1,30329.96,30329.96
TXN110804,2024-12-31,CUST0800,Central,Electronics,2,71938.92,143877.84
TXN103220,2024-12-31,CUST0232,East,Grocery,1,708.57,708.57
TXN102349,2024-12-31,CUST0193,North,Grocery,1,551.42,551.42
TXN102134,2024-12-31,CUST0201,North,Apparel,1,1297.71,1297.71
TXN111917,2024-12-31,CUST0748,East,Home & Living,2,3796.68,7593.36
TXN114872,2024-12-31,CUST0233,North,Electronics,2,34603.52,69207.05
TXN114846,2024-12-31,CUST0662,East,Grocery,2,293.03,586.06
TXN112326,2024-12-31,CUST0035,South,Electronics,1,55872.58,55872.58
TXN110726,2024-12-31,CUST0620,Central,Apparel,1,1416.63,1416.63
TXN103512,2024-12-31,CUST0479,North,Apparel,3,1091.99,3275.98
TXN108938,2024-12-31,CUST0452,South,Beauty,1,2420.94,2420.94
TXN108132,2024-12-31,CUST0384,Central,Home & Living,1,10522.76,10522.76
TXN109308,2024-12-31,CUST0676,East,Apparel,1,7648.58,7648.58
TXN108635,2025-01-01,CUST0468,South,Apparel,2,2025.16,4050.31
TXN110015,2025-01-01,CUST0622,East,Grocery,1,197.4,197.4
TXN112183,2025-01-01,CUST0229,South,Electronics,1,60042.39,60042.39
TXN112640,2025-01-01,CUST0645,West,Grocery,2,135.65,271.31
TXN113933,2025-01-01,CUST0078,East,Home & Living,1,5572.54,5572.54
TXN103721,2025-01-01,CUST0229,South,Home & Living,1,3510.29,3510.29
TXN113877,2025-01-01,CUST0442,West,Apparel,2,3039.42,6078.84
TXN109044,2025-01-01,CUST0182,West,Electronics,1,18504.56,18504.56
TXN102510,2025-01-01,CUST0454,North,Apparel,1,6651.81,6651.81
TXN109535,2025-01-01,CUST0136,North,Home & Living,1,2507.02,2507.02
TXN101731,2025-01-01,CUST0582,South,Apparel,2,4764.99,9529.99
TXN104734,2025-01-01,CUST0199,Central,Electronics,2,41213.61,82427.21
TXN104011,2025-01-01,CUST0527,North,Home & Living,1,2966.85,2966.85
TXN103813,2025-01-01,CUST0045,North,Home & Living,1,1648.15,1648.15
TXN105528,2025-01-01,CUST0259,South,Apparel,1,849.0,849.0
TXN112075,2025-01-01,CUST0449,Central,Grocery,1,826.59,826.59
TXN102370,2025-01-01,CUST0785,Central,Apparel,2,745.14,1490.27
TXN100980,2025-01-01,CUST0105,South,Home & Living,3,6252.24,18756.71
TXN100783,2025-01-01,CUST0353,West,Apparel,1,2960.06,2960.06
TXN105953,2025-01-01,CUST0380,East,Electronics,1,29997.46,29997.46
TXN109968,2025-01-01,CUST0086,North,Beauty,1,627.26,627.26
TXN111732,2025-01-01,CUST0412,South,Apparel,1,6333.58,6333.58
TXN104283,2025-01-01,CUST0799,North,Apparel,1,1858.53,1858.53
TXN108378,2025-01-02,CUST0764,North,Beauty,1,2328.93,2328.93
TXN113863,2025-01-02,CUST0241,East,Electronics,1,72094.33,72094.33
TXN103359,2025-01-02,CUST0588,North,Beauty,1,433.17,433.17
TXN108965,2025-01-02,CUST0552,East,Apparel,1,502.98,502.98
TXN109903,2025-01-02,CUST0270,South,Beauty,1,206.85,206.85
TXN104186,2025-01-02,CUST0221,West,Home & Living,1,2942.37,2942.37
TXN104129,2025-01-02,CUST0746,South,Apparel,1,1603.82,1603.82
TXN105727,2025-01-02,CUST0578,East,Grocery,1,127.03,127.03
TXN110356,2025-01-02,CUST0533,North,Apparel,1,7344.41,7344.41
TXN108404,2025-01-02,CUST0389,South,Beauty,1,2486.96,2486.96
TXN100685,2025-01-02,CUST0227,West,Grocery,1,729.15,729.15
TXN107355,2025-01-02,CUST0257,West,Electronics,1,21343.18,21343.18
TXN108383,2025-01-02,CUST0732,East,Grocery,1,850.53,850.53
TXN107996,2025-01-02,CUST0403,North,Electronics,1,6058.19,6058.19
TXN114192,2025-01-02,CUST0168,South,Electronics,1,21480.96,21480.96
TXN113054,2025-01-03,CUST0388,North,Apparel,1,1523.8,1523.8
TXN108327,2025-01-03,CUST0800,Central,Home & Living,1,11608.36,11608.36
TXN109093,2025-01-03,CUST0162,East,Electronics,1,27831.67,27831.67
TXN107469,2025-01-03,CUST0113,East,Apparel,1,2735.6,2735.6
TXN110571,2025-01-03,CUST0709,East,Beauty,1,922.83,922.83
TXN104299,2025-01-03,CUST0429,Central,Home & Living,1,3661.37,3661.37
TXN112064,2025-01-03,CUST0384,Central,Beauty,1,2658.98,2658.98
TXN102129,2025-01-03,CUST0476,North,Electronics,1,38565.82,38565.82
TXN103488,2025-01-03,CUST0465,North,Electronics,2,54868.14,109736.28
TXN102140,2025-01-03,CUST0726,North,Apparel,1,2301.95,2301.95
TXN110603,2025-01-03,CUST0601,North,Apparel,1,1905.22,1905.22
TXN103085,2025-01-03,CUST0315,East,Grocery,1,909.95,909.95
TXN102626,2025-01-03,CUST0290,North,Home & Living,1,7642.57,7642.57
TXN104700,2025-01-03,CUST0619,South,Apparel,1,1008.59,1008.59
TXN106206,2025-01-03,CUST0564,East,Electronics,3,27665.51,82996.54
TXN112233,2025-01-03,CUST0797,North,Beauty,1,2501.52,2501.52
TXN106010,2025-01-03,CUST0250,North,Electronics,1,12964.3,12964.3
TXN109761,2025-01-03,CUST0351,West,Apparel,1,799.3,799.3
TXN113201,2025-01-04,CUST0646,North,Apparel,3,970.17,2910.5
TXN101757,2025-01-04,CUST0306,North,Beauty,1,1550.71,1550.71
TXN104369,2025-01-04,CUST0662,East,Electronics,1,65683.72,65683.72
TXN108518,2025-01-04,CUST0079,North,Grocery,2,557.68,1115.35
TXN107980,2025-01-04,CUST0226,South,Apparel,1,2181.74,2181.74
TXN101533,2025-01-04,CUST0440,North,Apparel,1,1288.09,1288.09
TXN101706,2025-01-04,CUST0298,North,Home & Living,1,2236.56,2236.56
TXN100724,2025-01-04,CUST0660,East,Apparel,1,1492.92,1492.92
TXN113484,2025-01-04,CUST0200,South,Beauty,1,486.83,486.83
TXN106025,2025-01-04,CUST0513,East,Electronics,1,26295.16,26295.16
TXN106642,2025-01-04,CUST0022,North,Electronics,2,22391.06,44782.11
TXN111174,2025-01-04,CUST0383,East,Beauty,1,1936.01,1936.01
TXN100280,2025-01-04,CUST0538,West,Apparel,1,383.5,383.5
TXN105791,2025-01-04,CUST0022,North,Apparel,1,429.78,429.78
TXN114815,2025-01-04,CUST0325,East,Grocery,1,1525.45,1525.45
TXN110856,2025-01-04,CUST0189,North,Electronics,2,18496.86,36993.71
TXN100644,2025-01-05,CUST0685,South,Grocery,1,599.45,599.45
TXN106014,2025-01-05,CUST0200,South,Electronics,1,30777.51,30777.51
TXN102075,2025-01-05,CUST0229,South,Electronics,1,51416.18,51416.18
TXN102444,2025-01-05,CUST0332,South,Electronics,3,26898.23,80694.69
TXN106476,2025-01-05,CUST0486,East,Electronics,1,53291.8,53291.8
TXN112141,2025-01-05,CUST0068,North,Grocery,1,60.53,60.53
TXN105125,2025-01-05,CUST0075,North,Apparel,1,2359.93,2359.93
TXN100906,2025-01-05,CUST0685,South,Apparel,1,4153.23,4153.23
TXN106542,2025-01-05,CUST0509,South,Apparel,1,2436.34,2436.34
TXN100550,2025-01-05,CUST0265,South,Electronics,1,24139.08,24139.08
TXN100159,2025-01-05,CUST0442,West,Beauty,1,638.8,638.8
TXN107878,2025-01-05,CUST0229,South,Grocery,1,1141.76,1141.76
TXN113669,2025-01-05,CUST0068,North,Home & Living,1,2980.72,2980.72
TXN101744,2025-01-05,CUST0386,Central,Electronics,2,35830.5,71661.0
TXN100713,2025-01-05,CUST0549,Central,Beauty,3,309.63,928.9
TXN104131,2025-01-05,CUST0280,Central,Apparel,1,4171.58,4171.58
TXN104154,2025-01-05,CUST0733,West,Home & Living,2,6095.3,12190.6
TXN106994,2025-01-05,CUST0579,South,Apparel,2,817.26,1634.52
TXN107693,2025-01-05,CUST0454,North,Beauty,1,3067.34,3067.34
TXN104875,2025-01-06,CUST0746,South,Electronics,2,40898.45,81796.91
TXN102480,2025-01-06,CUST0541,North,Apparel,1,7773.05,7773.05
TXN107354,2025-01-06,CUST0268,North,Home & Living,1,696.2,696.2
TXN101080,2025-01-06,CUST0220,North,Grocery,1,406.34,406.34
TXN101952,2025-01-06,CUST0468,South,Apparel,2,1807.68,3615.37
TXN111736,2025-01-06,CUST0685,South,Grocery,1,1562.48,1562.48
TXN107153,2025-01-06,CUST0145,North,Electronics,2,29287.19,58574.38
TXN107212,2025-01-06,CUST0679,West,Grocery,1,236.28,236.28
TXN101003,2025-01-06,CUST0254,West,Home & Living,1,3897.92,3897.92
TXN101066,2025-01-06,CUST0116,South,Beauty,1,919.41,919.41
TXN101510,2025-01-06,CUST0505,West,Beauty,1,2545.02,2545.02
TXN112276,2025-01-06,CUST0414,West,Home & Living,2,7309.02,14618.03
TXN114775,2025-01-06,CUST0170,South,Electronics,1,10075.38,10075.38
TXN110506,2025-01-06,CUST0597,South,Apparel,1,3831.34,3831.34
TXN101969,2025-01-06,CUST0691,North,Apparel,1,427.52,427.52
TXN114971,2025-01-06,CUST0153,North,Electronics,1,31401.95,31401.95
TXN113077,2025-01-07,CUST0605,East,Home & Living,1,1505.1,1505.1
TXN102047,2025-01-07,CUST0352,West,Grocery,1,539.94,539.94
TXN106556,2025-01-07,CUST0556,West,Apparel,1,3019.89,3019.89
TXN108229,2025-01-07,CUST0520,North,Grocery,3,371.47,1114.4
TXN108200,2025-01-07,CUST0621,South,Grocery,1,752.67,752.67
TXN110324,2025-01-07,CUST0242,West,Beauty,1,4404.06,4404.06
TXN107816,2025-01-07,CUST0478,Central,Electronics,3,27120.21,81360.62
TXN103481,2025-01-07,CUST0089,North,Electronics,2,13380.89,26761.77
TXN114154,2025-01-07,CUST0732,East,Apparel,1,1404.72,1404.72
TXN113183,2025-01-07,CUST0467,South,Apparel,1,2589.57,2589.57
TXN110483,2025-01-07,CUST0179,South,Electronics,1,59910.76,59910.76
TXN113242,2025-01-07,CUST0192,West,Grocery,2,1696.2,3392.4
TXN103033,2025-01-07,CUST0690,South,Apparel,1,2847.91,2847.91
TXN103659,2025-01-07,CUST0708,East,Beauty,1,2749.05,2749.05
TXN111766,2025-01-07,CUST0138,Central,Home & Living,1,2189.65,2189.65
TXN101430,2025-01-07,CUST0167,West,Home & Living,3,3658.46,10975.38
TXN112710,2025-01-07,CUST0189,North,Home & Living,1,3436.21,3436.21
TXN114228,2025-01-07,CUST0211,North,Electronics,1,24885.89,24885.89
TXN113633,2025-01-07,CUST0379,West,Apparel,1,3468.04,3468.04
TXN112719,2025-01-07,CUST0068,North,Apparel,2,2444.44,4888.88
TXN106218,2025-01-07,CUST0728,South,Apparel,3,3107.65,9322.94
TXN102787,2025-01-07,CUST0044,Central,Home & Living,1,3003.14,3003.14
TXN114568,2025-01-07,CUST0359,West,Grocery,1,440.95,440.95
TXN102614,2025-01-07,CUST0505,West,Grocery,1,566.05,566.05
TXN105994,2025-01-07,CUST0101,North,Electronics,1,24496.62,24496.62
TXN102808,2025-01-07,CUST0306,North,Electronics,1,43927.56,43927.56
TXN104363,2025-01-07,CUST0612,North,Apparel,1,1669.61,1669.61
TXN114666,2025-01-07,CUST0768,North,Apparel,1,2395.27,2395.27
TXN111935,2025-01-08,CUST0204,West,Electronics,1,57658.93,57658.93
TXN108679,2025-01-08,CUST0352,West,Apparel,1,3983.41,3983.41
TXN114276,2025-01-08,CUST0140,East,Home & Living,1,11382.09,11382.09
TXN105540,2025-01-08,CUST0759,West,Beauty,1,1071.27,1071.27
TXN111870,2025-01-08,CUST0130,North,Apparel,1,1751.86,1751.86
TXN104086,2025-01-08,CUST0406,West,Apparel,1,1577.21,1577.21
TXN106915,2025-01-08,CUST0205,West,Grocery,1,70.19,70.19
TXN114518,2025-01-08,CUST0242,West,Home & Living,1,6814.61,6814.61
TXN100929,2025-01-08,CUST0800,Central,Electronics,2,27049.95,54099.9
TXN110906,2025-01-08,CUST0523,West,Home & Living,3,4967.76,14903.27
TXN111082,2025-01-08,CUST0320,North,Beauty,1,1406.97,1406.97
TXN103848,2025-01-08,CUST0441,West,Apparel,1,1385.76,1385.76
TXN101892,2025-01-08,CUST0710,West,Beauty,1,223.65,223.65
TXN110404,2025-01-08,CUST0427,South,Home & Living,1,4339.64,4339.64
TXN104586,2025-01-08,CUST0625,Central,Home & Living,2,1887.24,3774.48
TXN107140,2025-01-08,CUST0479,North,Beauty,1,2648.97,2648.97
TXN104436,2025-01-08,CUST0558,South,Apparel,1,940.99,940.99
TXN107452,2025-01-08,CUST0035,South,Electronics,1,20796.82,20796.82
TXN102736,2025-01-09,CUST0479,North,Apparel,2,4282.19,8564.37
TXN112801,2025-01-09,CUST0352,West,Apparel,2,1327.61,2655.21
TXN112505,2025-01-09,CUST0242,West,Electronics,1,26805.43,26805.43
TXN100714,2025-01-09,CUST0797,North,Electronics,2,56109.53,112219.07
TXN112497,2025-01-09,CUST0786,North,Electronics,2,44335.57,88671.14
TXN105266,2025-01-09,CUST0315,East,Electronics,1,42170.32,42170.32
TXN111529,2025-01-09,CUST0171,East,Grocery,1,606.93,606.93
TXN109204,2025-01-09,CUST0794,North,Beauty,1,2716.67,2716.67
TXN109496,2025-01-09,CUST0547,South,Home & Living,1,4170.65,4170.65
TXN113106,2025-01-09,CUST0440,North,Electronics,1,23425.88,23425.88
TXN110782,2025-01-09,CUST0406,West,Beauty,1,1791.98,1791.98
TXN102812,2025-01-09,CUST0527,North,Grocery,1,794.03,794.03
TXN100440,2025-01-09,CUST0682,North,Grocery,1,585.34,585.34
TXN106733,2025-01-09,CUST0353,West,Grocery,1,115.89,115.89
TXN106801,2025-01-10,CUST0750,East,Apparel,1,2587.5,2587.5
TXN113744,2025-01-10,CUST0564,East,Electronics,2,16998.56,33997.12
TXN103236,2025-01-10,CUST0303,Central,Home & Living,1,3347.44,3347.44
TXN102888,2025-01-10,CUST0616,Central,Home & Living,2,2725.34,5450.68
TXN106956,2025-01-10,CUST0055,North,Grocery,1,343.75,343.75
TXN110221,2025-01-10,CUST0518,West,Home & Living,1,1868.35,1868.35
TXN114892,2025-01-10,CUST0317,North,Electronics,1,15623.47,15623.47
TXN108072,2025-01-10,CUST0312,North,Apparel,1,576.12,576.12
TXN103191,2025-01-10,CUST0767,East,Electronics,3,14214.19,42642.57
TXN111656,2025-01-10,CUST0080,North,Electronics,1,21703.59,21703.59
TXN104658,2025-01-10,CUST0672,West,Electronics,2,53582.18,107164.36
TXN107074,2025-01-10,CUST0052,West,Beauty,1,2602.85,2602.85
TXN103223,2025-01-10,CUST0315,East,Electronics,1,10900.51,10900.51
TXN100224,2025-01-10,CUST0509,South,Beauty,1,1413.85,1413.85
TXN106670,2025-01-10,CUST0271,South,Grocery,1,570.92,570.92
TXN109031,2025-01-10,CUST0582,South,Home & Living,2,5011.48,10022.95
TXN113011,2025-01-10,CUST0676,East,Grocery,3,1647.13,4941.39
TXN114398,2025-01-10,CUST0583,Central,Apparel,1,2800.52,2800.52
TXN104269,2025-01-10,CUST0472,West,Grocery,2,164.27,328.53
TXN104223,2025-01-10,CUST0575,North,Home & Living,3,3560.94,10682.83
TXN113088,2025-01-10,CUST0768,North,Grocery,2,1613.86,3227.73
TXN101935,2025-01-10,CUST0113,East,Home & Living,1,13825.25,13825.25
TXN102443,2025-01-10,CUST0490,North,Electronics,2,76847.71,153695.43
TXN111615,2025-01-11,CUST0377,West,Grocery,1,90.75,90.75
TXN100055,2025-01-11,CUST0753,West,Electronics,1,28436.48,28436.48
TXN106447,2025-01-11,CUST0029,West,Home & Living,1,2249.14,2249.14
TXN113442,2025-01-11,CUST0135,North,Electronics,1,63771.13,63771.13
TXN102935,2025-01-11,CUST0472,West,Grocery,3,1684.47,5053.4
TXN104728,2025-01-11,CUST0382,South,Electronics,1,28951.93,28951.93
TXN107447,2025-01-11,CUST0461,North,Apparel,1,873.41,873.41
TXN109416,2025-01-11,CUST0527,North,Grocery,1,460.11,460.11
TXN109418,2025-01-11,CUST0321,Central,Beauty,1,233.93,233.93
TXN106739,2025-01-11,CUST0621,South,Electronics,1,4842.73,4842.73
TXN114025,2025-01-11,CUST0258,South,Home & Living,2,4125.06,8250.11
TXN105489,2025-01-11,CUST0071,South,Home & Living,1,3260.26,3260.26
TXN102200,2025-01-11,CUST0242,West,Beauty,1,1221.51,1221.51
TXN103767,2025-01-11,CUST0296,North,Apparel,1,1658.17,1658.17
TXN106489,2025-01-12,CUST0713,Central,Grocery,1,41.01,41.01
TXN111677,2025-01-12,CUST0541,North,Apparel,2,3247.98,6495.96
TXN110039,2025-01-12,CUST0323,West,Grocery,1,834.23,834.23
TXN100454,2025-01-12,CUST0681,West,Grocery,3,545.55,1636.66
TXN110683,2025-01-12,CUST0338,South,Electronics,1,6280.1,6280.1
TXN108719,2025-01-12,CUST0160,West,Home & Living,1,6856.32,6856.32
TXN108458,2025-01-12,CUST0424,Central,Home & Living,1,1427.8,1427.8
TXN109797,2025-01-12,CUST0537,North,Home & Living,1,5885.78,5885.78
TXN100847,2025-01-12,CUST0163,North,Electronics,1,20348.31,20348.31
TXN108136,2025-01-12,CUST0536,East,Electronics,1,51735.44,51735.44
TXN108800,2025-01-12,CUST0142,East,Home & Living,3,5288.75,15866.24
TXN109601,2025-01-12,CUST0314,East,Apparel,1,5853.01,5853.01
TXN112799,2025-01-12,CUST0046,South,Beauty,1,721.32,721.32
TXN112916,2025-01-12,CUST0402,North,Home & Living,1,7821.54,7821.54
TXN110857,2025-01-12,CUST0383,East,Beauty,2,1072.7,2145.4
TXN102308,2025-01-12,CUST0463,South,Home & Living,1,3082.69,3082.69
TXN105258,2025-01-13,CUST0732,East,Home & Living,1,2251.55,2251.55
TXN100606,2025-01-13,CUST0229,South,Apparel,1,4591.89,4591.89
TXN101667,2025-01-13,CUST0451,West,Apparel,1,1201.34,1201.34
TXN107054,2025-01-13,CUST0297,North,Apparel,1,3910.69,3910.69
TXN101268,2025-01-13,CUST0230,West,Apparel,1,2021.92,2021.92
TXN104522,2025-01-13,CUST0003,East,Grocery,2,481.34,962.67
TXN109244,2025-01-13,CUST0112,North,Apparel,1,2543.82,2543.82
TXN111277,2025-01-13,CUST0523,West,Beauty,1,3208.9,3208.9
TXN101068,2025-01-13,CUST0578,East,Beauty,1,5332.65,5332.65
TXN102840,2025-01-13,CUST0706,South,Grocery,1,263.98,263.98
TXN111588,2025-01-13,CUST0768,North,Apparel,1,3767.22,3767.22
TXN105713,2025-01-13,CUST0286,South,Grocery,1,501.11,501.11
TXN111050,2025-01-13,CUST0316,East,Home & Living,1,1102.15,1102.15
TXN108172,2025-01-14,CUST0147,North,Grocery,2,154.4,308.79
TXN106282,2025-01-14,CUST0445,West,Apparel,1,2917.24,2917.24
TXN114770,2025-01-14,CUST0472,West,Electronics,2,35360.87,70721.73
TXN109944,2025-01-14,CUST0367,West,Apparel,2,3082.99,6165.99
TXN100339,2025-01-14,CUST0064,South,Electronics,2,8907.49,17814.98
TXN106061,2025-01-14,CUST0492,North,Electronics,2,18993.82,37987.65
TXN105819,2025-01-14,CUST0559,North,Grocery,1,579.3,579.3
TXN104256,2025-01-14,CUST0120,North,Grocery,1,218.47,218.47
TXN108007,2025-01-14,CUST0400,North,Grocery,1,66.06,66.06
TXN112898,2025-01-14,CUST0274,North,Apparel,2,4536.39,9072.79
TXN111171,2025-01-14,CUST0486,East,Grocery,1,332.98,332.98
TXN108411,2025-01-14,CUST0572,North,Electronics,1,28474.77,28474.77
TXN100895,2025-01-14,CUST0400,North,Apparel,1,3076.73,3076.73
TXN103989,2025-01-14,CUST0507,West,Electronics,3,76784.1,230352.3
TXN112805,2025-01-14,CUST0027,South,Apparel,1,1682.95,1682.95
TXN105262,2025-01-14,CUST0769,East,Grocery,1,505.31,505.31
TXN103826,2025-01-14,CUST0791,West,Apparel,1,1097.86,1097.86
TXN100035,2025-01-14,CUST0194,East,Beauty,1,247.83,247.83
TXN102093,2025-01-14,CUST0194,East,Grocery,1,526.57,526.57
TXN109357,2025-01-14,CUST0550,North,Grocery,1,341.08,341.08
TXN102983,2025-01-14,CUST0606,South,Apparel,1,759.97,759.97
TXN108469,2025-01-15,CUST0719,North,Electronics,1,7483.47,7483.47
TXN106403,2025-01-15,CUST0744,North,Apparel,2,547.65,1095.3
TXN107211,2025-01-15,CUST0325,East,Beauty,1,3032.81,3032.81
TXN111919,2025-01-15,CUST0221,West,Home & Living,1,887.75,887.75
TXN107496,2025-01-15,CUST0237,South,Apparel,1,3136.27,3136.27
TXN112076,2025-01-15,CUST0299,West,Beauty,1,1898.34,1898.34
TXN100676,2025-01-15,CUST0582,South,Beauty,1,919.69,919.69
TXN104113,2025-01-15,CUST0759,West,Electronics,1,37720.76,37720.76
TXN101298,2025-01-15,CUST0347,West,Home & Living,1,7497.83,7497.83
TXN111601,2025-01-15,CUST0411,South,Beauty,1,270.98,270.98
TXN100430,2025-01-15,CUST0166,South,Apparel,2,1705.98,3411.96
TXN112304,2025-01-15,CUST0414,West,Grocery,1,926.88,926.88
TXN110495,2025-01-15,CUST0155,South,Grocery,2,776.3,1552.59
TXN110890,2025-01-15,CUST0643,East,Apparel,3,1499.53,4498.6
TXN108886,2025-01-15,CUST0008,Central,Apparel,1,2877.37,2877.37
TXN110618,2025-01-15,CUST0087,East,Grocery,1,586.14,586.14
TXN103448,2025-01-15,CUST0265,South,Apparel,1,4827.88,4827.88
TXN105831,2025-01-15,CUST0375,East,Grocery,1,459.56,459.56
TXN100140,2025-01-16,CUST0662,East,Electronics,1,27587.18,27587.18
TXN111352,2025-01-16,CUST0489,North,Electronics,1,57411.49,57411.49
TXN106202,2025-01-16,CUST0794,North,Grocery,1,344.31,344.31
TXN112636,2025-01-16,CUST0755,North,Beauty,1,1442.74,1442.74
TXN106804,2025-01-16,CUST0368,East,Electronics,2,23468.3,46936.59
TXN110112,2025-01-16,CUST0539,North,Electronics,3,8151.46,24454.38
TXN114077,2025-01-16,CUST0472,West,Apparel,2,4848.22,9696.43
TXN107066,2025-01-16,CUST0553,South,Grocery,1,253.46,253.46
TXN113914,2025-01-16,CUST0380,East,Electronics,1,17765.34,17765.34
TXN101331,2025-01-16,CUST0519,North,Apparel,1,2915.0,2915.0
TXN105096,2025-01-16,CUST0521,North,Grocery,1,1064.93,1064.93
TXN101894,2025-01-16,CUST0519,North,Apparel,1,3951.21,3951.21
TXN111717,2025-01-16,CUST0391,North,Apparel,1,3376.68,3376.68
TXN101870,2025-01-16,CUST0015,West,Beauty,1,1918.73,1918.73
TXN106052,2025-01-16,CUST0059,East,Grocery,2,713.2,1426.4
TXN105979,2025-01-16,CUST0552,East,Beauty,1,592.1,592.1
TXN109376,2025-01-16,CUST0753,West,Electronics,1,32188.39,32188.39
TXN106979,2025-01-17,CUST0053,North,Apparel,1,7751.76,7751.76
TXN103177,2025-01-17,CUST0248,North,Apparel,1,4450.81,4450.81
TXN111271,2025-01-17,CUST0711,West,Grocery,1,113.97,113.97
TXN100940,2025-01-17,CUST0519,North,Apparel,1,7395.02,7395.02
TXN109057,2025-01-17,CUST0436,South,Beauty,1,192.26,192.26
TXN107579,2025-01-17,CUST0004,East,Beauty,2,1643.67,3287.35
TXN113119,2025-01-17,CUST0272,North,Beauty,1,1954.66,1954.66
TXN110966,2025-01-17,CUST0569,North,Apparel,2,7511.53,15023.06
TXN106846,2025-01-17,CUST0454,North,Electronics,1,25611.83,25611.83
TXN103692,2025-01-17,CUST0035,South,Apparel,1,4030.53,4030.53
TXN104843,2025-01-17,CUST0031,North,Apparel,1,479.02,479.02
TXN106460,2025-01-17,CUST0500,West,Beauty,1,1712.28,1712.28
TXN108252,2025-01-17,CUST0050,East,Beauty,3,1693.94,5081.83
TXN110125,2025-01-17,CUST0331,West,Electronics,1,8588.1,8588.1
TXN108002,2025-01-17,CUST0141,North,Grocery,1,2005.61,2005.61
TXN112338,2025-01-18,CUST0352,West,Apparel,1,3106.24,3106.24
TXN108939,2025-01-18,CUST0390,West,Home & Living,1,2441.13,2441.13
TXN107571,2025-01-18,CUST0685,South,Grocery,1,579.11,579.11
TXN111594,2025-01-18,CUST0449,Central,Apparel,1,540.43,540.43
TXN114886,2025-01-18,CUST0778,East,Home & Living,2,5376.4,10752.79
TXN113614,2025-01-18,CUST0423,South,Electronics,1,10203.17,10203.17
TXN108261,2025-01-18,CUST0419,East,Electronics,1,19783.91,19783.91
TXN101928,2025-01-18,CUST0779,East,Home & Living,1,4920.01,4920.01
TXN107307,2025-01-18,CUST0499,East,Beauty,1,3815.61,3815.61
TXN111617,2025-01-18,CUST0523,West,Home & Living,1,13156.44,13156.44
TXN100158,2025-01-18,CUST0093,West,Apparel,1,2398.86,2398.86
TXN113857,2025-01-18,CUST0019,North,Apparel,1,2110.31,2110.31
TXN101513,2025-01-18,CUST0076,North,Electronics,1,11447.98,11447.98
TXN110841,2025-01-18,CUST0489,North,Apparel,1,3871.48,3871.48
TXN108008,2025-01-18,CUST0174,North,Electronics,1,16483.9,16483.9
TXN103175,2025-01-19,CUST0662,East,Grocery,1,655.98,655.98
TXN105426,2025-01-19,CUST0035,South,Grocery,1,1427.45,1427.45
TXN114609,2025-01-19,CUST0267,North,Grocery,1,375.9,375.9
TXN111467,2025-01-19,CUST0451,West,Electronics,1,11047.92,11047.92
TXN113010,2025-01-19,CUST0314,East,Home & Living,1,11974.08,11974.08
TXN100274,2025-01-19,CUST0575,North,Apparel,1,4468.33,4468.33
TXN104788,2025-01-19,CUST0229,South,Home & Living,1,9497.9,9497.9
TXN109730,2025-01-19,CUST0670,West,Apparel,1,2340.96,2340.96
TXN105119,2025-01-19,CUST0239,North,Apparel,2,1759.74,3519.47
TXN110817,2025-01-19,CUST0463,South,Grocery,1,646.4,646.4
TXN109734,2025-01-19,CUST0139,North,Apparel,2,770.64,1541.28
TXN107324,2025-01-19,CUST0133,Central,Grocery,1,108.08,108.08
TXN104354,2025-01-19,CUST0039,East,Grocery,2,665.32,1330.63
TXN112729,2025-01-19,CUST0127,North,Beauty,2,297.57,595.15
TXN105175,2025-01-19,CUST0235,North,Grocery,2,115.87,231.75
TXN112238,2025-01-19,CUST0379,West,Electronics,1,38212.53,38212.53
TXN113596,2025-01-20,CUST0654,East,Grocery,1,982.68,982.68
TXN104507,2025-01-20,CUST0070,Central,Electronics,2,22651.41,45302.82
TXN108137,2025-01-20,CUST0014,Central,Grocery,1,492.41,492.41
TXN105264,2025-01-20,CUST0428,North,Grocery,1,1760.31,1760.31
TXN100218,2025-01-20,CUST0497,North,Electronics,1,37258.25,37258.25
TXN103350,2025-01-20,CUST0317,North,Home & Living,1,4040.59,4040.59
TXN109837,2025-01-20,CUST0749,North,Beauty,1,3619.78,3619.78
TXN109449,2025-01-20,CUST0140,East,Beauty,1,3518.5,3518.5
TXN103360,2025-01-20,CUST0442,West,Apparel,1,7638.37,7638.37
TXN105436,2025-01-20,CUST0218,East,Apparel,1,1787.67,1787.67
TXN111332,2025-01-20,CUST0430,South,Apparel,1,2773.16,2773.16
TXN103157,2025-01-20,CUST0616,Central,Apparel,1,4474.95,4474.95
TXN105563,2025-01-20,CUST0546,South,Apparel,1,1691.38,1691.38
TXN113066,2025-01-20,CUST0122,South,Home & Living,1,11565.7,11565.7
TXN102847,2025-01-20,CUST0635,North,Beauty,1,2020.26,2020.26
TXN113747,2025-01-21,CUST0454,North,Beauty,1,2186.12,2186.12
TXN100441,2025-01-21,CUST0451,West,Apparel,1,1022.16,1022.16
TXN112548,2025-01-21,CUST0119,West,Home & Living,1,3556.94,3556.94
TXN114142,2025-01-21,CUST0738,West,Apparel,2,3924.59,7849.17
TXN109559,2025-01-21,CUST0529,East,Home & Living,1,4895.69,4895.69
TXN108524,2025-01-21,CUST0059,East,Electronics,1,8207.85,8207.85
TXN111351,2025-01-21,CUST0681,West,Electronics,1,16986.62,16986.62
TXN107570,2025-01-21,CUST0222,South,Electronics,1,7791.1,7791.1
TXN105507,2025-01-21,CUST0200,South,Apparel,1,3656.4,3656.4
TXN105609,2025-01-21,CUST0632,East,Beauty,1,5228.02,5228.02
TXN102550,2025-01-21,CUST0102,North,Home & Living,1,5856.01,5856.01
TXN101041,2025-01-21,CUST0089,North,Apparel,1,6682.44,6682.44
TXN103662,2025-01-21,CUST0448,North,Grocery,1,341.18,341.18
TXN102576,2025-01-21,CUST0470,South,Beauty,1,5130.15,5130.15
TXN100291,2025-01-21,CUST0324,West,Apparel,1,2677.48,2677.48
TXN105177,2025-01-21,CUST0368,East,Home & Living,1,12356.05,12356.05
TXN114024,2025-01-21,CUST0378,North,Apparel,1,1051.93,1051.93
TXN104085,2025-01-21,CUST0597,South,Beauty,1,1370.2,1370.2
TXN114863,2025-01-21,CUST0544,West,Grocery,1,804.71,804.71
TXN110943,2025-01-21,CUST0183,North,Beauty,1,2005.26,2005.26
TXN114093,2025-01-22,CUST0070,Central,Grocery,1,1718.24,1718.24
TXN100672,2025-01-22,CUST0396,West,Home & Living,1,3991.21,3991.21
TXN104422,2025-01-22,CUST0685,South,Apparel,1,3648.91,3648.91
TXN110813,2025-01-22,CUST0783,East,Home & Living,1,3283.45,3283.45
TXN100605,2025-01-22,CUST0739,North,Apparel,3,1726.14,5178.43
TXN114256,2025-01-22,CUST0682,North,Electronics,1,16503.35,16503.35
TXN112279,2025-01-22,CUST0765,West,Grocery,1,376.8,376.8
TXN111900,2025-01-22,CUST0189,North,Home & Living,1,2452.54,2452.54
TXN105028,2025-01-22,CUST0447,North,Electronics,2,15915.83,31831.65
TXN110567,2025-01-22,CUST0592,North,Grocery,1,991.28,991.28
TXN114939,2025-01-22,CUST0650,West,Apparel,1,1635.91,1635.91
TXN103860,2025-01-22,CUST0637,South,Electronics,1,27942.56,27942.56
TXN114672,2025-01-22,CUST0748,East,Electronics,1,8673.7,8673.7
TXN106400,2025-01-22,CUST0565,West,Home & Living,2,4370.75,8741.5
TXN100009,2025-01-22,CUST0436,South,Apparel,1,2051.46,2051.46
TXN113548,2025-01-22,CUST0754,Central,Apparel,1,1273.9,1273.9
TXN110970,2025-01-22,CUST0779,East,Grocery,1,656.34,656.34
TXN105226,2025-01-22,CUST0166,South,Home & Living,1,7439.79,7439.79
TXN111475,2025-01-23,CUST0497,North,Apparel,1,4071.6,4071.6
TXN101786,2025-01-23,CUST0199,Central,Apparel,1,6256.77,6256.77
TXN110181,2025-01-23,CUST0452,South,Electronics,1,15086.39,15086.39
TXN113034,2025-01-23,CUST0481,East,Grocery,1,985.87,985.87
TXN106873,2025-01-23,CUST0141,North,Grocery,1,911.11,911.11
TXN103485,2025-01-23,CUST0409,North,Apparel,1,3652.24,3652.24
TXN100145,2025-01-23,CUST0391,North,Apparel,1,2681.58,2681.58
TXN108920,2025-01-23,CUST0431,Central,Electronics,2,9543.89,19087.78
TXN109890,2025-01-23,CUST0756,North,Beauty,1,335.54,335.54
TXN104200,2025-01-23,CUST0243,South,Apparel,1,7007.34,7007.34
TXN103021,2025-01-23,CUST0604,West,Apparel,2,1384.51,2769.02
TXN108585,2025-01-24,CUST0402,North,Beauty,1,935.49,935.49
TXN100011,2025-01-24,CUST0513,East,Beauty,3,5140.6,15421.8
TXN105628,2025-01-24,CUST0761,South,Apparel,1,1577.75,1577.75
TXN103646,2025-01-24,CUST0633,South,Home & Living,1,898.9,898.9
TXN100628,2025-01-24,CUST0242,West,Apparel,2,4295.79,8591.57
TXN109492,2025-01-24,CUST0035,South,Apparel,1,2467.6,2467.6
TXN100448,2025-01-24,CUST0439,Central,Electronics,1,33667.78,33667.78
TXN108871,2025-01-24,CUST0684,North,Apparel,1,1845.2,1845.2
TXN102636,2025-01-24,CUST0051,North,Electronics,1,8317.25,8317.25
TXN113715,2025-01-24,CUST0673,West,Electronics,1,11969.5,11969.5
TXN114822,2025-01-24,CUST0200,South,Apparel,1,2401.07,2401.07
TXN113773,2025-01-24,CUST0396,West,Electronics,2,34808.42,69616.84
TXN107306,2025-01-24,CUST0505,West,Beauty,1,259.83,259.83
TXN108604,2025-01-24,CUST0135,North,Grocery,1,491.98,491.98
TXN105162,2025-01-24,CUST0138,Central,Electronics,1,32691.96,32691.96
TXN114322,2025-01-24,CUST0197,Central,Home & Living,1,6298.89,6298.89
TXN100887,2025-01-24,CUST0693,North,Electronics,1,16318.0,16318.0
TXN101416,2025-01-24,CUST0575,North,Apparel,1,1721.8,1721.8
TXN108442,2025-01-25,CUST0188,South,Grocery,1,217.51,217.51
TXN114114,2025-01-25,CUST0001,West,Home & Living,1,4053.91,4053.91
TXN109432,2025-01-25,CUST0337,West,Apparel,3,3541.57,10624.72
TXN106827,2025-01-25,CUST0794,North,Grocery,1,311.92,311.92
TXN111034,2025-01-25,CUST0563,East,Grocery,1,820.59,820.59
TXN110801,2025-01-25,CUST0426,East,Grocery,1,47.38,47.38
TXN106411,2025-01-25,CUST0366,West,Home & Living,2,2342.82,4685.64
TXN110957,2025-01-25,CUST0505,West,Apparel,1,1924.4,1924.4
TXN111928,2025-01-25,CUST0442,West,Apparel,1,1542.83,1542.83
TXN112404,2025-01-25,CUST0628,Central,Electronics,1,35521.72,35521.72
TXN105482,2025-01-25,CUST0354,West,Beauty,1,1456.85,1456.85
TXN113226,2025-01-25,CUST0409,North,Apparel,3,6584.86,19754.57
TXN100521,2025-01-25,CUST0409,North,Grocery,1,1257.29,1257.29
TXN109202,2025-01-25,CUST0055,North,Apparel,1,2708.01,2708.01
TXN100221,2025-01-25,CUST0105,South,Grocery,1,412.85,412.85
TXN102393,2025-01-25,CUST0045,North,Apparel,2,936.05,1872.1
TXN105809,2025-01-25,CUST0477,North,Beauty,1,1990.17,1990.17
TXN100166,2025-01-25,CUST0578,East,Home & Living,1,3203.8,3203.8
TXN101287,2025-01-25,CUST0329,South,Home & Living,1,5469.57,5469.57
TXN112553,2025-01-25,CUST0141,North,Apparel,2,5768.09,11536.18
TXN103136,2025-01-26,CUST0413,North,Grocery,1,1515.48,1515.48
TXN114448,2025-01-26,CUST0455,West,Apparel,1,2223.32,2223.32
TXN108417,2025-01-26,CUST0198,North,Beauty,1,3524.75,3524.75
TXN100163,2025-01-26,CUST0396,West,Apparel,2,6009.31,12018.62
TXN113079,2025-01-26,CUST0703,North,Grocery,2,459.73,919.46
TXN111149,2025-01-26,CUST0297,North,Electronics,1,17370.85,17370.85
TXN107646,2025-01-26,CUST0397,Central,Apparel,2,405.36,810.73
TXN107059,2025-01-26,CUST0710,West,Apparel,1,3417.1,3417.1
TXN113320,2025-01-26,CUST0578,East,Grocery,2,159.24,318.48
TXN102063,2025-01-26,CUST0034,North,Home & Living,1,10834.76,10834.76
TXN110823,2025-01-26,CUST0381,Central,Home & Living,1,3187.41,3187.41
TXN111120,2025-01-26,CUST0451,West,Apparel,1,3741.95,3741.95
TXN107645,2025-01-26,CUST0736,North,Apparel,1,1218.15,1218.15
TXN108660,2025-01-26,CUST0534,Central,Grocery,1,322.62,322.62
TXN100855,2025-01-26,CUST0117,South,Apparel,1,1435.82,1435.82
TXN110766,2025-01-26,CUST0665,Central,Grocery,1,638.81,638.81
TXN108895,2025-01-27,CUST0140,East,Grocery,2,1394.06,2788.12
TXN101067,2025-01-27,CUST0513,East,Grocery,1,865.96,865.96
TXN104803,2025-01-27,CUST0705,South,Electronics,1,28587.54,28587.54
TXN104770,2025-01-27,CUST0523,West,Apparel,2,753.22,1506.43
TXN110888,2025-01-27,CUST0189,North,Home & Living,2,5592.05,11184.1
TXN100488,2025-01-27,CUST0659,North,Beauty,1,893.76,893.76
TXN105427,2025-01-27,CUST0792,Central,Apparel,2,2515.17,5030.34
TXN111370,2025-01-27,CUST0406,West,Apparel,1,1234.26,1234.26
TXN105249,2025-01-27,CUST0057,North,Electronics,2,29050.05,58100.11
TXN108551,2025-01-27,CUST0198,North,Grocery,3,2038.59,6115.77
TXN109278,2025-01-28,CUST0086,North,Beauty,1,1623.71,1623.71
TXN107783,2025-01-28,CUST0301,North,Electronics,2,30697.13,61394.26
TXN103253,2025-01-28,CUST0272,North,Home & Living,2,1408.24,2816.47
TXN103749,2025-01-28,CUST0541,North,Home & Living,1,9780.01,9780.01
TXN103285,2025-01-28,CUST0712,West,Beauty,1,1176.25,1176.25
TXN114978,2025-01-28,CUST0044,Central,Electronics,2,32855.1,65710.21
TXN103310,2025-01-28,CUST0713,Central,Electronics,1,21629.3,21629.3
TXN109906,2025-01-28,CUST0712,West,Home & Living,1,7693.35,7693.35
TXN113748,2025-01-28,CUST0191,West,Beauty,1,822.77,822.77
TXN107863,2025-01-28,CUST0396,West,Beauty,1,5198.17,5198.17
TXN100816,2025-01-28,CUST0308,West,Electronics,1,22902.09,22902.09
TXN107704,2025-01-28,CUST0586,South,Apparel,1,2862.08,2862.08
TXN102009,2025-01-29,CUST0781,North,Apparel,1,1139.95,1139.95
TXN105830,2025-01-29,CUST0234,North,Electronics,1,26216.12,26216.12
TXN113561,2025-01-29,CUST0427,South,Beauty,1,932.42,932.42
TXN112804,2025-01-29,CUST0428,North,Electronics,1,9197.14,9197.14
TXN108012,2025-01-29,CUST0726,North,Apparel,1,1192.45,1192.45
TXN101351,2025-01-29,CUST0544,West,Grocery,2,594.44,1188.88
TXN112047,2025-01-29,CUST0508,West,Electronics,1,20634.9,20634.9
TXN106802,2025-01-29,CUST0470,South,Apparel,1,1410.33,1410.33
TXN110012,2025-01-29,CUST0175,North,Apparel,1,1727.96,1727.96
TXN112020,2025-01-29,CUST0393,South,Beauty,1,236.54,236.54
TXN103424,2025-01-29,CUST0749,North,Electronics,1,65842.79,65842.79
TXN104800,2025-01-29,CUST0535,Central,Apparel,1,2168.81,2168.81
TXN104725,2025-01-29,CUST0162,East,Grocery,1,523.8,523.8
TXN104108,2025-01-29,CUST0518,West,Grocery,1,701.37,701.37
TXN107597,2025-01-29,CUST0771,East,Apparel,1,1921.45,1921.45
TXN113178,2025-01-29,CUST0391,North,Beauty,1,3620.61,3620.61
TXN103042,2025-01-29,CUST0687,South,Grocery,1,631.55,631.55
TXN114955,2025-01-29,CUST0266,West,Beauty,1,272.16,272.16
TXN108130,2025-01-29,CUST0116,South,Home & Living,1,11331.68,11331.68
TXN109292,2025-01-29,CUST0671,East,Apparel,1,422.23,422.23
TXN106990,2025-01-29,CUST0679,West,Apparel,1,3258.56,3258.56
TXN107833,2025-01-30,CUST0239,North,Grocery,1,299.77,299.77
TXN110978,2025-01-30,CUST0312,North,Grocery,1,358.41,358.41
TXN109103,2025-01-30,CUST0790,West,Electronics,1,45000.66,45000.66
TXN107707,2025-01-30,CUST0575,North,Apparel,1,1378.42,1378.42
TXN111752,2025-01-30,CUST0698,South,Electronics,1,38401.58,38401.58
TXN107443,2025-01-30,CUST0210,South,Home & Living,2,4375.56,8751.13
TXN104739,2025-01-30,CUST0234,North,Beauty,2,1711.57,3423.15
TXN105280,2025-01-30,CUST0608,West,Apparel,1,2067.96,2067.96
TXN104248,2025-01-30,CUST0257,West,Electronics,2,47165.33,94330.67
TXN112717,2025-01-30,CUST0044,Central,Beauty,1,1337.78,1337.78
TXN112439,2025-01-30,CUST0115,East,Grocery,2,713.21,1426.42
TXN106552,2025-01-30,CUST0088,North,Electronics,1,16737.11,16737.11
TXN108342,2025-01-31,CUST0010,North,Beauty,1,1001.07,1001.07
TXN104135,2025-01-31,CUST0534,Central,Apparel,1,1706.72,1706.72
TXN107371,2025-01-31,CUST0476,North,Beauty,2,4675.58,9351.16
TXN108993,2025-01-31,CUST0207,West,Apparel,2,2290.77,4581.53
TXN107189,2025-01-31,CUST0524,North,Grocery,1,852.2,852.2
TXN101285,2025-01-31,CUST0757,East,Electronics,1,28996.62,28996.62
TXN110749,2025-01-31,CUST0162,East,Apparel,1,2518.98,2518.98
TXN100597,2025-01-31,CUST0694,North,Grocery,1,617.13,617.13
TXN100129,2025-01-31,CUST0489,North,Grocery,1,1165.21,1165.21
TXN103596,2025-01-31,CUST0578,East,Electronics,1,10828.05,10828.05
TXN112417,2025-01-31,CUST0015,West,Apparel,1,580.02,580.02
TXN101495,2025-01-31,CUST0529,East,Home & Living,1,1514.86,1514.86
TXN114911,2025-02-01,CUST0360,North,Grocery,1,299.25,299.25
TXN106897,2025-02-01,CUST0447,North,Beauty,1,4123.98,4123.98
TXN108550,2025-02-01,CUST0716,North,Apparel,1,6340.49,6340.49
TXN111501,2025-02-01,CUST0243,South,Apparel,2,4095.95,8191.9
TXN110731,2025-02-01,CUST0793,North,Apparel,1,1715.46,1715.46
TXN110288,2025-02-01,CUST0451,West,Home & Living,1,1263.4,1263.4
TXN101783,2025-02-01,CUST0213,Central,Home & Living,3,6157.6,18472.79
TXN110995,2025-02-01,CUST0030,South,Grocery,1,515.52,515.52
TXN107425,2025-02-01,CUST0306,North,Grocery,1,1249.53,1249.53
TXN114857,2025-02-01,CUST0592,North,Apparel,1,1106.49,1106.49
TXN102814,2025-02-01,CUST0331,West,Grocery,1,214.38,214.38
TXN112582,2025-02-01,CUST0706,South,Grocery,1,373.42,373.42
TXN107759,2025-02-01,CUST0536,East,Grocery,1,1976.84,1976.84
TXN113974,2025-02-01,CUST0140,East,Beauty,1,1142.57,1142.57
TXN102775,2025-02-01,CUST0393,South,Electronics,1,21456.69,21456.69
TXN103054,2025-02-01,CUST0307,South,Beauty,1,1554.99,1554.99
TXN104555,2025-02-01,CUST0031,North,Beauty,2,2942.38,5884.77
TXN109256,2025-02-01,CUST0555,South,Apparel,1,4095.87,4095.87
TXN107813,2025-02-01,CUST0093,West,Electronics,1,13514.32,13514.32
TXN100840,2025-02-01,CUST0446,East,Electronics,1,57018.74,57018.74
TXN100366,2025-02-01,CUST0155,South,Apparel,1,3309.63,3309.63
TXN109241,2025-02-01,CUST0384,Central,Home & Living,1,1551.69,1551.69
TXN100818,2025-02-01,CUST0029,West,Grocery,1,1146.64,1146.64
TXN114761,2025-02-01,CUST0213,Central,Apparel,1,3195.53,3195.53
TXN108450,2025-02-02,CUST0647,West,Electronics,1,19233.63,19233.63
TXN104509,2025-02-02,CUST0759,West,Apparel,1,6099.26,6099.26
TXN102368,2025-02-02,CUST0472,West,Home & Living,1,6537.81,6537.81
TXN103825,2025-02-02,CUST0465,North,Home & Living,1,13514.62,13514.62
TXN110442,2025-02-02,CUST0678,West,Apparel,1,393.23,393.23
TXN102231,2025-02-02,CUST0646,North,Grocery,1,806.37,806.37
TXN100396,2025-02-02,CUST0768,North,Home & Living,1,13180.27,13180.27
TXN100641,2025-02-02,CUST0033,North,Grocery,1,497.38,497.38
TXN106351,2025-02-02,CUST0053,North,Apparel,1,7355.53,7355.53
TXN104231,2025-02-02,CUST0386,Central,Grocery,1,575.08,575.08
TXN102116,2025-02-02,CUST0269,South,Apparel,1,1949.23,1949.23
TXN111648,2025-02-02,CUST0468,South,Apparel,1,3232.49,3232.49
TXN109070,2025-02-02,CUST0732,East,Home & Living,1,3709.93,3709.93
TXN105569,2025-02-02,CUST0199,Central,Apparel,1,2060.38,2060.38
TXN103628,2025-02-02,CUST0127,North,Grocery,3,1094.53,3283.58
TXN101113,2025-02-02,CUST0297,North,Grocery,1,875.47,875.47
TXN109097,2025-02-02,CUST0390,West,Apparel,1,3093.49,3093.49
TXN103990,2025-02-02,CUST0249,West,Beauty,1,2843.92,2843.92
TXN109446,2025-02-02,CUST0035,South,Apparel,1,2944.6,2944.6
TXN106516,2025-02-03,CUST0574,South,Grocery,1,880.33,880.33
TXN102642,2025-02-03,CUST0595,South,Beauty,1,3120.95,3120.95
TXN103345,2025-02-03,CUST0757,East,Electronics,1,9592.39,9592.39
TXN100621,2025-02-03,CUST0437,West,Apparel,1,1847.84,1847.84
TXN108390,2025-02-03,CUST0367,West,Grocery,1,1724.93,1724.93
TXN100139,2025-02-03,CUST0335,West,Apparel,1,3145.35,3145.35
TXN109105,2025-02-03,CUST0473,West,Home & Living,1,4479.76,4479.76
TXN103142,2025-02-03,CUST0034,North,Apparel,3,4396.1,13188.31
TXN108430,2025-02-03,CUST0004,East,Electronics,2,23248.16,46496.32
TXN110908,2025-02-03,CUST0170,South,Beauty,2,2615.85,5231.7
TXN106165,2025-02-03,CUST0497,North,Home & Living,2,1696.5,3393.0
TXN108489,2025-02-03,CUST0190,West,Apparel,1,822.01,822.01
TXN103077,2025-02-03,CUST0772,North,Apparel,1,4467.08,4467.08
TXN103708,2025-02-03,CUST0716,North,Home & Living,1,3607.1,3607.1
TXN104669,2025-02-03,CUST0506,West,Electronics,1,9824.21,9824.21
TXN112626,2025-02-03,CUST0415,West,Home & Living,1,2172.06,2172.06
TXN101884,2025-02-03,CUST0470,South,Home & Living,2,12397.8,24795.6
TXN114259,2025-02-03,CUST0402,North,Beauty,2,2008.24,4016.48
TXN112080,2025-02-04,CUST0757,East,Grocery,1,87.95,87.95
TXN114654,2025-02-04,CUST0045,North,Electronics,2,15256.98,30513.95
TXN109667,2025-02-04,CUST0173,West,Grocery,1,534.23,534.23
TXN104204,2025-02-04,CUST0304,Central,Electronics,1,27589.59,27589.59
TXN110544,2025-02-04,CUST0386,Central,Apparel,1,4426.72,4426.72
TXN105802,2025-02-04,CUST0462,West,Home & Living,1,1881.24,1881.24
TXN104653,2025-02-04,CUST0014,Central,Electronics,1,19691.47,19691.47
TXN104450,2025-02-04,CUST0413,North,Beauty,1,1802.0,1802.0
TXN106370,2025-02-04,CUST0790,West,Electronics,1,29894.34,29894.34
TXN108554,2025-02-04,CUST0632,East,Apparel,1,5095.48,5095.48
TXN112788,2025-02-04,CUST0290,North,Grocery,1,644.44,644.44
TXN112824,2025-02-04,CUST0306,North,Home & Living,2,13152.52,26305.04
TXN104061,2025-02-04,CUST0089,North,Apparel,2,6236.99,12473.98
TXN109317,2025-02-04,CUST0402,North,Grocery,1,1104.15,1104.15
TXN109549,2025-02-04,CUST0685,South,Electronics,1,68228.64,68228.64
TXN102821,2025-02-04,CUST0768,North,Grocery,2,1767.52,3535.05
TXN108179,2025-02-04,CUST0489,North,Home & Living,1,14270.55,14270.55
TXN114931,2025-02-05,CUST0500,West,Beauty,2,4854.93,9709.86
TXN101364,2025-02-05,CUST0686,South,Home & Living,1,4836.24,4836.24
TXN106775,2025-02-05,CUST0312,North,Apparel,2,1611.43,3222.86
TXN113952,2025-02-05,CUST0087,East,Home & Living,1,2194.72,2194.72
TXN112434,2025-02-05,CUST0464,South,Grocery,1,214.59,214.59
TXN102512,2025-02-05,CUST0056,North,Grocery,1,553.49,553.49
TXN111596,2025-02-05,CUST0799,North,Grocery,1,1090.62,1090.62
TXN110569,2025-02-05,CUST0286,South,Grocery,2,395.05,790.1
TXN103697,2025-02-05,CUST0483,East,Apparel,1,942.31,942.31
TXN106444,2025-02-05,CUST0367,West,Home & Living,1,2518.8,2518.8
TXN101374,2025-02-05,CUST0308,West,Apparel,1,1108.88,1108.88
TXN101376,2025-02-05,CUST0674,South,Electronics,1,26342.14,26342.14
TXN102065,2025-02-05,CUST0359,West,Grocery,1,407.06,407.06
TXN100284,2025-02-05,CUST0135,North,Home & Living,1,4513.0,4513.0
TXN107030,2025-02-05,CUST0531,East,Grocery,1,345.94,345.94
TXN113631,2025-02-05,CUST0491,South,Home & Living,1,4070.57,4070.57
TXN107528,2025-02-05,CUST0555,South,Home & Living,1,7226.97,7226.97
TXN110585,2025-02-05,CUST0559,North,Grocery,1,1067.99,1067.99
TXN103120,2025-02-05,CUST0273,North,Apparel,2,3164.85,6329.71
TXN101907,2025-02-05,CUST0380,East,Grocery,2,271.13,542.25
TXN109338,2025-02-05,CUST0024,South,Beauty,1,174.48,174.48
TXN105195,2025-02-05,CUST0233,North,Grocery,3,163.41,490.23
TXN105187,2025-02-05,CUST0644,South,Grocery,3,226.49,679.46
TXN109782,2025-02-06,CUST0482,West,Apparel,2,1540.77,3081.54
TXN112823,2025-02-06,CUST0085,West,Apparel,1,1652.19,1652.19
TXN113019,2025-02-06,CUST0400,North,Home & Living,1,2596.16,2596.16
TXN111631,2025-02-06,CUST0354,West,Electronics,1,11246.71,11246.71
TXN108647,2025-02-06,CUST0625,Central,Home & Living,3,5321.94,15965.82
TXN100200,2025-02-06,CUST0768,North,Beauty,2,2385.1,4770.19
TXN100917,2025-02-06,CUST0389,South,Apparel,1,3234.92,3234.92
TXN110821,2025-02-06,CUST0356,West,Electronics,1,27952.13,27952.13
TXN102592,2025-02-06,CUST0405,South,Apparel,1,2048.87,2048.87
TXN112605,2025-02-06,CUST0508,West,Apparel,2,3461.66,6923.31
TXN106679,2025-02-06,CUST0024,South,Home & Living,1,3292.29,3292.29
TXN103214,2025-02-06,CUST0610,West,Beauty,1,2919.42,2919.42
TXN113634,2025-02-06,CUST0088,North,Grocery,2,90.1,180.21
TXN112094,2025-02-06,CUST0500,West,Electronics,2,28096.52,56193.05
TXN100852,2025-02-06,CUST0448,North,Home & Living,1,4741.28,4741.28
TXN103962,2025-02-06,CUST0216,Central,Electronics,1,9051.51,9051.51
TXN106205,2025-02-06,CUST0090,North,Electronics,2,4955.15,9910.29
TXN101128,2025-02-06,CUST0201,North,Apparel,1,1598.79,1598.79
TXN107000,2025-02-06,CUST0339,South,Apparel,1,1015.62,1015.62
TXN108231,2025-02-06,CUST0720,Central,Apparel,3,3107.87,9323.6
TXN109804,2025-02-06,CUST0675,South,Grocery,1,570.39,570.39
TXN114690,2025-02-07,CUST0257,West,Home & Living,2,10366.57,20733.15
TXN109034,2025-02-07,CUST0288,North,Home & Living,1,5309.88,5309.88
TXN112481,2025-02-07,CUST0637,South,Electronics,1,13052.5,13052.5
TXN109252,2025-02-07,CUST0498,North,Electronics,1,24500.64,24500.64
TXN108118,2025-02-07,CUST0141,North,Apparel,2,3637.19,7274.39
TXN114476,2025-02-07,CUST0218,East,Apparel,2,4238.12,8476.24
TXN102293,2025-02-07,CUST0350,West,Home & Living,1,2034.22,2034.22
TXN110751,2025-02-07,CUST0685,South,Grocery,2,1240.78,2481.57
TXN102234,2025-02-07,CUST0374,North,Electronics,1,21857.79,21857.79
TXN109225,2025-02-07,CUST0409,North,Home & Living,1,10143.65,10143.65
TXN107037,2025-02-07,CUST0371,East,Beauty,1,1094.26,1094.26
TXN111925,2025-02-07,CUST0690,South,Beauty,2,1053.18,2106.36
TXN110151,2025-02-07,CUST0687,South,Home & Living,1,5639.78,5639.78
TXN114175,2025-02-07,CUST0510,West,Apparel,1,4089.41,4089.41
TXN105972,2025-02-07,CUST0122,South,Beauty,1,4265.99,4265.99
TXN110176,2025-02-07,CUST0110,South,Apparel,2,1828.92,3657.84
TXN102598,2025-02-07,CUST0362,North,Home & Living,1,2760.29,2760.29
TXN108206,2025-02-08,CUST0578,East,Electronics,2,58373.99,116747.98
TXN114732,2025-02-08,CUST0584,North,Beauty,2,719.93,1439.86
TXN110556,2025-02-08,CUST0012,West,Electronics,1,43690.28,43690.28
TXN106122,2025-02-08,CUST0004,East,Beauty,1,711.44,711.44
TXN108222,2025-02-08,CUST0533,North,Grocery,1,607.46,607.46
TXN111385,2025-02-08,CUST0731,South,Apparel,3,809.44,2428.32
TXN107564,2025-02-08,CUST0771,East,Grocery,1,352.17,352.17
TXN104948,2025-02-08,CUST0121,West,Grocery,1,698.21,698.21
TXN110132,2025-02-08,CUST0248,North,Beauty,1,1779.12,1779.12
TXN103857,2025-02-08,CUST0314,East,Grocery,3,1458.1,4374.31
TXN102579,2025-02-08,CUST0246,East,Electronics,1,31871.43,31871.43
TXN113916,2025-02-08,CUST0051,North,Grocery,1,1661.56,1661.56
TXN100518,2025-02-08,CUST0070,Central,Beauty,1,1943.4,1943.4
TXN103232,2025-02-08,CUST0509,South,Grocery,1,225.06,225.06
TXN105769,2025-02-08,CUST0724,North,Beauty,1,297.11,297.11
TXN114285,2025-02-08,CUST0173,West,Apparel,1,2756.0,2756.0
TXN112010,2025-02-08,CUST0448,North,Apparel,1,2749.35,2749.35
TXN107456,2025-02-08,CUST0687,South,Beauty,1,655.66,655.66
TXN106738,2025-02-08,CUST0377,West,Grocery,1,1064.8,1064.8
TXN109799,2025-02-08,CUST0442,West,Electronics,2,60974.57,121949.13
TXN104819,2025-02-08,CUST0409,North,Grocery,1,1253.07,1253.07
TXN104083,2025-02-08,CUST0179,South,Apparel,1,4024.34,4024.34
TXN108754,2025-02-08,CUST0357,North,Electronics,2,19069.65,38139.3
TXN106168,2025-02-09,CUST0088,North,Apparel,1,3557.93,3557.93
TXN107033,2025-02-09,CUST0329,South,Home & Living,1,5187.32,5187.32
TXN113291,2025-02-09,CUST0383,East,Electronics,1,11974.88,11974.88
TXN101739,2025-02-09,CUST0514,West,Apparel,1,405.08,405.08
TXN100088,2025-02-09,CUST0484,North,Apparel,1,2620.05,2620.05
TXN107092,2025-02-09,CUST0217,North,Apparel,1,1870.49,1870.49
TXN104936,2025-02-09,CUST0525,Central,Electronics,1,18783.91,18783.91
TXN107609,2025-02-09,CUST0470,South,Beauty,1,3173.34,3173.34
TXN109560,2025-02-09,CUST0205,West,Apparel,1,3605.34,3605.34
TXN104836,2025-02-09,CUST0446,East,Apparel,1,985.49,985.49
TXN109504,2025-02-09,CUST0576,West,Apparel,1,6478.26,6478.26
TXN111495,2025-02-09,CUST0800,Central,Apparel,1,5648.51,5648.51
TXN101393,2025-02-09,CUST0319,North,Electronics,1,22443.69,22443.69
TXN112947,2025-02-09,CUST0479,North,Home & Living,1,11208.92,11208.92
TXN105120,2025-02-09,CUST0613,North,Electronics,1,41311.52,41311.52
TXN107316,2025-02-09,CUST0413,North,Electronics,1,35222.26,35222.26
TXN112105,2025-02-09,CUST0093,West,Grocery,1,1043.73,1043.73
TXN100913,2025-02-09,CUST0412,South,Beauty,1,283.5,283.5
TXN107720,2025-02-10,CUST0178,North,Home & Living,1,3971.54,3971.54
TXN100466,2025-02-10,CUST0170,South,Grocery,1,288.72,288.72
TXN102727,2025-02-10,CUST0790,West,Apparel,1,4231.23,4231.23
TXN109021,2025-02-10,CUST0239,North,Electronics,1,33093.1,33093.1
TXN102783,2025-02-10,CUST0454,North,Home & Living,1,9816.11,9816.11
TXN102711,2025-02-10,CUST0757,East,Grocery,1,738.86,738.86
TXN100137,2025-02-10,CUST0163,North,Apparel,1,601.49,601.49
TXN111462,2025-02-10,CUST0163,North,Electronics,2,7277.89,14555.78
TXN112436,2025-02-10,CUST0236,West,Home & Living,1,3036.46,3036.46
TXN113870,2025-02-10,CUST0049,East,Beauty,1,537.48,537.48
TXN103267,2025-02-10,CUST0122,South,Grocery,1,500.06,500.06
TXN101910,2025-02-10,CUST0265,South,Grocery,1,736.86,736.86
TXN100949,2025-02-10,CUST0054,Central,Apparel,1,1734.26,1734.26
TXN103002,2025-02-10,CUST0732,East,Home & Living,1,3886.45,3886.45
TXN114538,2025-02-10,CUST0759,West,Electronics,1,46734.82,46734.82
TXN110885,2025-02-10,CUST0179,South,Grocery,2,287.29,574.59
TXN106466,2025-02-10,CUST0391,North,Home & Living,1,5007.93,5007.93
TXN104089,2025-02-10,CUST0509,South,Apparel,1,4208.21,4208.21
TXN105671,2025-02-10,CUST0775,North,Home & Living,1,6498.01,6498.01
TXN113893,2025-02-10,CUST0327,North,Beauty,1,1818.8,1818.8
TXN106781,2025-02-11,CUST0141,North,Home & Living,1,10562.67,10562.67
TXN102001,2025-02-11,CUST0461,North,Beauty,2,156.06,312.11
TXN105961,2025-02-11,CUST0522,North,Home & Living,1,4236.95,4236.95
TXN109328,2025-02-11,CUST0465,North,Beauty,1,5004.93,5004.93
TXN105134,2025-02-11,CUST0135,North,Grocery,1,173.99,173.99
TXN112264,2025-02-11,CUST0569,North,Apparel,1,7785.59,7785.59
TXN109319,2025-02-11,CUST0227,West,Grocery,1,202.96,202.96
TXN100689,2025-02-11,CUST0164,South,Apparel,2,2156.76,4313.53
TXN100701,2025-02-11,CUST0462,West,Grocery,1,149.47,149.47
TXN101494,2025-02-11,CUST0157,East,Apparel,1,799.48,799.48
TXN105300,2025-02-11,CUST0192,West,Electronics,1,49663.92,49663.92
TXN101440,2025-02-11,CUST0151,East,Apparel,1,2451.92,2451.92
TXN111964,2025-02-11,CUST0325,East,Apparel,1,5427.18,5427.18
TXN106265,2025-02-11,CUST0784,South,Apparel,1,1180.11,1180.11
TXN112322,2025-02-11,CUST0201,North,Apparel,1,3341.13,3341.13
TXN104302,2025-02-11,CUST0112,North,Apparel,1,626.28,626.28
TXN111108,2025-02-11,CUST0371,East,Electronics,1,7582.92,7582.92
TXN106461,2025-02-11,CUST0210,South,Apparel,1,579.07,579.07
TXN114436,2025-02-11,CUST0306,North,Electronics,1,27547.16,27547.16
TXN114282,2025-02-11,CUST0250,North,Grocery,1,411.02,411.02
TXN114483,2025-02-11,CUST0796,East,Electronics,1,78564.41,78564.41
TXN114474,2025-02-11,CUST0706,South,Apparel,1,7534.39,7534.39
TXN101259,2025-02-11,CUST0147,North,Home & Living,1,7971.17,7971.17
TXN104387,2025-02-11,CUST0750,East,Grocery,1,1000.06,1000.06
TXN111137,2025-02-11,CUST0472,West,Home & Living,1,14175.66,14175.66
TXN110463,2025-02-11,CUST0510,West,Apparel,1,1563.33,1563.33
TXN112882,2025-02-11,CUST0012,West,Electronics,1,42761.33,42761.33
TXN102910,2025-02-12,CUST0146,North,Electronics,3,30468.13,91404.4
TXN103823,2025-02-12,CUST0331,West,Home & Living,1,1484.45,1484.45
TXN100392,2025-02-12,CUST0486,East,Beauty,1,3107.32,3107.32
TXN106111,2025-02-12,CUST0291,Central,Grocery,2,506.43,1012.86
TXN104766,2025-02-12,CUST0281,West,Beauty,1,2590.68,2590.68
TXN104676,2025-02-12,CUST0208,West,Apparel,1,1618.89,1618.89
TXN114805,2025-02-12,CUST0721,North,Beauty,2,2743.36,5486.73
TXN101906,2025-02-12,CUST0784,South,Electronics,1,24322.99,24322.99
TXN112295,2025-02-12,CUST0544,West,Home & Living,1,4374.2,4374.2
TXN112301,2025-02-12,CUST0649,Central,Grocery,1,251.03,251.03
TXN114670,2025-02-12,CUST0306,North,Beauty,1,4988.16,4988.16
TXN113017,2025-02-12,CUST0306,North,Beauty,1,1348.62,1348.62
TXN100560,2025-02-12,CUST0513,East,Home & Living,1,14319.16,14319.16
TXN114129,2025-02-12,CUST0183,North,Apparel,1,6293.96,6293.96
TXN109219,2025-02-12,CUST0352,West,Apparel,2,3044.19,6088.38
TXN101664,2025-02-12,CUST0630,West,Apparel,3,999.01,2997.02
TXN114459,2025-02-13,CUST0022,North,Home & Living,1,3446.49,3446.49
TXN109447,2025-02-13,CUST0310,North,Home & Living,1,4764.35,4764.35
TXN100726,2025-02-13,CUST0658,East,Electronics,3,20057.92,60173.77
TXN106535,2025-02-13,CUST0053,North,Electronics,1,45349.78,45349.78
TXN112051,2025-02-13,CUST0199,Central,Apparel,3,5199.4,15598.21
TXN103372,2025-02-13,CUST0422,North,Apparel,1,3828.36,3828.36
TXN100229,2025-02-13,CUST0241,East,Grocery,3,1061.7,3185.11
TXN109664,2025-02-13,CUST0570,North,Electronics,1,6857.18,6857.18
TXN108325,2025-02-13,CUST0077,West,Home & Living,1,7316.3,7316.3
TXN113129,2025-02-13,CUST0750,East,Electronics,1,23027.44,23027.44
TXN100174,2025-02-13,CUST0624,North,Apparel,1,1508.45,1508.45
TXN105665,2025-02-13,CUST0067,North,Grocery,1,174.67,174.67
TXN102035,2025-02-14,CUST0396,West,Home & Living,1,9750.84,9750.84
TXN102090,2025-02-14,CUST0662,East,Grocery,1,915.3,915.3
TXN104405,2025-02-14,CUST0774,West,Grocery,1,124.92,124.92
TXN101256,2025-02-14,CUST0184,North,Electronics,1,72861.48,72861.48
TXN101608,2025-02-14,CUST0359,West,Beauty,1,341.75,341.75
TXN104455,2025-02-14,CUST0400,North,Apparel,1,2367.34,2367.34
TXN110316,2025-02-14,CUST0706,South,Apparel,1,899.75,899.75
TXN114034,2025-02-14,CUST0327,North,Apparel,2,914.37,1828.74
TXN100667,2025-02-14,CUST0550,North,Beauty,1,2450.17,2450.17
TXN107696,2025-02-14,CUST0706,South,Apparel,1,4180.61,4180.61
TXN107113,2025-02-14,CUST0349,West,Beauty,1,611.89,611.89
TXN105347,2025-02-14,CUST0192,West,Electronics,2,21951.49,43902.98
TXN111951,2025-02-14,CUST0435,East,Home & Living,1,3575.75,3575.75
TXN103738,2025-02-14,CUST0732,East,Grocery,2,523.58,1047.16
TXN102705,2025-02-14,CUST0068,North,Apparel,1,4462.44,4462.44
TXN112784,2025-02-15,CUST0664,East,Beauty,1,864.22,864.22
TXN105143,2025-02-15,CUST0690,South,Beauty,1,402.96,402.96
TXN110824,2025-02-15,CUST0533,North,Grocery,1,1151.71,1151.71
TXN103184,2025-02-15,CUST0338,South,Apparel,1,4196.52,4196.52
TXN114664,2025-02-15,CUST0156,South,Grocery,1,91.77,91.77
TXN107346,2025-02-15,CUST0618,North,Grocery,1,386.45,386.45
TXN107507,2025-02-15,CUST0648,West,Home & Living,3,2573.17,7719.51
TXN100005,2025-02-15,CUST0417,North,Electronics,1,15757.58,15757.58
TXN104457,2025-02-15,CUST0398,Central,Beauty,1,910.82,910.82
TXN106041,2025-02-15,CUST0265,South,Grocery,1,1027.83,1027.83
TXN108680,2025-02-15,CUST0329,South,Apparel,1,3028.95,3028.95
TXN106668,2025-02-15,CUST0486,East,Grocery,1,226.15,226.15
TXN111308,2025-02-15,CUST0623,North,Apparel,1,1129.95,1129.95
TXN104874,2025-02-15,CUST0559,North,Electronics,1,4599.16,4599.16
TXN112705,2025-02-15,CUST0514,West,Home & Living,1,5725.79,5725.79
TXN104784,2025-02-15,CUST0374,North,Grocery,1,185.84,185.84
TXN114314,2025-02-15,CUST0672,West,Apparel,1,3805.49,3805.49
TXN104710,2025-02-15,CUST0285,Central,Home & Living,1,5213.58,5213.58
TXN111694,2025-02-15,CUST0258,South,Electronics,2,35606.24,71212.48
TXN104110,2025-02-15,CUST0141,North,Home & Living,1,9529.0,9529.0
TXN107610,2025-02-15,CUST0732,East,Home & Living,1,6896.44,6896.44
TXN102929,2025-02-15,CUST0151,East,Apparel,1,5242.6,5242.6
TXN101685,2025-02-15,CUST0063,East,Home & Living,1,2957.49,2957.49
TXN104742,2025-02-15,CUST0513,East,Apparel,1,5771.24,5771.24
TXN114945,2025-02-15,CUST0414,West,Electronics,1,10230.38,10230.38
TXN108253,2025-02-16,CUST0463,South,Apparel,1,2816.25,2816.25
TXN110690,2025-02-16,CUST0350,West,Beauty,1,2888.65,2888.65
TXN102562,2025-02-16,CUST0444,West,Home & Living,2,1939.86,3879.73
TXN109133,2025-02-16,CUST0486,East,Apparel,1,3976.64,3976.64
TXN108949,2025-02-16,CUST0135,North,Home & Living,1,9411.59,9411.59
TXN103109,2025-02-16,CUST0511,North,Apparel,1,4207.43,4207.43
TXN102151,2025-02-16,CUST0732,East,Electronics,1,33096.66,33096.66
TXN111006,2025-02-16,CUST0481,East,Home & Living,1,7700.39,7700.39
TXN105964,2025-02-16,CUST0406,West,Beauty,1,3921.11,3921.11
TXN113792,2025-02-16,CUST0239,North,Beauty,1,879.78,879.78
TXN114449,2025-02-16,CUST0604,West,Electronics,1,30035.86,30035.86
TXN107317,2025-02-16,CUST0663,North,Electronics,3,4880.1,14640.31
TXN104993,2025-02-16,CUST0685,South,Home & Living,1,7085.85,7085.85
TXN105807,2025-02-16,CUST0781,North,Home & Living,2,5125.77,10251.54
TXN100962,2025-02-16,CUST0044,Central,Apparel,1,4958.56,4958.56
TXN100471,2025-02-17,CUST0417,North,Home & Living,1,3574.09,3574.09
TXN113274,2025-02-17,CUST0615,East,Electronics,1,62744.64,62744.64
TXN108853,2025-02-17,CUST0725,South,Apparel,1,680.16,680.16
TXN100925,2025-02-17,CUST0229,South,Home & Living,1,3077.22,3077.22
TXN105073,2025-02-17,CUST0053,North,Home & Living,1,13839.72,13839.72
TXN109413,2025-02-17,CUST0206,East,Home & Living,1,4532.5,4532.5
TXN102431,2025-02-17,CUST0222,South,Electronics,1,34252.06,34252.06
TXN112927,2025-02-17,CUST0285,Central,Home & Living,1,7010.63,7010.63
TXN112572,2025-02-17,CUST0530,South,Electronics,2,28412.32,56824.65
TXN110509,2025-02-17,CUST0155,South,Grocery,1,224.9,224.9
TXN106136,2025-02-17,CUST0736,North,Apparel,3,3186.32,9558.96
TXN107854,2025-02-17,CUST0688,West,Electronics,1,3498.96,3498.96
TXN113514,2025-02-17,CUST0183,North,Electronics,1,30884.71,30884.71
TXN108757,2025-02-17,CUST0303,Central,Electronics,1,16272.28,16272.28
TXN114108,2025-02-18,CUST0473,West,Apparel,1,3017.1,3017.1
TXN110549,2025-02-18,CUST0204,West,Beauty,1,867.32,867.32
TXN104774,2025-02-18,CUST0178,North,Grocery,1,356.09,356.09
TXN103523,2025-02-18,CUST0395,North,Apparel,1,340.62,340.62
TXN106718,2025-02-18,CUST0686,South,Grocery,1,480.88,480.88
TXN111279,2025-02-18,CUST0174,North,Beauty,1,1500.33,1500.33
TXN110540,2025-02-18,CUST0479,North,Beauty,2,1115.0,2230.0
TXN101027,2025-02-18,CUST0536,East,Electronics,1,43136.17,43136.17
TXN111796,2025-02-18,CUST0443,West,Apparel,1,394.71,394.71
TXN114865,2025-02-18,CUST0056,North,Electronics,1,78880.96,78880.96
TXN113739,2025-02-18,CUST0063,East,Home & Living,1,7990.14,7990.14
TXN102518,2025-02-18,CUST0119,West,Apparel,1,6016.54,6016.54
TXN107179,2025-02-19,CUST0268,North,Home & Living,1,3815.14,3815.14
TXN112186,2025-02-19,CUST0555,South,Apparel,1,4365.06,4365.06
TXN108435,2025-02-19,CUST0273,North,Beauty,1,2904.41,2904.41
TXN107988,2025-02-19,CUST0281,West,Beauty,1,2205.65,2205.65
TXN112689,2025-02-19,CUST0200,South,Home & Living,1,3105.5,3105.5
TXN109151,2025-02-19,CUST0484,North,Electronics,1,35925.46,35925.46
TXN106106,2025-02-19,CUST0447,North,Apparel,1,6285.49,6285.49
TXN108330,2025-02-19,CUST0660,East,Electronics,1,21562.58,21562.58
TXN107687,2025-02-19,CUST0657,West,Electronics,1,13183.36,13183.36
TXN104452,2025-02-19,CUST0432,North,Apparel,2,1440.42,2880.85
TXN103775,2025-02-19,CUST0631,South,Apparel,1,3785.04,3785.04
TXN104749,2025-02-19,CUST0555,South,Grocery,1,2013.65,2013.65
TXN114998,2025-02-19,CUST0507,West,Grocery,1,1039.89,1039.89
TXN112168,2025-02-19,CUST0597,South,Grocery,2,673.51,1347.02
TXN110314,2025-02-19,CUST0736,North,Apparel,1,6425.39,6425.39
TXN104760,2025-02-19,CUST0054,Central,Electronics,1,12588.84,12588.84
TXN109522,2025-02-19,CUST0297,North,Apparel,1,441.41,441.41
TXN114352,2025-02-19,CUST0265,South,Grocery,2,868.3,1736.6
TXN108297,2025-02-20,CUST0533,North,Grocery,1,1810.36,1810.36
TXN100987,2025-02-20,CUST0534,Central,Home & Living,1,6267.66,6267.66
TXN108328,2025-02-20,CUST0672,West,Apparel,1,7478.52,7478.52
TXN104828,2025-02-20,CUST0220,North,Electronics,1,4583.75,4583.75
TXN102543,2025-02-20,CUST0667,Central,Apparel,1,1157.32,1157.32
TXN111956,2025-02-20,CUST0158,North,Apparel,1,3978.63,3978.63
TXN101851,2025-02-20,CUST0531,East,Home & Living,1,3571.75,3571.75
TXN108112,2025-02-20,CUST0211,North,Electronics,1,2659.73,2659.73
TXN113742,2025-02-20,CUST0224,Central,Apparel,2,943.36,1886.72
TXN112150,2025-02-20,CUST0066,East,Home & Living,3,4616.88,13850.64
TXN104211,2025-02-20,CUST0794,North,Grocery,1,761.65,761.65
TXN110948,2025-02-20,CUST0508,West,Home & Living,1,1948.03,1948.03
TXN104318,2025-02-20,CUST0233,North,Electronics,2,30915.21,61830.42
TXN105185,2025-02-20,CUST0706,South,Electronics,1,66036.28,66036.28
TXN106249,2025-02-20,CUST0012,West,Electronics,1,23162.78,23162.78
TXN114107,2025-02-20,CUST0039,East,Electronics,1,34397.95,34397.95
TXN110806,2025-02-20,CUST0038,South,Grocery,1,415.12,415.12
TXN110947,2025-02-20,CUST0533,North,Grocery,2,1389.26,2778.51
TXN112335,2025-02-20,CUST0154,Central,Apparel,1,3105.4,3105.4
TXN107517,2025-02-20,CUST0794,North,Electronics,1,41310.92,41310.92
TXN100287,2025-02-21,CUST0201,North,Electronics,1,6987.71,6987.71
TXN110740,2025-02-21,CUST0519,North,Apparel,1,4915.6,4915.6
TXN110505,2025-02-21,CUST0679,West,Grocery,1,863.87,863.87
TXN114559,2025-02-21,CUST0166,South,Home & Living,2,7222.19,14444.37
TXN105151,2025-02-21,CUST0448,North,Grocery,1,214.32,214.32
TXN105680,2025-02-21,CUST0460,East,Apparel,1,2864.63,2864.63
TXN104151,2025-02-21,CUST0634,East,Grocery,1,672.52,672.52
TXN102677,2025-02-21,CUST0267,North,Apparel,1,4202.95,4202.95
TXN109145,2025-02-21,CUST0467,South,Electronics,1,15763.37,15763.37
TXN112346,2025-02-21,CUST0065,South,Beauty,1,161.64,161.64
TXN111187,2025-02-21,CUST0792,Central,Electronics,1,23186.99,23186.99
TXN113885,2025-02-22,CUST0651,South,Electronics,1,4030.27,4030.27
TXN112365,2025-02-22,CUST0567,West,Apparel,1,1098.6,1098.6
TXN109658,2025-02-22,CUST0721,North,Grocery,1,2027.05,2027.05
TXN112814,2025-02-22,CUST0488,South,Electronics,1,9230.11,9230.11
TXN104950,2025-02-22,CUST0265,South,Apparel,1,908.84,908.84
TXN101595,2025-02-22,CUST0409,North,Apparel,1,4793.15,4793.15
TXN106908,2025-02-22,CUST0736,North,Beauty,1,4500.77,4500.77
TXN108700,2025-02-22,CUST0733,West,Home & Living,1,1232.22,1232.22
TXN113460,2025-02-22,CUST0013,North,Electronics,1,41635.29,41635.29
TXN101322,2025-02-22,CUST0653,West,Apparel,1,4259.9,4259.9
TXN113476,2025-02-22,CUST0038,South,Apparel,1,443.39,443.39
TXN114229,2025-02-22,CUST0059,East,Electronics,1,7579.0,7579.0
TXN103950,2025-02-22,CUST0213,Central,Apparel,1,3397.18,3397.18
TXN105350,2025-02-22,CUST0592,North,Electronics,1,39580.68,39580.68
TXN106751,2025-02-22,CUST0044,Central,Apparel,1,5918.91,5918.91
TXN100694,2025-02-22,CUST0004,East,Electronics,1,35314.98,35314.98
TXN108532,2025-02-22,CUST0496,North,Electronics,3,12383.03,37149.1
TXN101647,2025-02-22,CUST0332,South,Grocery,1,923.23,923.23
TXN107607,2025-02-22,CUST0536,East,Apparel,1,4288.09,4288.09
TXN100920,2025-02-22,CUST0541,North,Electronics,1,30267.94,30267.94
TXN110469,2025-02-22,CUST0258,South,Beauty,1,1120.6,1120.6
TXN106819,2025-02-22,CUST0124,West,Electronics,1,23529.21,23529.21
TXN109694,2025-02-23,CUST0036,South,Grocery,1,834.99,834.99
TXN103953,2025-02-23,CUST0486,East,Apparel,1,1792.93,1792.93
TXN100942,2025-02-23,CUST0679,West,Apparel,1,6272.19,6272.19
TXN108784,2025-02-23,CUST0718,Central,Electronics,1,44408.35,44408.35
TXN113166,2025-02-23,CUST0374,North,Apparel,1,3079.21,3079.21
TXN114936,2025-02-23,CUST0501,North,Grocery,1,1054.93,1054.93
TXN113578,2025-02-23,CUST0421,Central,Home & Living,1,4682.54,4682.54
TXN111936,2025-02-23,CUST0300,South,Apparel,1,719.11,719.11
TXN110352,2025-02-23,CUST0044,Central,Grocery,1,797.97,797.97
TXN105870,2025-02-23,CUST0654,East,Apparel,1,3511.96,3511.96
TXN108278,2025-02-23,CUST0565,West,Grocery,1,554.17,554.17
TXN108464,2025-02-23,CUST0122,South,Apparel,1,5922.27,5922.27
TXN113082,2025-02-23,CUST0561,Central,Apparel,1,4251.41,4251.41
TXN104983,2025-02-23,CUST0072,North,Electronics,2,22104.07,44208.14
TXN108490,2025-02-23,CUST0185,West,Electronics,1,10098.34,10098.34
TXN113653,2025-02-23,CUST0595,South,Beauty,1,3061.37,3061.37
TXN100465,2025-02-23,CUST0623,North,Grocery,1,375.79,375.79
TXN104556,2025-02-23,CUST0582,South,Beauty,3,3892.53,11677.6
TXN109578,2025-02-23,CUST0508,West,Apparel,1,2428.49,2428.49
TXN102976,2025-02-23,CUST0331,West,Apparel,1,881.21,881.21
TXN112468,2025-02-23,CUST0634,East,Electronics,1,6875.54,6875.54
TXN104593,2025-02-23,CUST0753,West,Apparel,1,972.9,972.9
TXN108484,2025-02-24,CUST0030,South,Apparel,2,2473.81,4947.62
TXN105984,2025-02-24,CUST0432,North,Apparel,1,3557.92,3557.92
TXN111801,2025-02-24,CUST0519,North,Apparel,1,6880.02,6880.02
TXN113122,2025-02-24,CUST0280,Central,Electronics,2,39185.43,78370.85
TXN112206,2025-02-24,CUST0318,West,Apparel,3,1788.74,5366.21
TXN104271,2025-02-24,CUST0196,North,Grocery,1,650.72,650.72
TXN106073,2025-02-24,CUST0425,South,Electronics,1,9125.73,9125.73
TXN101017,2025-02-24,CUST0222,South,Grocery,1,250.99,250.99
TXN108867,2025-02-24,CUST0284,West,Apparel,1,2001.84,2001.84
TXN107660,2025-02-24,CUST0368,East,Apparel,1,3922.05,3922.05
TXN108377,2025-02-24,CUST0665,Central,Home & Living,1,2922.43,2922.43
TXN102243,2025-02-24,CUST0328,South,Beauty,2,2930.45,5860.9
TXN107817,2025-02-24,CUST0217,North,Grocery,1,231.46,231.46
TXN106672,2025-02-24,CUST0056,North,Electronics,1,17161.34,17161.34
TXN110184,2025-02-24,CUST0523,West,Grocery,1,1327.11,1327.11
TXN102311,2025-02-24,CUST0223,Central,Electronics,2,29976.81,59953.61
TXN102633,2025-02-24,CUST0733,West,Beauty,1,202.49,202.49
TXN100536,2025-02-24,CUST0067,North,Grocery,1,833.21,833.21
TXN108054,2025-02-24,CUST0417,North,Home & Living,1,2333.1,2333.1
TXN112139,2025-02-24,CUST0702,South,Grocery,1,731.36,731.36
TXN100056,2025-02-25,CUST0446,East,Grocery,1,1608.48,1608.48
TXN110013,2025-02-25,CUST0780,East,Apparel,1,4119.75,4119.75
TXN112456,2025-02-25,CUST0399,West,Electronics,1,19286.2,19286.2
TXN105725,2025-02-25,CUST0162,East,Grocery,1,1183.01,1183.01
TXN108724,2025-02-25,CUST0168,South,Electronics,1,5197.55,5197.55
TXN105415,2025-02-25,CUST0696,East,Apparel,2,512.19,1024.38
TXN110526,2025-02-25,CUST0221,West,Grocery,1,226.07,226.07
TXN104783,2025-02-25,CUST0201,North,Apparel,1,3812.94,3812.94
TXN102854,2025-02-25,CUST0696,East,Apparel,2,1537.08,3074.15
TXN114508,2025-02-25,CUST0041,North,Apparel,1,2401.83,2401.83
TXN112226,2025-02-25,CUST0398,Central,Electronics,1,15470.54,15470.54
TXN100169,2025-02-25,CUST0316,East,Beauty,1,1131.81,1131.81
TXN111514,2025-02-25,CUST0469,East,Home & Living,1,3887.3,3887.3
TXN109751,2025-02-25,CUST0003,East,Apparel,2,1887.67,3775.34
TXN112712,2025-02-25,CUST0514,West,Grocery,1,456.68,456.68
TXN110168,2025-02-25,CUST0009,South,Grocery,1,403.23,403.23
TXN110802,2025-02-26,CUST0332,South,Grocery,2,401.73,803.46
TXN108818,2025-02-26,CUST0339,South,Grocery,1,764.43,764.43
TXN100600,2025-02-26,CUST0786,North,Apparel,1,3151.44,3151.44
TXN100028,2025-02-26,CUST0082,East,Electronics,1,20105.13,20105.13
TXN113363,2025-02-26,CUST0089,North,Beauty,2,5375.14,10750.27
TXN105408,2025-02-26,CUST0198,North,Grocery,1,1882.96,1882.96
TXN101876,2025-02-26,CUST0772,North,Home & Living,1,6980.34,6980.34
TXN111386,2025-02-26,CUST0759,West,Beauty,1,531.11,531.11
TXN110361,2025-02-26,CUST0679,West,Apparel,1,5374.22,5374.22
TXN100654,2025-02-26,CUST0708,East,Home & Living,1,4787.34,4787.34
TXN109631,2025-02-26,CUST0486,East,Apparel,1,3849.06,3849.06
TXN100760,2025-02-26,CUST0010,North,Home & Living,1,744.56,744.56
TXN107125,2025-02-26,CUST0569,North,Home & Living,2,11011.3,22022.6
TXN110332,2025-02-26,CUST0065,South,Apparel,1,2740.06,2740.06
TXN103780,2025-02-26,CUST0187,West,Grocery,3,499.9,1499.71
TXN102437,2025-02-26,CUST0631,South,Apparel,1,2065.13,2065.13
TXN106765,2025-02-27,CUST0603,North,Apparel,1,1822.7,1822.7
TXN110160,2025-02-27,CUST0542,South,Home & Living,1,4699.77,4699.77
TXN108666,2025-02-27,CUST0384,Central,Apparel,1,6034.02,6034.02
TXN114910,2025-02-27,CUST0709,East,Electronics,2,20736.37,41472.74
TXN106457,2025-02-27,CUST0194,East,Grocery,1,1004.29,1004.29
TXN103514,2025-02-27,CUST0233,North,Apparel,1,4149.75,4149.75
TXN105818,2025-02-27,CUST0071,South,Home & Living,1,3730.02,3730.02
TXN101181,2025-02-27,CUST0677,West,Home & Living,1,2373.81,2373.81
TXN101052,2025-02-27,CUST0295,North,Grocery,1,738.65,738.65
TXN105281,2025-02-27,CUST0175,North,Apparel,1,3145.22,3145.22
TXN105215,2025-02-28,CUST0113,East,Grocery,2,2029.88,4059.75
TXN103745,2025-02-28,CUST0434,North,Grocery,1,449.09,449.09
TXN112972,2025-02-28,CUST0428,North,Apparel,1,3810.46,3810.46
TXN110081,2025-02-28,CUST0196,North,Electronics,1,13729.68,13729.68
TXN100626,2025-02-28,CUST0243,South,Apparel,1,7484.5,7484.5
TXN107275,2025-02-28,CUST0095,East,Grocery,1,887.88,887.88
TXN104952,2025-02-28,CUST0471,West,Apparel,2,318.35,636.7
TXN111888,2025-02-28,CUST0197,Central,Apparel,2,4373.23,8746.46
TXN103241,2025-02-28,CUST0767,East,Home & Living,3,7333.3,21999.89
TXN108296,2025-02-28,CUST0561,Central,Beauty,1,1715.42,1715.42
TXN101866,2025-02-28,CUST0369,North,Apparel,1,1962.31,1962.31
TXN112673,2025-02-28,CUST0281,West,Electronics,1,64080.99,64080.99
TXN101075,2025-02-28,CUST0235,North,Beauty,1,1901.36,1901.36
TXN102810,2025-02-28,CUST0063,East,Apparel,1,3856.16,3856.16
TXN101567,2025-02-28,CUST0089,North,Beauty,1,1218.18,1218.18
TXN100484,2025-02-28,CUST0435,East,Apparel,1,1711.47,1711.47
TXN101069,2025-03-01,CUST0252,East,Home & Living,1,5106.3,5106.3
TXN101074,2025-03-01,CUST0717,East,Home & Living,1,2755.72,2755.72
TXN100474,2025-03-01,CUST0709,East,Home & Living,1,1525.43,1525.43
TXN108266,2025-03-01,CUST0350,West,Apparel,1,410.8,410.8
TXN111316,2025-03-01,CUST0312,North,Home & Living,2,4941.39,9882.79
TXN112503,2025-03-01,CUST0246,East,Home & Living,1,8311.84,8311.84
TXN107590,2025-03-01,CUST0726,North,Electronics,1,23429.67,23429.67
TXN114153,2025-03-01,CUST0308,West,Grocery,1,190.61,190.61
TXN111141,2025-03-01,CUST0470,South,Grocery,1,972.98,972.98
TXN108000,2025-03-01,CUST0015,West,Beauty,2,1817.42,3634.85
TXN110312,2025-03-01,CUST0171,East,Apparel,1,4443.96,4443.96
TXN111009,2025-03-01,CUST0717,East,Home & Living,2,5680.65,11361.31
TXN113613,2025-03-01,CUST0051,North,Grocery,1,471.36,471.36
TXN111024,2025-03-01,CUST0248,North,Apparel,1,1034.33,1034.33
TXN100446,2025-03-02,CUST0055,North,Beauty,1,1578.54,1578.54
TXN101820,2025-03-02,CUST0604,West,Grocery,1,551.32,551.32
TXN106692,2025-03-02,CUST0056,North,Apparel,1,7931.53,7931.53
TXN108589,2025-03-02,CUST0116,South,Grocery,1,200.05,200.05
TXN109124,2025-03-02,CUST0541,North,Home & Living,1,14392.26,14392.26
TXN107536,2025-03-02,CUST0519,North,Beauty,2,518.2,1036.41
TXN112761,2025-03-02,CUST0628,Central,Apparel,1,4299.78,4299.78
TXN113318,2025-03-02,CUST0576,West,Beauty,1,3685.73,3685.73
TXN102941,2025-03-02,CUST0415,West,Apparel,1,855.41,855.41
TXN102802,2025-03-02,CUST0200,South,Apparel,1,2268.44,2268.44
TXN101801,2025-03-02,CUST0080,North,Grocery,1,640.31,640.31
TXN112345,2025-03-02,CUST0738,West,Grocery,1,312.69,312.69
TXN105023,2025-03-02,CUST0437,West,Beauty,1,526.51,526.51
TXN102173,2025-03-02,CUST0575,North,Grocery,1,734.34,734.34
TXN101332,2025-03-03,CUST0066,East,Apparel,1,2305.04,2305.04
TXN109586,2025-03-03,CUST0076,North,Home & Living,1,1858.99,1858.99
TXN105675,2025-03-03,CUST0706,South,Electronics,1,31409.45,31409.45
TXN110810,2025-03-03,CUST0515,South,Electronics,1,5373.13,5373.13
TXN100014,2025-03-03,CUST0265,South,Apparel,1,7492.28,7492.28
TXN112727,2025-03-03,CUST0297,North,Beauty,2,1632.84,3265.67
TXN112815,2025-03-03,CUST0499,East,Apparel,1,1746.19,1746.19
TXN113621,2025-03-03,CUST0755,North,Beauty,3,269.38,808.15
TXN100450,2025-03-03,CUST0373,East,Apparel,2,2628.18,5256.35
TXN114051,2025-03-03,CUST0197,Central,Electronics,1,18937.62,18937.62
TXN101606,2025-03-03,CUST0687,South,Electronics,3,21200.09,63600.27
TXN105557,2025-03-03,CUST0377,West,Grocery,1,955.55,955.55
TXN114473,2025-03-03,CUST0706,South,Beauty,1,2930.48,2930.48
TXN102988,2025-03-03,CUST0528,West,Apparel,1,1954.11,1954.11
TXN113023,2025-03-03,CUST0716,North,Grocery,2,2000.13,4000.27
TXN108238,2025-03-03,CUST0573,West,Grocery,1,656.86,656.86
TXN109452,2025-03-03,CUST0515,South,Home & Living,1,5145.86,5145.86
TXN108062,2025-03-03,CUST0215,West,Apparel,1,724.84,724.84
TXN103452,2025-03-03,CUST0155,South,Grocery,1,1533.19,1533.19
TXN114120,2025-03-03,CUST0325,East,Electronics,2,57436.01,114872.03
TXN103461,2025-03-04,CUST0744,North,Grocery,1,563.93,563.93
TXN106946,2025-03-04,CUST0641,Central,Beauty,1,1840.68,1840.68
TXN102587,2025-03-04,CUST0465,North,Beauty,1,1994.78,1994.78
TXN111258,2025-03-04,CUST0383,East,Grocery,1,918.57,918.57
TXN101491,2025-03-04,CUST0769,East,Home & Living,1,2587.31,2587.31
TXN114403,2025-03-04,CUST0028,South,Apparel,1,618.18,618.18
TXN100232,2025-03-04,CUST0470,South,Home & Living,1,7090.41,7090.41
TXN106971,2025-03-04,CUST0312,North,Electronics,1,18978.74,18978.74
TXN111597,2025-03-04,CUST0410,Central,Apparel,1,2295.86,2295.86
TXN112634,2025-03-04,CUST0749,North,Grocery,1,680.57,680.57
TXN107615,2025-03-04,CUST0262,Central,Home & Living,1,11204.2,11204.2
TXN104978,2025-03-04,CUST0296,North,Electronics,2,29225.55,58451.1
TXN103658,2025-03-04,CUST0338,South,Electronics,1,34447.91,34447.91
TXN107336,2025-03-04,CUST0074,South,Apparel,1,461.15,461.15
TXN113564,2025-03-04,CUST0243,South,Apparel,2,6992.77,13985.54
TXN112008,2025-03-04,CUST0192,West,Apparel,1,5848.79,5848.79
TXN105412,2025-03-04,CUST0229,South,Grocery,1,207.71,207.71
TXN111834,2025-03-04,CUST0314,East,Grocery,1,942.61,942.61
TXN101347,2025-03-04,CUST0411,South,Grocery,1,569.13,569.13
TXN101613,2025-03-04,CUST0542,South,Electronics,1,7034.23,7034.23
TXN106437,2025-03-04,CUST0685,South,Home & Living,1,9359.57,9359.57
TXN111954,2025-03-04,CUST0641,Central,Home & Living,1,4388.71,4388.71
TXN100445,2025-03-04,CUST0567,West,Grocery,2,449.25,898.49
TXN100025,2025-03-04,CUST0539,North,Beauty,2,869.63,1739.25
TXN100525,2025-03-04,CUST0524,North,Electronics,1,33439.2,33439.2
TXN112250,2025-03-04,CUST0117,South,Home & Living,1,7396.15,7396.15
TXN113656,2025-03-04,CUST0619,South,Apparel,1,1644.83,1644.83
TXN106741,2025-03-04,CUST0447,North,Home & Living,1,11578.99,11578.99
TXN107308,2025-03-05,CUST0446,East,Home & Living,1,5311.0,5311.0
TXN103965,2025-03-05,CUST0022,North,Electronics,1,2314.67,2314.67
TXN111984,2025-03-05,CUST0241,East,Apparel,1,3362.2,3362.2
TXN112914,2025-03-05,CUST0316,East,Apparel,2,4403.18,8806.36
TXN114504,2025-03-05,CUST0616,Central,Beauty,3,4346.55,13039.64
TXN113931,2025-03-05,CUST0517,East,Apparel,1,476.86,476.86
TXN104571,2025-03-05,CUST0498,North,Home & Living,2,5373.18,10746.36
TXN114270,2025-03-05,CUST0259,South,Beauty,1,1424.89,1424.89
TXN104543,2025-03-05,CUST0706,South,Electronics,1,68185.77,68185.77
TXN108380,2025-03-05,CUST0279,North,Electronics,1,36652.64,36652.64
TXN101152,2025-03-05,CUST0213,Central,Apparel,1,740.2,740.2
TXN103390,2025-03-05,CUST0786,North,Grocery,1,758.38,758.38
TXN109696,2025-03-05,CUST0373,East,Electronics,1,24228.76,24228.76
TXN101594,2025-03-05,CUST0280,Central,Grocery,1,198.61,198.61
TXN103341,2025-03-05,CUST0356,West,Apparel,1,1860.43,1860.43
TXN106545,2025-03-05,CUST0019,North,Grocery,1,180.92,180.92
TXN111391,2025-03-05,CUST0416,North,Electronics,1,7913.53,7913.53
TXN114481,2025-03-05,CUST0202,East,Beauty,1,1273.39,1273.39
TXN104863,2025-03-05,CUST0220,North,Apparel,1,2897.43,2897.43
TXN106267,2025-03-05,CUST0274,North,Home & Living,1,6418.3,6418.3
TXN114604,2025-03-05,CUST0798,North,Grocery,1,327.46,327.46
TXN111778,2025-03-05,CUST0502,Central,Apparel,1,952.65,952.65
TXN103787,2025-03-05,CUST0778,East,Grocery,1,1026.83,1026.83
TXN101343,2025-03-05,CUST0559,North,Grocery,1,599.25,599.25
TXN106814,2025-03-05,CUST0114,South,Home & Living,1,1917.44,1917.44
TXN113024,2025-03-06,CUST0379,West,Grocery,1,116.22,116.22
TXN101879,2025-03-06,CUST0325,East,Grocery,1,2139.18,2139.18
TXN103288,2025-03-06,CUST0023,South,Apparel,1,2763.76,2763.76
TXN104454,2025-03-06,CUST0680,South,Apparel,1,1123.93,1123.93
TXN110019,2025-03-06,CUST0117,South,Home & Living,1,3658.01,3658.01
TXN113452,2025-03-06,CUST0070,Central,Grocery,1,353.96,353.96
TXN111312,2025-03-06,CUST0799,North,Apparel,1,2982.03,2982.03
TXN111178,2025-03-06,CUST0601,North,Apparel,1,427.87,427.87
TXN103807,2025-03-06,CUST0362,North,Electronics,1,18368.06,18368.06
TXN102738,2025-03-06,CUST0306,North,Grocery,2,1902.19,3804.39
TXN108714,2025-03-06,CUST0555,South,Apparel,1,4751.7,4751.7
TXN101875,2025-03-06,CUST0640,East,Beauty,2,883.13,1766.25
TXN107749,2025-03-06,CUST0685,South,Home & Living,3,2882.79,8648.38
TXN105724,2025-03-06,CUST0055,North,Electronics,1,39936.34,39936.34
TXN114071,2025-03-06,CUST0536,East,Apparel,1,5506.34,5506.34
TXN113809,2025-03-06,CUST0249,West,Beauty,1,2499.67,2499.67
TXN111498,2025-03-06,CUST0262,Central,Beauty,1,2536.48,2536.48
TXN100103,2025-03-06,CUST0409,North,Apparel,2,7299.9,14599.8
TXN114246,2025-03-06,CUST0566,North,Home & Living,1,1840.34,1840.34
TXN113084,2025-03-07,CUST0627,North,Electronics,1,15241.49,15241.49
TXN108904,2025-03-07,CUST0632,East,Home & Living,1,12620.49,12620.49
TXN110193,2025-03-07,CUST0154,Central,Apparel,1,798.07,798.07
TXN112416,2025-03-07,CUST0759,West,Grocery,1,575.42,575.42
TXN104924,2025-03-07,CUST0054,Central,Electronics,1,59986.3,59986.3
TXN112223,2025-03-07,CUST0320,North,Apparel,1,2410.51,2410.51
TXN113341,2025-03-07,CUST0170,South,Apparel,1,3555.66,3555.66
TXN110873,2025-03-07,CUST0262,Central,Electronics,1,76410.0,76410.0
TXN113860,2025-03-07,CUST0141,North,Apparel,1,2860.23,2860.23
TXN104156,2025-03-07,CUST0500,West,Beauty,2,4197.3,8394.6
TXN106484,2025-03-07,CUST0535,Central,Beauty,1,1888.43,1888.43
TXN103495,2025-03-07,CUST0359,West,Apparel,2,6790.51,13581.02
TXN105608,2025-03-07,CUST0306,North,Electronics,1,45834.41,45834.41
TXN108262,2025-03-07,CUST0751,Central,Home & Living,1,631.34,631.34
TXN102494,2025-03-07,CUST0264,South,Electronics,2,5217.26,10434.52
TXN106845,2025-03-07,CUST0538,West,Beauty,2,1523.12,3046.23
TXN111598,2025-03-07,CUST0273,North,Home & Living,1,6571.88,6571.88
TXN102297,2025-03-07,CUST0669,West,Apparel,2,2301.32,4602.64
TXN100087,2025-03-07,CUST0396,West,Electronics,1,38915.61,38915.61
TXN114725,2025-03-08,CUST0194,East,Beauty,1,2387.98,2387.98
TXN106121,2025-03-08,CUST0749,North,Grocery,1,1329.67,1329.67
TXN113300,2025-03-08,CUST0116,South,Apparel,1,5444.26,5444.26
TXN100130,2025-03-08,CUST0247,North,Grocery,1,510.13,510.13
TXN101408,2025-03-08,CUST0531,East,Electronics,1,42027.39,42027.39
TXN110594,2025-03-08,CUST0249,West,Grocery,2,588.96,1177.92
TXN101275,2025-03-08,CUST0389,South,Grocery,1,489.11,489.11
TXN113458,2025-03-08,CUST0196,North,Electronics,1,27094.61,27094.61
TXN105813,2025-03-08,CUST0662,East,Electronics,1,60876.32,60876.32
TXN103185,2025-03-08,CUST0303,Central,Home & Living,1,3139.32,3139.32
TXN109687,2025-03-08,CUST0271,South,Beauty,1,2964.1,2964.1
TXN109810,2025-03-08,CUST0103,North,Home & Living,2,1283.84,2567.69
TXN110090,2025-03-08,CUST0229,South,Grocery,1,1548.59,1548.59
TXN107776,2025-03-08,CUST0542,South,Home & Living,1,2686.69,2686.69
TXN107650,2025-03-08,CUST0036,South,Grocery,1,894.28,894.28
TXN101308,2025-03-08,CUST0246,East,Home & Living,1,10754.8,10754.8
TXN107556,2025-03-08,CUST0751,Central,Home & Living,1,3849.41,3849.41
TXN107298,2025-03-08,CUST0062,South,Beauty,1,1654.85,1654.85
TXN103153,2025-03-08,CUST0411,South,Beauty,2,131.86,263.72
TXN110581,2025-03-08,CUST0717,East,Apparel,1,4114.67,4114.67
TXN104441,2025-03-08,CUST0109,North,Apparel,2,2947.65,5895.3
TXN106000,2025-03-09,CUST0524,North,Apparel,1,2081.34,2081.34
TXN110553,2025-03-09,CUST0530,South,Apparel,1,565.1,565.1
TXN114927,2025-03-09,CUST0533,North,Home & Living,1,7106.5,7106.5
TXN111819,2025-03-09,CUST0594,East,Apparel,1,1756.15,1756.15
TXN108663,2025-03-09,CUST0758,South,Electronics,1,8586.73,8586.73
TXN112892,2025-03-09,CUST0184,North,Grocery,1,1532.58,1532.58
TXN103322,2025-03-09,CUST0478,Central,Home & Living,2,5806.7,11613.4
TXN104465,2025-03-09,CUST0631,South,Electronics,1,16076.69,16076.69
TXN112069,2025-03-09,CUST0690,South,Apparel,1,2091.64,2091.64
TXN109268,2025-03-09,CUST0422,North,Grocery,1,963.22,963.22
TXN113313,2025-03-09,CUST0482,West,Home & Living,1,943.19,943.19
TXN107206,2025-03-09,CUST0336,North,Apparel,1,1712.13,1712.13
TXN110175,2025-03-09,CUST0246,East,Home & Living,1,12220.52,12220.52
TXN107769,2025-03-09,CUST0468,South,Electronics,1,33258.59,33258.59
TXN112920,2025-03-09,CUST0622,East,Beauty,1,1926.54,1926.54
TXN102261,2025-03-09,CUST0486,East,Home & Living,1,4553.33,4553.33
TXN114841,2025-03-09,CUST0208,West,Grocery,2,871.85,1743.7
TXN108602,2025-03-09,CUST0246,East,Home & Living,1,8667.3,8667.3
TXN102697,2025-03-09,CUST0126,North,Home & Living,1,4195.26,4195.26
TXN108770,2025-03-09,CUST0290,North,Electronics,1,31053.75,31053.75
TXN111453,2025-03-09,CUST0466,North,Home & Living,1,466.67,466.67
TXN106685,2025-03-09,CUST0679,West,Electronics,2,26892.39,53784.78
TXN105860,2025-03-09,CUST0391,North,Apparel,1,3579.68,3579.68
TXN103436,2025-03-09,CUST0490,North,Apparel,2,2903.89,5807.78
TXN106749,2025-03-09,CUST0510,West,Apparel,1,1658.52,1658.52
TXN112754,2025-03-09,CUST0079,North,Apparel,1,2693.49,2693.49
TXN101501,2025-03-09,CUST0586,South,Apparel,1,1862.15,1862.15
TXN114919,2025-03-09,CUST0094,South,Electronics,1,13250.83,13250.83
TXN111356,2025-03-09,CUST0784,South,Home & Living,1,3802.91,3802.91
TXN110210,2025-03-10,CUST0777,North,Apparel,1,1420.23,1420.23
TXN102195,2025-03-10,CUST0519,North,Apparel,1,1894.2,1894.2
TXN100972,2025-03-10,CUST0257,West,Home & Living,2,7161.81,14323.61
TXN106004,2025-03-10,CUST0257,West,Beauty,2,812.48,1624.95
TXN102841,2025-03-10,CUST0665,Central,Grocery,1,805.13,805.13
TXN113996,2025-03-10,CUST0113,East,Home & Living,1,2523.96,2523.96
TXN113923,2025-03-10,CUST0680,South,Beauty,2,753.16,1506.31
TXN111059,2025-03-10,CUST0631,South,Apparel,1,4256.35,4256.35
TXN110886,2025-03-10,CUST0316,East,Grocery,1,702.43,702.43
TXN103776,2025-03-10,CUST0465,North,Apparel,1,4181.42,4181.42
TXN100020,2025-03-10,CUST0380,East,Electronics,1,14425.95,14425.95
TXN102777,2025-03-10,CUST0674,South,Beauty,1,1967.17,1967.17
TXN102348,2025-03-10,CUST0137,North,Grocery,1,646.11,646.11
TXN104611,2025-03-11,CUST0105,South,Apparel,1,5266.37,5266.37
TXN113825,2025-03-11,CUST0454,North,Grocery,1,1754.37,1754.37
TXN100630,2025-03-11,CUST0582,South,Electronics,1,77572.92,77572.92
TXN103931,2025-03-11,CUST0114,South,Apparel,1,3359.31,3359.31
TXN112838,2025-03-11,CUST0516,East,Apparel,1,2172.11,2172.11
TXN113095,2025-03-11,CUST0245,Central,Grocery,1,355.47,355.47
TXN110531,2025-03-11,CUST0224,Central,Apparel,1,1937.71,1937.71
TXN105646,2025-03-11,CUST0525,Central,Electronics,1,7133.9,7133.9
TXN113448,2025-03-11,CUST0280,Central,Electronics,1,36065.59,36065.59
TXN107413,2025-03-11,CUST0046,South,Grocery,1,232.75,232.75
TXN108934,2025-03-11,CUST0477,North,Apparel,1,827.52,827.52
TXN105354,2025-03-11,CUST0656,Central,Beauty,1,1601.67,1601.67
TXN108507,2025-03-11,CUST0412,South,Grocery,1,647.24,647.24
TXN109351,2025-03-12,CUST0612,North,Home & Living,1,2486.11,2486.11
TXN100190,2025-03-12,CUST0125,South,Electronics,1,11632.29,11632.29
TXN110130,2025-03-12,CUST0555,South,Grocery,2,999.62,1999.23
TXN114302,2025-03-12,CUST0218,East,Apparel,1,3568.42,3568.42
TXN100710,2025-03-12,CUST0409,North,Electronics,1,10366.13,10366.13
TXN113083,2025-03-12,CUST0093,West,Grocery,1,540.49,540.49
TXN107909,2025-03-12,CUST0135,North,Grocery,1,1946.02,1946.02
TXN104239,2025-03-12,CUST0500,West,Grocery,2,659.94,1319.88
TXN103048,2025-03-12,CUST0704,South,Apparel,3,3136.28,9408.85
TXN108060,2025-03-12,CUST0451,West,Home & Living,1,2201.44,2201.44
TXN104988,2025-03-12,CUST0160,West,Beauty,1,598.84,598.84
TXN107681,2025-03-12,CUST0759,West,Home & Living,1,5489.18,5489.18
TXN107866,2025-03-12,CUST0746,South,Electronics,1,17756.79,17756.79
TXN114463,2025-03-12,CUST0230,West,Electronics,1,18103.46,18103.46
TXN104331,2025-03-12,CUST0262,Central,Apparel,1,7482.28,7482.28
TXN102747,2025-03-12,CUST0447,North,Home & Living,1,9760.56,9760.56
TXN104503,2025-03-12,CUST0728,South,Electronics,1,23041.9,23041.9
TXN102422,2025-03-13,CUST0529,East,Beauty,2,189.79,379.58
TXN105760,2025-03-13,CUST0552,East,Apparel,2,1796.02,3592.04
TXN104603,2025-03-13,CUST0513,East,Electronics,1,73267.96,73267.96
TXN106452,2025-03-13,CUST0772,North,Apparel,1,2014.61,2014.61
TXN114020,2025-03-13,CUST0350,West,Grocery,1,555.2,555.2
TXN108015,2025-03-13,CUST0689,South,Grocery,1,942.7,942.7
TXN112354,2025-03-13,CUST0775,North,Grocery,1,1080.27,1080.27
TXN110305,2025-03-13,CUST0595,South,Grocery,1,455.56,455.56
TXN105439,2025-03-13,CUST0522,North,Beauty,1,1419.22,1419.22
TXN100214,2025-03-13,CUST0070,Central,Electronics,1,77864.04,77864.04
TXN110268,2025-03-13,CUST0499,East,Home & Living,1,14243.22,14243.22
TXN101464,2025-03-13,CUST0511,North,Beauty,1,1719.96,1719.96
TXN107550,2025-03-13,CUST0439,Central,Beauty,1,2609.1,2609.1
TXN106778,2025-03-13,CUST0464,South,Beauty,2,2236.41,4472.82
TXN111366,2025-03-13,CUST0348,East,Home & Living,1,539.09,539.09
TXN109007,2025-03-13,CUST0702,South,Apparel,1,2564.71,2564.71
TXN114274,2025-03-13,CUST0374,North,Home & Living,1,3382.6,3382.6
TXN106341,2025-03-13,CUST0507,West,Grocery,1,688.86,688.86
TXN109925,2025-03-13,CUST0595,South,Grocery,1,512.82,512.82
TXN107235,2025-03-14,CUST0036,South,Apparel,1,3371.73,3371.73
TXN106612,2025-03-14,CUST0012,West,Beauty,1,422.24,422.24
TXN111114,2025-03-14,CUST0105,South,Electronics,1,57951.79,57951.79
TXN104743,2025-03-14,CUST0661,South,Electronics,1,12290.74,12290.74
TXN111852,2025-03-14,CUST0718,Central,Apparel,1,6904.33,6904.33
TXN111947,2025-03-14,CUST0446,East,Apparel,2,6730.25,13460.5
TXN107960,2025-03-14,CUST0668,South,Electronics,1,8906.34,8906.34
TXN105310,2025-03-14,CUST0337,West,Beauty,1,2724.96,2724.96
TXN105454,2025-03-14,CUST0398,Central,Electronics,2,27504.22,55008.43
TXN110006,2025-03-14,CUST0278,East,Apparel,1,2107.96,2107.96
TXN102158,2025-03-14,CUST0352,West,Apparel,1,2543.63,2543.63
TXN106916,2025-03-14,CUST0768,North,Grocery,1,714.68,714.68
TXN108415,2025-03-14,CUST0012,West,Grocery,1,1639.67,1639.67
TXN107149,2025-03-14,CUST0087,East,Grocery,1,944.25,944.25
TXN104569,2025-03-14,CUST0119,West,Grocery,1,1221.68,1221.68
TXN103876,2025-03-14,CUST0262,Central,Grocery,2,97.92,195.84
TXN104159,2025-03-14,CUST0249,West,Apparel,1,6169.19,6169.19
TXN106881,2025-03-14,CUST0202,East,Home & Living,1,4828.88,4828.88
TXN111827,2025-03-14,CUST0615,East,Beauty,1,456.21,456.21
TXN100439,2025-03-15,CUST0204,West,Grocery,1,850.5,850.5
TXN105459,2025-03-15,CUST0733,West,Beauty,1,2805.27,2805.27
TXN100070,2025-03-15,CUST0306,North,Apparel,1,6279.72,6279.72
TXN103515,2025-03-15,CUST0500,West,Apparel,2,1296.46,2592.91
TXN105931,2025-03-15,CUST0102,North,Grocery,1,855.37,855.37
TXN112632,2025-03-15,CUST0174,North,Apparel,1,1802.69,1802.69
TXN111547,2025-03-15,CUST0486,East,Apparel,1,1342.84,1342.84
TXN108150,2025-03-15,CUST0273,North,Apparel,2,3804.48,7608.97
TXN110272,2025-03-15,CUST0264,South,Grocery,1,63.19,63.19
TXN111735,2025-03-15,CUST0582,South,Apparel,1,5190.51,5190.51
TXN106926,2025-03-15,CUST0363,South,Home & Living,1,739.76,739.76
TXN113404,2025-03-15,CUST0155,South,Beauty,1,2947.63,2947.63
TXN112390,2025-03-15,CUST0065,South,Home & Living,1,4049.46,4049.46
TXN106918,2025-03-15,CUST0372,Central,Grocery,1,826.26,826.26
TXN110658,2025-03-15,CUST0430,South,Home & Living,3,2457.44,7372.31
TXN106120,2025-03-15,CUST0447,North,Electronics,1,6232.81,6232.81
TXN107053,2025-03-15,CUST0470,South,Beauty,1,2266.47,2266.47
TXN114986,2025-03-15,CUST0137,North,Grocery,2,403.04,806.07
TXN100226,2025-03-15,CUST0036,South,Electronics,1,17992.9,17992.9
TXN108943,2025-03-15,CUST0608,West,Grocery,1,147.44,147.44
TXN105661,2025-03-15,CUST0159,North,Home & Living,2,2220.32,4440.63
TXN111092,2025-03-15,CUST0413,North,Apparel,1,6268.18,6268.18
TXN100562,2025-03-16,CUST0278,East,Grocery,1,246.37,246.37
TXN109716,2025-03-16,CUST0480,South,Home & Living,1,1682.05,1682.05
TXN106630,2025-03-16,CUST0171,East,Grocery,1,771.66,771.66
TXN104427,2025-03-16,CUST0112,North,Apparel,1,2952.67,2952.67
TXN111712,2025-03-16,CUST0155,South,Grocery,1,317.73,317.73
TXN111468,2025-03-16,CUST0736,North,Apparel,1,6177.99,6177.99
TXN105855,2025-03-16,CUST0800,Central,Apparel,1,6226.05,6226.05
TXN111626,2025-03-16,CUST0332,South,Apparel,1,1518.81,1518.81
TXN101777,2025-03-16,CUST0157,East,Beauty,1,2313.03,2313.03
TXN110771,2025-03-16,CUST0319,North,Beauty,1,482.42,482.42
TXN100185,2025-03-16,CUST0720,Central,Beauty,1,1323.12,1323.12
TXN102780,2025-03-16,CUST0053,North,Beauty,2,2660.13,5320.26
TXN103035,2025-03-16,CUST0766,South,Home & Living,3,2304.33,6912.98
TXN104228,2025-03-16,CUST0285,Central,Grocery,1,626.24,626.24
TXN106008,2025-03-16,CUST0266,West,Apparel,1,2640.31,2640.31
TXN112343,2025-03-16,CUST0179,South,Apparel,1,847.48,847.48
TXN112977,2025-03-16,CUST0420,North,Home & Living,1,2542.18,2542.18
TXN112563,2025-03-16,CUST0056,North,Grocery,1,957.21,957.21
TXN113153,2025-03-16,CUST0433,North,Grocery,1,273.46,273.46
TXN112851,2025-03-17,CUST0141,North,Beauty,1,4527.84,4527.84
TXN108917,2025-03-17,CUST0440,North,Grocery,1,630.47,630.47
TXN105382,2025-03-17,CUST0752,East,Home & Living,2,6932.37,13864.73
TXN112050,2025-03-17,CUST0367,West,Apparel,1,4692.42,4692.42
TXN105186,2025-03-17,CUST0755,North,Electronics,3,6643.55,19930.64
TXN110608,2025-03-17,CUST0278,East,Apparel,1,2573.79,2573.79
TXN108773,2025-03-17,CUST0380,East,Grocery,1,161.34,161.34
TXN104673,2025-03-17,CUST0444,West,Apparel,1,832.35,832.35
TXN106362,2025-03-17,CUST0112,North,Beauty,1,967.91,967.91
TXN101803,2025-03-17,CUST0261,West,Apparel,1,3669.52,3669.52
TXN103944,2025-03-17,CUST0498,North,Home & Living,2,2558.78,5117.56
TXN114320,2025-03-17,CUST0717,East,Apparel,1,775.2,775.2
TXN113797,2025-03-17,CUST0640,East,Home & Living,1,710.53,710.53
TXN101631,2025-03-17,CUST0485,South,Apparel,1,2697.69,2697.69
TXN101957,2025-03-17,CUST0396,West,Beauty,3,4455.14,13365.41
TXN102913,2025-03-17,CUST0497,North,Electronics,1,44655.2,44655.2
TXN107837,2025-03-17,CUST0192,West,Grocery,1,1436.05,1436.05
TXN111897,2025-03-17,CUST0079,North,Grocery,1,446.59,446.59
TXN101084,2025-03-18,CUST0267,North,Apparel,1,2681.55,2681.55
TXN114512,2025-03-18,CUST0267,North,Electronics,1,9222.26,9222.26
TXN114884,2025-03-18,CUST0306,North,Home & Living,1,13372.83,13372.83
TXN110372,2025-03-18,CUST0311,West,Electronics,1,10431.7,10431.7
TXN105431,2025-03-18,CUST0232,East,Grocery,1,303.9,303.9
TXN106678,2025-03-18,CUST0321,Central,Electronics,1,10023.19,10023.19
TXN102969,2025-03-18,CUST0687,South,Apparel,1,4083.14,4083.14
TXN111589,2025-03-18,CUST0770,South,Beauty,1,977.35,977.35
TXN108211,2025-03-18,CUST0663,North,Home & Living,1,3227.04,3227.04
TXN102732,2025-03-18,CUST0359,West,Home & Living,2,10568.17,21136.34
TXN100230,2025-03-18,CUST0790,West,Grocery,2,1162.08,2324.16
TXN100283,2025-03-18,CUST0599,East,Grocery,1,555.72,555.72
TXN100880,2025-03-18,CUST0227,West,Electronics,1,34603.9,34603.9
TXN114728,2025-03-18,CUST0553,South,Grocery,1,286.62,286.62
TXN107758,2025-03-18,CUST0685,South,Electronics,1,47711.37,47711.37
TXN105496,2025-03-18,CUST0672,West,Beauty,1,2123.79,2123.79
TXN113968,2025-03-18,CUST0128,East,Home & Living,1,7814.08,7814.08
TXN107553,2025-03-19,CUST0402,North,Grocery,1,808.62,808.62
TXN110926,2025-03-19,CUST0010,North,Home & Living,1,5179.21,5179.21
TXN105980,2025-03-19,CUST0528,West,Apparel,1,1879.32,1879.32
TXN107667,2025-03-19,CUST0229,South,Home & Living,2,3203.85,6407.7
TXN107537,2025-03-19,CUST0257,West,Grocery,1,927.74,927.74
TXN100236,2025-03-19,CUST0111,East,Apparel,1,2324.95,2324.95
TXN110261,2025-03-19,CUST0012,West,Beauty,1,2803.08,2803.08
TXN108289,2025-03-19,CUST0242,West,Electronics,1,65918.11,65918.11
TXN112377,2025-03-19,CUST0264,South,Home & Living,1,5301.87,5301.87
TXN101640,2025-03-19,CUST0337,West,Grocery,3,86.91,260.74
TXN109316,2025-03-19,CUST0089,North,Grocery,1,144.39,144.39
TXN109421,2025-03-19,CUST0036,South,Electronics,3,4674.99,14024.96
TXN107250,2025-03-19,CUST0741,West,Beauty,1,354.08,354.08
TXN109208,2025-03-19,CUST0615,East,Home & Living,1,8189.75,8189.75
TXN106477,2025-03-19,CUST0470,South,Electronics,1,76001.34,76001.34
TXN109750,2025-03-20,CUST0315,East,Electronics,1,16936.11,16936.11
TXN110666,2025-03-20,CUST0035,South,Grocery,1,242.47,242.47
TXN106222,2025-03-20,CUST0332,South,Electronics,1,29372.06,29372.06
TXN112982,2025-03-20,CUST0377,West,Electronics,1,32371.31,32371.31
TXN108091,2025-03-20,CUST0359,West,Apparel,1,3973.9,3973.9
TXN108624,2025-03-20,CUST0014,Central,Home & Living,1,5177.05,5177.05
TXN107540,2025-03-20,CUST0326,East,Grocery,2,1114.23,2228.45
TXN106882,2025-03-20,CUST0748,East,Apparel,1,2920.17,2920.17
TXN104601,2025-03-20,CUST0325,East,Apparel,2,2379.4,4758.81
TXN103325,2025-03-20,CUST0210,South,Apparel,1,2180.65,2180.65
TXN103672,2025-03-20,CUST0242,West,Electronics,1,26756.12,26756.12
TXN112188,2025-03-20,CUST0581,North,Apparel,1,2796.16,2796.16
TXN112643,2025-03-20,CUST0355,East,Grocery,1,323.04,323.04
TXN104072,2025-03-20,CUST0507,West,Home & Living,2,8744.29,17488.58
TXN109911,2025-03-20,CUST0478,Central,Apparel,1,1611.58,1611.58
TXN111190,2025-03-20,CUST0241,East,Grocery,2,1722.24,3444.48
TXN108043,2025-03-21,CUST0113,East,Apparel,1,3251.28,3251.28
TXN114469,2025-03-21,CUST0053,North,Electronics,1,73795.86,73795.86
TXN100711,2025-03-21,CUST0706,South,Beauty,1,3119.39,3119.39
TXN104677,2025-03-21,CUST0289,Central,Apparel,1,2305.61,2305.61
TXN101163,2025-03-21,CUST0365,North,Home & Living,1,8951.39,8951.39
TXN105217,2025-03-21,CUST0750,East,Apparel,1,784.14,784.14
TXN109884,2025-03-21,CUST0140,East,Apparel,1,1780.02,1780.02
TXN103822,2025-03-21,CUST0786,North,Apparel,1,1673.4,1673.4
TXN107203,2025-03-21,CUST0797,North,Grocery,3,1330.23,3990.7
TXN103469,2025-03-21,CUST0010,North,Home & Living,1,970.81,970.81
TXN102170,2025-03-21,CUST0442,West,Apparel,1,4047.47,4047.47
TXN100651,2025-03-21,CUST0732,East,Apparel,1,2423.24,2423.24
TXN109374,2025-03-21,CUST0579,South,Apparel,1,1104.65,1104.65
TXN103728,2025-03-21,CUST0359,West,Apparel,1,6818.69,6818.69
TXN108293,2025-03-21,CUST0563,East,Electronics,1,29915.61,29915.61
TXN111711,2025-03-21,CUST0374,North,Apparel,1,3892.38,3892.38
TXN114581,2025-03-21,CUST0732,East,Grocery,1,742.47,742.47
TXN102190,2025-03-21,CUST0182,West,Electronics,1,5810.03,5810.03
TXN102709,2025-03-21,CUST0620,Central,Apparel,1,879.81,879.81
TXN103893,2025-03-21,CUST0227,West,Apparel,2,3498.12,6996.24
TXN102795,2025-03-21,CUST0676,East,Grocery,1,244.08,244.08
TXN112919,2025-03-22,CUST0356,West,Home & Living,2,3740.84,7481.67
TXN100623,2025-03-22,CUST0199,Central,Home & Living,2,4863.14,9726.28
TXN113487,2025-03-22,CUST0115,East,Apparel,1,1236.06,1236.06
TXN103666,2025-03-22,CUST0239,North,Home & Living,2,4548.08,9096.15
TXN108451,2025-03-22,CUST0375,East,Grocery,1,814.19,814.19
TXN106373,2025-03-22,CUST0728,South,Home & Living,2,5846.95,11693.91
TXN107576,2025-03-22,CUST0193,North,Electronics,1,23838.0,23838.0
TXN107523,2025-03-22,CUST0720,Central,Electronics,1,5271.3,5271.3
TXN108181,2025-03-22,CUST0315,East,Electronics,1,29444.0,29444.0
TXN105495,2025-03-22,CUST0474,North,Electronics,1,39772.15,39772.15
TXN113113,2025-03-22,CUST0248,North,Home & Living,1,12044.86,12044.86
TXN111690,2025-03-22,CUST0429,Central,Home & Living,1,3334.66,3334.66
TXN110275,2025-03-22,CUST0753,West,Apparel,2,3820.02,7640.04
TXN105164,2025-03-22,CUST0631,South,Home & Living,1,1739.23,1739.23
TXN100921,2025-03-22,CUST0115,East,Grocery,1,978.06,978.06
TXN100542,2025-03-22,CUST0555,South,Apparel,1,6246.85,6246.85
TXN104273,2025-03-22,CUST0664,East,Beauty,1,492.91,492.91
TXN102525,2025-03-22,CUST0532,West,Home & Living,1,11014.62,11014.62
TXN109893,2025-03-22,CUST0624,North,Apparel,1,815.87,815.87
TXN103973,2025-03-22,CUST0509,South,Apparel,1,932.75,932.75
TXN102950,2025-03-22,CUST0751,Central,Apparel,1,2883.38,2883.38
TXN103073,2025-03-23,CUST0095,East,Apparel,2,407.6,815.2
TXN107890,2025-03-23,CUST0406,West,Apparel,1,4791.66,4791.66
TXN111620,2025-03-23,CUST0349,West,Grocery,1,259.87,259.87
TXN101726,2025-03-23,CUST0641,Central,Apparel,1,2251.58,2251.58
TXN109808,2025-03-23,CUST0409,North,Apparel,3,5802.51,17407.54
TXN102502,2025-03-23,CUST0443,West,Home & Living,1,1284.49,1284.49
TXN103203,2025-03-23,CUST0159,North,Apparel,1,3086.58,3086.58
TXN105270,2025-03-23,CUST0406,West,Apparel,2,4532.49,9064.98
TXN101822,2025-03-23,CUST0601,North,Electronics,1,7611.82,7611.82
TXN107082,2025-03-23,CUST0147,North,Electronics,1,41833.02,41833.02
TXN106580,2025-03-23,CUST0005,South,Beauty,1,1262.13,1262.13
TXN110287,2025-03-23,CUST0242,West,Grocery,1,854.11,854.11
TXN112951,2025-03-23,CUST0108,South,Home & Living,1,2795.55,2795.55
TXN110687,2025-03-23,CUST0241,East,Grocery,1,1489.36,1489.36
TXN105041,2025-03-23,CUST0631,South,Home & Living,1,6214.95,6214.95
TXN103608,2025-03-23,CUST0699,South,Home & Living,1,2914.16,2914.16
TXN103497,2025-03-23,CUST0215,West,Beauty,1,2619.52,2619.52
TXN103009,2025-03-23,CUST0303,Central,Beauty,2,1814.06,3628.12
TXN113849,2025-03-24,CUST0282,North,Home & Living,1,3392.28,3392.28
TXN110479,2025-03-24,CUST0603,North,Grocery,1,87.21,87.21
TXN104141,2025-03-24,CUST0459,North,Beauty,3,1182.22,3546.66
TXN108216,2025-03-24,CUST0476,North,Grocery,1,1805.38,1805.38
TXN109838,2025-03-24,CUST0717,East,Beauty,1,1080.11,1080.11
TXN108659,2025-03-24,CUST0070,Central,Apparel,1,2040.39,2040.39
TXN104464,2025-03-24,CUST0197,Central,Beauty,2,512.27,1024.54
TXN105200,2025-03-24,CUST0051,North,Electronics,1,16375.9,16375.9
TXN102682,2025-03-24,CUST0177,East,Apparel,1,2836.73,2836.73
TXN103418,2025-03-24,CUST0450,East,Beauty,1,718.81,718.81
TXN112272,2025-03-24,CUST0508,West,Grocery,1,1057.29,1057.29
TXN102058,2025-03-24,CUST0489,North,Apparel,1,7485.04,7485.04
TXN110180,2025-03-24,CUST0242,West,Electronics,2,51998.52,103997.04
TXN101131,2025-03-24,CUST0386,Central,Apparel,1,1433.83,1433.83
TXN108839,2025-03-24,CUST0273,North,Grocery,1,601.27,601.27
TXN113298,2025-03-24,CUST0006,West,Home & Living,3,5482.06,16446.18
TXN111765,2025-03-24,CUST0492,North,Electronics,3,44426.86,133280.58
TXN101826,2025-03-24,CUST0454,North,Grocery,1,726.65,726.65
TXN109695,2025-03-25,CUST0009,South,Electronics,1,38970.28,38970.28
TXN113808,2025-03-25,CUST0254,West,Apparel,3,2010.83,6032.49
TXN110062,2025-03-25,CUST0500,West,Home & Living,2,5370.16,10740.32
TXN112275,2025-03-25,CUST0054,Central,Home & Living,1,14346.16,14346.16
TXN109537,2025-03-25,CUST0723,South,Apparel,1,1682.43,1682.43
TXN107288,2025-03-25,CUST0249,West,Grocery,1,2126.4,2126.4
TXN109246,2025-03-25,CUST0472,West,Apparel,2,4141.23,8282.46
TXN104033,2025-03-25,CUST0157,East,Beauty,1,1744.36,1744.36
TXN112350,2025-03-25,CUST0800,Central,Apparel,1,4053.45,4053.45
TXN108542,2025-03-25,CUST0746,South,Apparel,2,1155.4,2310.79
TXN111524,2025-03-25,CUST0089,North,Electronics,1,10852.4,10852.4
TXN111839,2025-03-25,CUST0357,North,Home & Living,1,2645.19,2645.19
TXN103099,2025-03-25,CUST0790,West,Beauty,1,4957.59,4957.59
TXN100832,2025-03-25,CUST0792,Central,Beauty,2,2414.13,4828.26
TXN109738,2025-03-25,CUST0687,South,Grocery,1,707.12,707.12
TXN111184,2025-03-25,CUST0439,Central,Home & Living,1,7830.71,7830.71
TXN101095,2025-03-25,CUST0417,North,Grocery,1,797.36,797.36
TXN109581,2025-03-25,CUST0728,South,Apparel,1,1548.94,1548.94
TXN104914,2025-03-25,CUST0411,South,Apparel,1,1178.08,1178.08
TXN111341,2025-03-26,CUST0530,South,Home & Living,2,1131.3,2262.59
TXN112748,2025-03-26,CUST0155,South,Grocery,1,932.1,932.1
TXN100698,2025-03-26,CUST0091,West,Apparel,1,1914.97,1914.97
TXN103753,2025-03-26,CUST0435,East,Home & Living,1,2064.75,2064.75
TXN100006,2025-03-26,CUST0055,North,Apparel,1,1538.77,1538.77
TXN106995,2025-03-26,CUST0439,Central,Apparel,2,3576.96,7153.91
TXN105547,2025-03-26,CUST0184,North,Electronics,1,13329.72,13329.72
TXN109711,2025-03-26,CUST0411,South,Electronics,1,9592.11,9592.11
TXN110663,2025-03-26,CUST0085,West,Grocery,1,92.06,92.06
TXN110844,2025-03-26,CUST0105,South,Grocery,1,1700.23,1700.23
TXN114139,2025-03-26,CUST0350,West,Apparel,1,743.47,743.47
TXN112855,2025-03-26,CUST0297,North,Grocery,1,271.97,271.97
TXN111760,2025-03-26,CUST0210,South,Apparel,1,1139.13,1139.13
TXN110128,2025-03-26,CUST0109,North,Apparel,1,629.19,629.19
TXN100965,2025-03-26,CUST0241,East,Beauty,1,2456.22,2456.22
TXN114870,2025-03-26,CUST0271,South,Home & Living,1,5709.78,5709.78
TXN103545,2025-03-26,CUST0710,West,Grocery,1,1101.43,1101.43
TXN113118,2025-03-26,CUST0158,North,Apparel,1,3898.66,3898.66
TXN103064,2025-03-26,CUST0664,East,Grocery,2,335.26,670.51
TXN108502,2025-03-26,CUST0790,West,Beauty,1,2083.19,2083.19
TXN105840,2025-03-27,CUST0507,West,Grocery,1,1390.88,1390.88
TXN108978,2025-03-27,CUST0110,South,Electronics,1,27858.84,27858.84
TXN111456,2025-03-27,CUST0227,West,Home & Living,1,13489.86,13489.86
TXN104199,2025-03-27,CUST0138,Central,Home & Living,1,4858.35,4858.35
TXN114209,2025-03-27,CUST0194,East,Electronics,1,38868.92,38868.92
TXN114631,2025-03-27,CUST0035,South,Home & Living,2,7991.95,15983.9
TXN108814,2025-03-27,CUST0754,Central,Home & Living,1,5099.98,5099.98
TXN114592,2025-03-27,CUST0750,East,Electronics,1,5197.58,5197.58
TXN105873,2025-03-27,CUST0413,North,Home & Living,1,12656.69,12656.69
TXN103898,2025-03-27,CUST0459,North,Grocery,2,484.99,969.97
TXN109161,2025-03-27,CUST0328,South,Apparel,1,1764.35,1764.35
TXN114787,2025-03-27,CUST0529,East,Grocery,1,228.18,228.18
TXN101795,2025-03-27,CUST0799,North,Apparel,1,4289.29,4289.29
TXN110450,2025-03-27,CUST0228,West,Beauty,1,503.5,503.5
TXN109922,2025-03-27,CUST0183,North,Apparel,1,4826.7,4826.7
TXN104926,2025-03-27,CUST0022,North,Beauty,1,725.09,725.09
TXN111958,2025-03-27,CUST0076,North,Grocery,3,625.13,1875.39
TXN112378,2025-03-27,CUST0008,Central,Home & Living,2,3243.92,6487.84
TXN110277,2025-03-27,CUST0349,West,Electronics,1,17461.45,17461.45
TXN106315,2025-03-27,CUST0200,South,Beauty,1,1292.06,1292.06
TXN109727,2025-03-28,CUST0097,South,Home & Living,1,1168.76,1168.76
TXN102012,2025-03-28,CUST0299,West,Apparel,1,2181.79,2181.79
TXN103352,2025-03-28,CUST0325,East,Beauty,1,3820.26,3820.26
TXN114288,2025-03-28,CUST0412,South,Apparel,2,2676.85,5353.69
TXN110041,2025-03-28,CUST0658,East,Grocery,2,665.54,1331.08
TXN110931,2025-03-28,CUST0514,West,Apparel,1,3180.77,3180.77
TXN104022,2025-03-28,CUST0657,West,Electronics,1,2212.17,2212.17
TXN109098,2025-03-28,CUST0570,North,Beauty,3,1057.58,3172.74
TXN103284,2025-03-28,CUST0093,West,Apparel,3,4380.18,13140.55
TXN114026,2025-03-28,CUST0485,South,Apparel,1,1555.83,1555.83
TXN112030,2025-03-28,CUST0152,East,Apparel,1,2238.12,2238.12
TXN112096,2025-03-28,CUST0760,Central,Beauty,1,192.06,192.06
TXN111625,2025-03-28,CUST0193,North,Grocery,1,1882.82,1882.82
TXN105383,2025-03-28,CUST0671,East,Home & Living,1,5256.46,5256.46
TXN108970,2025-03-28,CUST0500,West,Home & Living,1,3018.72,3018.72
TXN104990,2025-03-28,CUST0368,East,Grocery,1,467.5,467.5
TXN109859,2025-03-28,CUST0699,South,Home & Living,2,924.28,1848.56
TXN104544,2025-03-28,CUST0620,Central,Apparel,1,1871.22,1871.22
TXN110527,2025-03-28,CUST0796,East,Electronics,1,5286.83,5286.83
TXN112888,2025-03-28,CUST0179,South,Apparel,1,4276.46,4276.46
TXN108402,2025-03-28,CUST0147,North,Home & Living,1,6948.57,6948.57
TXN108441,2025-03-29,CUST0119,West,Apparel,1,2336.41,2336.41
TXN110645,2025-03-29,CUST0095,East,Electronics,1,9731.39,9731.39
TXN109508,2025-03-29,CUST0240,South,Electronics,1,7127.91,7127.91
TXN103353,2025-03-29,CUST0530,South,Grocery,1,898.82,898.82
TXN100897,2025-03-29,CUST0696,East,Apparel,1,3675.3,3675.3
TXN103644,2025-03-29,CUST0561,Central,Beauty,1,1723.48,1723.48
TXN105071,2025-03-29,CUST0646,North,Apparel,1,4719.24,4719.24
TXN112578,2025-03-29,CUST0064,South,Electronics,1,27195.72,27195.72
TXN105766,2025-03-29,CUST0400,North,Apparel,1,1976.37,1976.37
TXN110429,2025-03-29,CUST0248,North,Apparel,1,3774.12,3774.12
TXN107378,2025-03-29,CUST0509,South,Home & Living,1,5727.65,5727.65
TXN107824,2025-03-29,CUST0763,West,Apparel,2,1105.09,2210.19
TXN114075,2025-03-30,CUST0649,Central,Grocery,1,723.65,723.65
TXN101837,2025-03-30,CUST0477,North,Electronics,3,9503.95,28511.84
TXN109002,2025-03-30,CUST0520,North,Apparel,1,430.17,430.17
TXN104682,2025-03-30,CUST0601,North,Home & Living,1,536.51,536.51
TXN108931,2025-03-30,CUST0597,South,Grocery,1,968.87,968.87
TXN107616,2025-03-30,CUST0433,North,Apparel,1,1593.97,1593.97
TXN111437,2025-03-30,CUST0363,South,Grocery,1,149.21,149.21
TXN108358,2025-03-30,CUST0524,North,Apparel,1,1868.11,1868.11
TXN100645,2025-03-30,CUST0419,East,Beauty,1,223.92,223.92
TXN103524,2025-03-30,CUST0735,South,Apparel,1,611.01,611.01
TXN103016,2025-03-30,CUST0646,North,Apparel,2,5936.47,11872.94
TXN102926,2025-03-30,CUST0588,North,Apparel,2,1294.11,2588.22
TXN102015,2025-03-30,CUST0073,East,Home & Living,2,1764.33,3528.66
TXN108073,2025-03-30,CUST0135,North,Apparel,2,5332.01,10664.02
TXN112724,2025-03-30,CUST0794,North,Grocery,1,911.84,911.84
TXN100031,2025-03-30,CUST0274,North,Home & Living,1,2427.5,2427.5
TXN101214,2025-03-30,CUST0454,North,Grocery,1,1452.33,1452.33
TXN111719,2025-03-30,CUST0454,North,Apparel,1,2672.31,2672.31
TXN100837,2025-03-30,CUST0270,South,Grocery,1,690.92,690.92
TXN107296,2025-03-30,CUST0257,West,Apparel,3,7488.56,22465.67
TXN103877,2025-03-30,CUST0541,North,Grocery,2,241.88,483.77
TXN108693,2025-03-30,CUST0532,West,Apparel,1,3050.56,3050.56
TXN113681,2025-03-30,CUST0680,South,Home & Living,1,4555.5,4555.5
TXN103194,2025-03-30,CUST0242,West,Home & Living,1,12816.83,12816.83
TXN112321,2025-03-30,CUST0043,North,Home & Living,1,2031.01,2031.01
TXN100108,2025-03-30,CUST0491,South,Electronics,1,18017.47,18017.47
TXN112506,2025-03-30,CUST0453,North,Grocery,1,639.8,639.8
TXN103914,2025-03-30,CUST0089,North,Home & Living,1,8825.27,8825.27
TXN111858,2025-03-30,CUST0796,East,Electronics,1,5874.49,5874.49
TXN104823,2025-03-31,CUST0215,West,Electronics,1,3011.48,3011.48
TXN103812,2025-03-31,CUST0577,South,Electronics,2,6846.51,13693.01
TXN110413,2025-03-31,CUST0679,West,Home & Living,1,14012.86,14012.86
TXN101021,2025-03-31,CUST0718,Central,Apparel,1,1827.03,1827.03
TXN106479,2025-03-31,CUST0396,West,Electronics,1,73392.95,73392.95
TXN112435,2025-03-31,CUST0609,East,Electronics,1,2847.71,2847.71
TXN105214,2025-03-31,CUST0389,South,Apparel,1,2580.63,2580.63
TXN102020,2025-03-31,CUST0530,South,Beauty,1,2437.34,2437.34
TXN102497,2025-03-31,CUST0069,West,Electronics,1,26894.78,26894.78
TXN107682,2025-03-31,CUST0566,North,Home & Living,1,5036.01,5036.01
TXN108738,2025-03-31,CUST0277,South,Electronics,1,21219.57,21219.57
TXN114588,2025-03-31,CUST0527,North,Apparel,1,2709.21,2709.21
TXN103720,2025-03-31,CUST0231,North,Grocery,1,129.49,129.49
TXN106549,2025-03-31,CUST0205,West,Grocery,2,285.63,571.27
TXN100360,2025-03-31,CUST0102,North,Grocery,1,1000.9,1000.9
TXN105371,2025-03-31,CUST0479,North,Electronics,1,14978.17,14978.17
TXN103591,2025-03-31,CUST0548,South,Electronics,1,40045.0,40045.0
TXN107503,2025-03-31,CUST0560,East,Grocery,1,759.04,759.04
TXN109333,2025-03-31,CUST0615,East,Beauty,3,1626.86,4880.59
TXN108912,2025-03-31,CUST0261,West,Grocery,1,807.41,807.41
TXN114258,2025-03-31,CUST0021,West,Home & Living,1,5037.75,5037.75
TXN113385,2025-03-31,CUST0368,East,Beauty,1,2532.35,2532.35
TXN103208,2025-03-31,CUST0201,North,Apparel,1,3810.55,3810.55
TXN109835,2025-03-31,CUST0410,Central,Beauty,1,1448.08,1448.08
TXN101878,2025-03-31,CUST0396,West,Grocery,1,879.06,879.06
TXN101476,2025-03-31,CUST0760,Central,Electronics,3,25700.95,77102.85
TXN104966,2025-03-31,CUST0544,West,Apparel,1,3647.22,3647.22
TXN104992,2025-04-01,CUST0308,West,Beauty,1,971.19,971.19
TXN109279,2025-04-01,CUST0750,East,Grocery,1,391.9,391.9
TXN100865,2025-04-01,CUST0170,South,Beauty,2,1365.91,2731.82
TXN111878,2025-04-01,CUST0351,West,Home & Living,1,3428.41,3428.41
TXN113655,2025-04-01,CUST0745,Central,Beauty,1,1602.89,1602.89
TXN100717,2025-04-01,CUST0316,East,Apparel,3,1560.95,4682.85
TXN106253,2025-04-01,CUST0242,West,Apparel,1,4816.56,4816.56
TXN109280,2025-04-01,CUST0299,West,Grocery,1,434.48,434.48
TXN100695,2025-04-01,CUST0006,West,Grocery,1,120.12,120.12
TXN103704,2025-04-01,CUST0355,East,Grocery,1,177.15,177.15
TXN100904,2025-04-01,CUST0169,East,Electronics,1,20469.84,20469.84
TXN100412,2025-04-01,CUST0728,South,Apparel,1,3281.46,3281.46
TXN101119,2025-04-01,CUST0021,West,Apparel,1,1444.24,1444.24
TXN104975,2025-04-01,CUST0553,South,Grocery,2,63.52,127.04
TXN114043,2025-04-01,CUST0236,West,Home & Living,1,2811.61,2811.61
TXN106271,2025-04-01,CUST0030,South,Electronics,1,14323.46,14323.46
TXN109597,2025-04-01,CUST0261,West,Grocery,1,992.87,992.87
TXN103975,2025-04-01,CUST0111,East,Grocery,1,673.97,673.97
TXN103729,2025-04-01,CUST0412,South,Grocery,2,948.34,1896.69
TXN107569,2025-04-01,CUST0233,North,Electronics,1,44027.05,44027.05
TXN109001,2025-04-01,CUST0177,East,Apparel,1,1165.98,1165.98
TXN101523,2025-04-01,CUST0374,North,Apparel,1,1269.71,1269.71
TXN105261,2025-04-01,CUST0732,East,Apparel,1,3730.49,3730.49
TXN103835,2025-04-01,CUST0578,East,Grocery,1,647.23,647.23
TXN103834,2025-04-01,CUST0476,North,Apparel,1,7500.99,7500.99
TXN107172,2025-04-01,CUST0447,North,Home & Living,1,13284.33,13284.33
TXN105826,2025-04-01,CUST0086,North,Grocery,1,248.32,248.32
TXN107519,2025-04-01,CUST0691,North,Apparel,1,1025.12,1025.12
TXN111784,2025-04-01,CUST0365,North,Electronics,2,52507.66,105015.32
TXN114312,2025-04-02,CUST0627,North,Electronics,1,24864.73,24864.73
TXN102946,2025-04-02,CUST0012,West,Beauty,1,4033.09,4033.09
TXN107356,2025-04-02,CUST0509,South,Grocery,1,886.53,886.53
TXN101312,2025-04-02,CUST0572,North,Grocery,1,417.23,417.23
TXN104713,2025-04-02,CUST0221,West,Home & Living,1,7217.15,7217.15
TXN112685,2025-04-02,CUST0538,West,Home & Living,1,1153.36,1153.36
TXN109641,2025-04-02,CUST0706,South,Grocery,1,1969.14,1969.14
TXN105352,2025-04-02,CUST0365,North,Grocery,1,398.08,398.08
TXN105999,2025-04-02,CUST0229,South,Apparel,1,6292.9,6292.9
TXN105497,2025-04-02,CUST0038,South,Beauty,1,890.47,890.47
TXN108145,2025-04-02,CUST0537,North,Home & Living,1,5064.0,5064.0
TXN110812,2025-04-02,CUST0181,South,Beauty,1,342.76,342.76
TXN101197,2025-04-02,CUST0494,West,Apparel,1,889.5,889.5
TXN107663,2025-04-02,CUST0501,North,Apparel,2,1953.32,3906.63
TXN111741,2025-04-02,CUST0039,East,Electronics,1,29945.48,29945.48
TXN109606,2025-04-02,CUST0615,East,Grocery,1,567.39,567.39
TXN112052,2025-04-02,CUST0002,North,Home & Living,1,2120.43,2120.43
TXN104614,2025-04-02,CUST0613,North,Electronics,1,43688.21,43688.21
TXN102793,2025-04-02,CUST0040,East,Electronics,1,18686.19,18686.19
TXN114708,2025-04-02,CUST0293,East,Electronics,1,33466.96,33466.96
TXN100731,2025-04-02,CUST0052,West,Home & Living,1,743.24,743.24
TXN103964,2025-04-02,CUST0749,North,Grocery,1,503.2,503.2
TXN105933,2025-04-02,CUST0405,South,Grocery,1,481.64,481.64
TXN109144,2025-04-02,CUST0367,West,Apparel,1,2266.08,2266.08
TXN111978,2025-04-03,CUST0780,East,Electronics,1,36052.41,36052.41
TXN113007,2025-04-03,CUST0500,West,Beauty,1,2924.38,2924.38
TXN107734,2025-04-03,CUST0310,North,Grocery,1,430.97,430.97
TXN100631,2025-04-03,CUST0044,Central,Apparel,1,1674.26,1674.26
TXN104469,2025-04-03,CUST0198,North,Grocery,1,406.91,406.91
TXN111587,2025-04-03,CUST0752,East,Apparel,2,4875.74,9751.47
TXN106769,2025-04-03,CUST0095,East,Grocery,1,703.09,703.09
TXN104251,2025-04-03,CUST0771,East,Grocery,1,486.61,486.61
TXN107605,2025-04-03,CUST0063,East,Apparel,1,3216.54,3216.54
TXN114525,2025-04-03,CUST0426,East,Beauty,1,1296.83,1296.83
TXN113928,2025-04-03,CUST0425,South,Beauty,2,718.73,1437.47
TXN100151,2025-04-03,CUST0183,North,Apparel,1,3928.4,3928.4
TXN100290,2025-04-03,CUST0084,North,Electronics,1,10307.44,10307.44
TXN109430,2025-04-03,CUST0225,Central,Home & Living,1,2057.79,2057.79
TXN102066,2025-04-03,CUST0674,South,Home & Living,1,2278.27,2278.27
TXN106598,2025-04-03,CUST0465,North,Apparel,1,5941.96,5941.96
TXN100553,2025-04-03,CUST0662,East,Home & Living,2,3670.24,7340.48
TXN106143,2025-04-03,CUST0243,South,Apparel,1,5508.64,5508.64
TXN103189,2025-04-03,CUST0262,Central,Apparel,1,4798.97,4798.97
TXN101157,2025-04-03,CUST0717,East,Apparel,1,2390.44,2390.44
TXN110889,2025-04-03,CUST0631,South,Apparel,1,3447.32,3447.32
TXN102863,2025-04-03,CUST0115,East,Grocery,1,527.0,527.0
TXN105934,2025-04-03,CUST0676,East,Grocery,1,928.93,928.93
TXN105252,2025-04-04,CUST0731,South,Beauty,2,2025.07,4050.14
TXN107387,2025-04-04,CUST0758,South,Home & Living,2,5065.05,10130.1
TXN110134,2025-04-04,CUST0367,West,Home & Living,1,9915.19,9915.19
TXN110605,2025-04-04,CUST0010,North,Apparel,1,2856.44,2856.44
TXN102649,2025-04-04,CUST0780,East,Electronics,1,7541.28,7541.28
TXN101740,2025-04-04,CUST0716,North,Electronics,1,20594.89,20594.89
TXN104714,2025-04-04,CUST0228,West,Grocery,1,766.93,766.93
TXN113033,2025-04-04,CUST0542,South,Apparel,1,4489.26,4489.26
TXN100187,2025-04-04,CUST0489,North,Home & Living,1,6626.57,6626.57
TXN106286,2025-04-04,CUST0179,South,Home & Living,2,9919.9,19839.79
TXN109106,2025-04-04,CUST0499,East,Apparel,1,3499.72,3499.72
TXN103560,2025-04-05,CUST0490,North,Grocery,1,1745.61,1745.61
TXN113039,2025-04-05,CUST0506,West,Home & Living,2,4778.62,9557.24
TXN107500,2025-04-05,CUST0465,North,Grocery,1,1955.03,1955.03
TXN105652,2025-04-05,CUST0218,East,Apparel,3,1819.12,5457.37
TXN107406,2025-04-05,CUST0243,South,Home & Living,2,10439.13,20878.27
TXN100618,2025-04-05,CUST0704,South,Electronics,1,7643.7,7643.7
TXN103557,2025-04-05,CUST0595,South,Home & Living,2,7345.14,14690.28
TXN101252,2025-04-05,CUST0160,West,Apparel,1,4283.03,4283.03
TXN104315,2025-04-05,CUST0070,Central,Beauty,1,2633.2,2633.2
TXN100722,2025-04-05,CUST0485,South,Apparel,1,1403.76,1403.76
TXN101616,2025-04-05,CUST0140,East,Apparel,1,4225.14,4225.14
TXN112319,2025-04-05,CUST0365,North,Apparel,1,5759.5,5759.5
TXN110466,2025-04-05,CUST0263,West,Beauty,1,383.8,383.8
TXN112474,2025-04-05,CUST0122,South,Apparel,1,7903.18,7903.18
TXN111263,2025-04-05,CUST0323,West,Electronics,1,44946.55,44946.55
TXN101129,2025-04-05,CUST0394,East,Home & Living,1,3363.99,3363.99
TXN111536,2025-04-05,CUST0754,Central,Apparel,1,2053.17,2053.17
TXN105827,2025-04-05,CUST0248,North,Apparel,1,3341.73,3341.73
TXN100074,2025-04-05,CUST0628,Central,Apparel,1,3366.4,3366.4
TXN112698,2025-04-05,CUST0406,West,Electronics,1,17226.58,17226.58
TXN112332,2025-04-05,CUST0056,North,Apparel,1,7585.97,7585.97
TXN108959,2025-04-05,CUST0782,South,Apparel,2,894.46,1788.92
TXN100472,2025-04-06,CUST0174,North,Home & Living,1,1763.27,1763.27
TXN105672,2025-04-06,CUST0507,West,Grocery,3,1665.42,4996.26
TXN113589,2025-04-06,CUST0446,East,Home & Living,1,7976.41,7976.41
TXN103655,2025-04-06,CUST0391,North,Grocery,3,1571.96,4715.88
TXN113180,2025-04-06,CUST0721,North,Grocery,1,1217.37,1217.37
TXN106480,2025-04-06,CUST0250,North,Home & Living,1,2805.02,2805.02
TXN113174,2025-04-06,CUST0672,West,Beauty,1,683.5,683.5
TXN107539,2025-04-06,CUST0490,North,Grocery,1,1015.9,1015.9
TXN101943,2025-04-06,CUST0272,North,Home & Living,1,2409.21,2409.21
TXN105726,2025-04-06,CUST0182,West,Electronics,1,12497.71,12497.71
TXN108706,2025-04-06,CUST0731,South,Grocery,1,776.8,776.8
TXN104537,2025-04-06,CUST0751,Central,Home & Living,1,3044.94,3044.94
TXN114807,2025-04-06,CUST0168,South,Electronics,1,4995.59,4995.59
TXN114942,2025-04-06,CUST0596,West,Apparel,1,3058.4,3058.4
TXN114702,2025-04-06,CUST0309,West,Electronics,2,29244.28,58488.57
TXN112176,2025-04-06,CUST0326,East,Apparel,1,777.94,777.94
TXN107830,2025-04-06,CUST0660,East,Grocery,1,815.94,815.94
TXN104192,2025-04-06,CUST0777,North,Beauty,1,1214.16,1214.16
TXN113823,2025-04-06,CUST0555,South,Apparel,1,7822.14,7822.14
TXN100557,2025-04-06,CUST0274,North,Electronics,1,57101.47,57101.47
TXN103082,2025-04-07,CUST0758,South,Grocery,1,504.84,504.84
TXN111221,2025-04-07,CUST0446,East,Beauty,1,2014.04,2014.04
TXN102329,2025-04-07,CUST0104,East,Apparel,1,829.8,829.8
TXN105481,2025-04-07,CUST0605,East,Grocery,1,696.24,696.24
TXN110962,2025-04-07,CUST0532,West,Grocery,1,768.98,768.98
TXN108541,2025-04-07,CUST0384,Central,Home & Living,1,4019.92,4019.92
TXN113909,2025-04-07,CUST0155,South,Electronics,1,69558.83,69558.83
TXN109823,2025-04-07,CUST0428,North,Electronics,1,46181.16,46181.16
TXN108053,2025-04-07,CUST0188,South,Apparel,1,3506.52,3506.52
TXN101862,2025-04-07,CUST0504,East,Grocery,1,421.77,421.77
TXN112646,2025-04-07,CUST0035,South,Grocery,1,1824.43,1824.43
TXN109468,2025-04-07,CUST0412,South,Apparel,1,5863.48,5863.48
TXN100961,2025-04-07,CUST0553,South,Grocery,1,623.76,623.76
TXN112679,2025-04-07,CUST0458,South,Home & Living,1,3266.16,3266.16
TXN104172,2025-04-07,CUST0210,South,Apparel,1,1654.79,1654.79
TXN100532,2025-04-07,CUST0450,East,Electronics,1,1795.34,1795.34
TXN111968,2025-04-07,CUST0767,East,Electronics,3,42369.26,127107.77
TXN111566,2025-04-07,CUST0318,West,Home & Living,1,1813.37,1813.37
TXN113267,2025-04-07,CUST0336,North,Electronics,1,25934.39,25934.39
TXN114498,2025-04-07,CUST0384,Central,Beauty,1,3103.62,3103.62
TXN102132,2025-04-07,CUST0365,North,Grocery,1,1351.27,1351.27
TXN112271,2025-04-07,CUST0248,North,Electronics,2,64739.97,129479.94
TXN113143,2025-04-07,CUST0350,West,Electronics,1,3535.66,3535.66
TXN110110,2025-04-07,CUST0685,South,Electronics,2,25465.48,50930.96
TXN100076,2025-04-08,CUST0068,North,Home & Living,1,5680.53,5680.53
TXN104965,2025-04-08,CUST0281,West,Grocery,1,1587.11,1587.11
TXN114492,2025-04-08,CUST0539,North,Beauty,1,2066.18,2066.18
TXN110744,2025-04-08,CUST0382,South,Grocery,1,813.47,813.47
TXN102225,2025-04-08,CUST0070,Central,Apparel,1,6347.8,6347.8
TXN109138,2025-04-08,CUST0188,South,Apparel,2,3418.85,6837.7
TXN104886,2025-04-08,CUST0764,North,Apparel,1,4067.79,4067.79
TXN102427,2025-04-08,CUST0131,North,Grocery,1,670.36,670.36
TXN107991,2025-04-08,CUST0110,South,Apparel,1,3091.66,3091.66
TXN107423,2025-04-08,CUST0246,East,Apparel,1,1319.67,1319.67
TXN108316,2025-04-08,CUST0105,South,Home & Living,3,6554.86,19664.57
TXN110137,2025-04-08,CUST0509,South,Home & Living,1,8015.4,8015.4
TXN107280,2025-04-08,CUST0470,South,Beauty,2,3576.42,7152.83
TXN102535,2025-04-08,CUST0012,West,Apparel,1,1051.22,1051.22
TXN106984,2025-04-08,CUST0379,West,Grocery,1,253.87,253.87
TXN113577,2025-04-08,CUST0238,West,Apparel,1,1072.82,1072.82
TXN106334,2025-04-08,CUST0215,West,Grocery,1,72.23,72.23
TXN101809,2025-04-08,CUST0035,South,Electronics,1,80057.54,80057.54
TXN108498,2025-04-08,CUST0198,North,Electronics,1,27155.79,27155.79
TXN106585,2025-04-08,CUST0123,Central,Beauty,1,1405.17,1405.17
TXN102082,2025-04-08,CUST0613,North,Home & Living,1,2709.48,2709.48
TXN100862,2025-04-08,CUST0495,West,Apparel,1,3140.11,3140.11
TXN101342,2025-04-08,CUST0242,West,Electronics,1,34700.65,34700.65
TXN110282,2025-04-09,CUST0141,North,Apparel,1,3923.16,3923.16
TXN107279,2025-04-09,CUST0182,West,Home & Living,2,1985.89,3971.78
TXN109528,2025-04-09,CUST0365,North,Apparel,2,6974.8,13949.59
TXN114558,2025-04-09,CUST0205,West,Electronics,1,24209.65,24209.65
TXN107692,2025-04-09,CUST0435,East,Home & Living,1,3176.2,3176.2
TXN113794,2025-04-09,CUST0742,North,Beauty,3,182.13,546.39
TXN109596,2025-04-09,CUST0672,West,Apparel,1,5527.44,5527.44
TXN112366,2025-04-09,CUST0775,North,Home & Living,1,2884.83,2884.83
TXN107974,2025-04-09,CUST0305,Central,Apparel,1,3025.33,3025.33
TXN110768,2025-04-09,CUST0230,West,Grocery,1,1032.56,1032.56
TXN103103,2025-04-09,CUST0476,North,Grocery,2,1487.24,2974.48
TXN112182,2025-04-09,CUST0280,Central,Grocery,2,904.61,1809.22
TXN113713,2025-04-09,CUST0010,North,Beauty,1,2267.36,2267.36
TXN114184,2025-04-09,CUST0509,South,Beauty,1,2987.24,2987.24
TXN114981,2025-04-09,CUST0439,Central,Grocery,1,909.97,909.97
TXN104224,2025-04-09,CUST0145,North,Grocery,1,648.33,648.33
TXN113099,2025-04-10,CUST0509,South,Home & Living,1,4856.68,4856.68
TXN112142,2025-04-10,CUST0518,West,Grocery,1,546.05,546.05
TXN100122,2025-04-10,CUST0246,East,Grocery,2,1911.83,3823.66
TXN111121,2025-04-10,CUST0070,Central,Home & Living,1,10952.8,10952.8
TXN113186,2025-04-10,CUST0578,East,Electronics,2,26773.14,53546.29
TXN109337,2025-04-10,CUST0166,South,Apparel,1,2505.93,2505.93
TXN106226,2025-04-10,CUST0759,West,Apparel,1,5812.09,5812.09
TXN114639,2025-04-10,CUST0576,West,Home & Living,1,12464.83,12464.83
TXN108829,2025-04-10,CUST0672,West,Apparel,2,7164.0,14328.01
TXN106720,2025-04-10,CUST0113,East,Grocery,2,1351.26,2702.51
TXN104050,2025-04-10,CUST0581,North,Beauty,1,1673.97,1673.97
TXN108488,2025-04-10,CUST0595,South,Apparel,1,4946.69,4946.69
TXN102210,2025-04-10,CUST0541,North,Electronics,1,48360.82,48360.82
TXN105348,2025-04-10,CUST0711,West,Electronics,1,23700.81,23700.81
TXN103269,2025-04-10,CUST0650,West,Grocery,2,394.39,788.77
TXN105905,2025-04-10,CUST0760,Central,Grocery,1,764.38,764.38
TXN111505,2025-04-10,CUST0503,North,Grocery,1,580.81,580.81
TXN107064,2025-04-10,CUST0447,North,Electronics,2,16363.88,32727.75
TXN107360,2025-04-10,CUST0218,East,Beauty,1,2103.23,2103.23
TXN110209,2025-04-10,CUST0089,North,Grocery,1,2112.51,2112.51
TXN111676,2025-04-10,CUST0436,South,Grocery,1,964.54,964.54
TXN101395,2025-04-11,CUST0695,East,Electronics,1,27906.13,27906.13
TXN114406,2025-04-11,CUST0385,North,Apparel,1,1135.94,1135.94
TXN112973,2025-04-11,CUST0684,North,Electronics,1,15250.46,15250.46
TXN107501,2025-04-11,CUST0629,East,Grocery,1,556.36,556.36
TXN100330,2025-04-11,CUST0467,South,Home & Living,3,901.07,2703.2
TXN113603,2025-04-11,CUST0160,West,Grocery,2,322.99,645.98
TXN112059,2025-04-11,CUST0056,North,Electronics,1,69402.96,69402.96
TXN110787,2025-04-11,CUST0367,West,Home & Living,1,13326.65,13326.65
TXN103622,2025-04-11,CUST0140,East,Grocery,2,1815.63,3631.26
TXN100275,2025-04-11,CUST0439,Central,Grocery,1,978.93,978.93
TXN103181,2025-04-11,CUST0156,South,Home & Living,1,2009.43,2009.43
TXN100612,2025-04-11,CUST0013,North,Apparel,1,4470.61,4470.61
TXN112691,2025-04-11,CUST0010,North,Grocery,1,1110.75,1110.75
TXN106566,2025-04-12,CUST0046,South,Beauty,1,2158.35,2158.35
TXN103799,2025-04-12,CUST0697,East,Apparel,1,1183.98,1183.98
TXN113584,2025-04-12,CUST0009,South,Home & Living,1,1072.18,1072.18
TXN113710,2025-04-12,CUST0797,North,Electronics,1,7561.76,7561.76
TXN111170,2025-04-12,CUST0561,Central,Grocery,1,116.41,116.41
TXN110967,2025-04-12,CUST0052,West,Home & Living,1,2330.5,2330.5
TXN102851,2025-04-12,CUST0465,North,Grocery,1,2007.39,2007.39
TXN103179,2025-04-12,CUST0193,North,Home & Living,1,6173.37,6173.37
TXN103855,2025-04-12,CUST0183,North,Grocery,1,1188.7,1188.7
TXN110346,2025-04-12,CUST0265,South,Apparel,1,1494.4,1494.4
TXN113101,2025-04-12,CUST0010,North,Apparel,1,2898.43,2898.43
TXN108669,2025-04-12,CUST0367,West,Home & Living,1,9602.79,9602.79
TXN101601,2025-04-12,CUST0406,West,Apparel,2,1828.65,3657.31
TXN108574,2025-04-12,CUST0155,South,Electronics,1,61707.6,61707.6
TXN108204,2025-04-12,CUST0451,West,Apparel,1,2538.53,2538.53
TXN114033,2025-04-12,CUST0532,West,Grocery,1,644.62,644.62
TXN111313,2025-04-12,CUST0100,North,Electronics,1,8785.59,8785.59
TXN101505,2025-04-12,CUST0356,West,Grocery,1,838.95,838.95
TXN104564,2025-04-12,CUST0208,West,Electronics,2,10429.04,20858.08
TXN108310,2025-04-12,CUST0262,Central,Electronics,1,64352.62,64352.62
TXN112753,2025-04-12,CUST0278,East,Beauty,2,373.04,746.07
TXN100786,2025-04-12,CUST0297,North,Grocery,1,300.02,300.02
TXN103784,2025-04-12,CUST0511,North,Beauty,1,748.17,748.17
TXN111972,2025-04-12,CUST0752,East,Apparel,1,7858.99,7858.99
TXN103368,2025-04-13,CUST0768,North,Electronics,2,68975.34,137950.67
TXN106367,2025-04-13,CUST0031,North,Home & Living,1,5989.75,5989.75
TXN109962,2025-04-13,CUST0700,West,Beauty,1,1153.13,1153.13
TXN110622,2025-04-13,CUST0164,South,Grocery,2,537.33,1074.67
TXN105485,2025-04-13,CUST0014,Central,Electronics,1,8414.61,8414.61
TXN103814,2025-04-13,CUST0044,Central,Electronics,2,12061.45,24122.9
TXN104068,2025-04-13,CUST0051,North,Apparel,1,1611.12,1611.12
TXN108637,2025-04-13,CUST0265,South,Grocery,1,136.23,136.23
TXN112511,2025-04-13,CUST0481,East,Apparel,1,1201.98,1201.98
TXN113840,2025-04-13,CUST0691,North,Beauty,1,113.73,113.73
TXN110009,2025-04-13,CUST0309,West,Beauty,1,682.99,682.99
TXN102055,2025-04-13,CUST0173,West,Apparel,1,3058.84,3058.84
TXN109470,2025-04-13,CUST0220,North,Grocery,1,211.73,211.73
TXN102021,2025-04-13,CUST0184,North,Grocery,1,2142.16,2142.16
TXN113908,2025-04-13,CUST0390,West,Grocery,1,392.31,392.31
TXN108048,2025-04-13,CUST0474,North,Home & Living,1,9914.59,9914.59
TXN105799,2025-04-13,CUST0204,West,Apparel,1,744.26,744.26
TXN111725,2025-04-13,CUST0044,Central,Electronics,1,77117.45,77117.45
TXN114891,2025-04-13,CUST0140,East,Grocery,1,1482.54,1482.54
TXN112040,2025-04-13,CUST0413,North,Apparel,2,6567.73,13135.46
TXN100686,2025-04-13,CUST0782,South,Apparel,1,2990.69,2990.69
TXN109855,2025-04-14,CUST0086,North,Home & Living,2,4906.45,9812.9
TXN114144,2025-04-14,CUST0384,Central,Electronics,1,76451.15,76451.15
TXN102166,2025-04-14,CUST0476,North,Grocery,1,1637.32,1637.32
TXN114016,2025-04-14,CUST0442,West,Apparel,1,4652.53,4652.53
TXN105598,2025-04-14,CUST0750,East,Home & Living,2,7908.09,15816.17
TXN104519,2025-04-14,CUST0529,East,Apparel,1,1135.06,1135.06
TXN101293,2025-04-14,CUST0515,South,Electronics,1,6021.66,6021.66
TXN114683,2025-04-14,CUST0379,West,Beauty,1,2062.46,2062.46
TXN107522,2025-04-14,CUST0518,West,Apparel,1,1049.34,1049.34
TXN104981,2025-04-14,CUST0757,East,Beauty,2,2764.16,5528.32
TXN110476,2025-04-14,CUST0158,North,Electronics,1,18957.29,18957.29
TXN107199,2025-04-14,CUST0389,South,Apparel,1,3690.06,3690.06
TXN101431,2025-04-14,CUST0339,South,Electronics,1,16984.88,16984.88
TXN102509,2025-04-14,CUST0465,North,Grocery,1,1318.71,1318.71
TXN112448,2025-04-14,CUST0733,West,Grocery,1,900.96,900.96
TXN110883,2025-04-14,CUST0054,Central,Electronics,2,8013.49,16026.98
TXN114880,2025-04-14,CUST0297,North,Beauty,1,1886.54,1886.54
TXN107007,2025-04-14,CUST0204,West,Apparel,1,2556.6,2556.6
TXN103854,2025-04-14,CUST0551,West,Electronics,1,6922.92,6922.92
TXN108243,2025-04-14,CUST0555,South,Beauty,1,2553.35,2553.35
TXN114112,2025-04-15,CUST0084,North,Electronics,1,8600.39,8600.39
TXN105283,2025-04-15,CUST0381,Central,Home & Living,1,1295.79,1295.79
TXN104368,2025-04-15,CUST0753,West,Apparel,1,4141.86,4141.86
TXN106569,2025-04-15,CUST0163,North,Apparel,1,686.89,686.89
TXN108013,2025-04-15,CUST0089,North,Grocery,1,1171.22,1171.22
TXN114415,2025-04-15,CUST0441,West,Electronics,1,7734.74,7734.74
TXN111224,2025-04-15,CUST0751,Central,Grocery,1,97.35,97.35
TXN104416,2025-04-15,CUST0113,East,Grocery,2,189.73,379.47
TXN110550,2025-04-15,CUST0352,West,Apparel,1,2631.17,2631.17
TXN100081,2025-04-15,CUST0786,North,Electronics,1,43871.76,43871.76
TXN102533,2025-04-15,CUST0501,North,Beauty,2,2902.17,5804.33
TXN102618,2025-04-15,CUST0538,West,Electronics,1,9616.93,9616.93
TXN103504,2025-04-15,CUST0252,East,Home & Living,1,780.38,780.38
TXN112146,2025-04-15,CUST0797,North,Beauty,1,562.91,562.91
TXN106242,2025-04-15,CUST0055,North,Electronics,1,27214.49,27214.49
TXN103206,2025-04-15,CUST0065,South,Electronics,1,31093.78,31093.78
TXN110927,2025-04-15,CUST0002,North,Apparel,2,2135.92,4271.85
TXN109313,2025-04-15,CUST0717,East,Beauty,2,2851.06,5702.12
TXN101078,2025-04-15,CUST0094,South,Electronics,1,18091.38,18091.38
TXN104099,2025-04-15,CUST0240,South,Apparel,1,2802.43,2802.43
TXN104281,2025-04-16,CUST0499,East,Electronics,1,33264.6,33264.6
TXN102036,2025-04-16,CUST0742,North,Home & Living,2,3505.65,7011.3
TXN107856,2025-04-16,CUST0306,North,Apparel,2,5353.04,10706.09
TXN106528,2025-04-16,CUST0697,East,Apparel,2,1606.04,3212.07
TXN105711,2025-04-16,CUST0424,Central,Apparel,2,1687.69,3375.38
TXN101755,2025-04-16,CUST0064,South,Electronics,1,24805.67,24805.67
TXN101217,2025-04-16,CUST0010,North,Electronics,1,5344.23,5344.23
TXN101904,2025-04-16,CUST0721,North,Apparel,1,6500.2,6500.2
TXN108513,2025-04-16,CUST0399,West,Grocery,1,898.22,898.22
TXN100066,2025-04-16,CUST0177,East,Electronics,1,40077.02,40077.02
TXN100819,2025-04-16,CUST0312,North,Electronics,1,25456.95,25456.95
TXN111380,2025-04-16,CUST0155,South,Grocery,2,1786.8,3573.61
TXN108361,2025-04-16,CUST0461,North,Electronics,1,30304.42,30304.42
TXN109420,2025-04-16,CUST0550,North,Beauty,1,232.19,232.19
TXN102282,2025-04-17,CUST0770,South,Apparel,1,4203.84,4203.84
TXN113359,2025-04-17,CUST0313,North,Apparel,1,1431.48,1431.48
TXN104353,2025-04-17,CUST0489,North,Home & Living,1,3079.7,3079.7
TXN113364,2025-04-17,CUST0309,West,Apparel,2,3712.45,7424.91
TXN107861,2025-04-17,CUST0016,East,Home & Living,1,4808.3,4808.3
TXN106259,2025-04-17,CUST0165,South,Grocery,1,140.6,140.6
TXN101672,2025-04-17,CUST0568,Central,Beauty,1,1878.67,1878.67
TXN114206,2025-04-17,CUST0119,West,Grocery,1,900.66,900.66
TXN108180,2025-04-17,CUST0290,North,Grocery,1,1159.09,1159.09
TXN108929,2025-04-17,CUST0029,West,Beauty,2,594.59,1189.18
TXN101548,2025-04-17,CUST0625,Central,Grocery,1,808.94,808.94
TXN102643,2025-04-17,CUST0368,East,Apparel,1,7008.94,7008.94
TXN103297,2025-04-17,CUST0242,West,Home & Living,1,8415.75,8415.75
TXN113386,2025-04-17,CUST0631,South,Beauty,1,1107.8,1107.8
TXN103065,2025-04-17,CUST0555,South,Apparel,1,1825.61,1825.61
TXN104330,2025-04-17,CUST0066,East,Apparel,1,1527.02,1527.02
TXN112155,2025-04-17,CUST0464,South,Apparel,2,1181.85,2363.7
TXN114641,2025-04-17,CUST0482,West,Apparel,1,2015.03,2015.03
TXN107701,2025-04-17,CUST0402,North,Beauty,1,2882.53,2882.53
TXN113379,2025-04-17,CUST0580,East,Apparel,1,1114.71,1114.71
TXN112772,2025-04-17,CUST0598,North,Grocery,1,324.87,324.87
TXN105404,2025-04-18,CUST0277,South,Electronics,2,44832.77,89665.53
TXN108432,2025-04-18,CUST0708,East,Apparel,1,1572.43,1572.43
TXN100511,2025-04-18,CUST0171,East,Apparel,2,1375.64,2751.27
TXN110032,2025-04-18,CUST0560,East,Beauty,1,1923.01,1923.01
TXN114594,2025-04-18,CUST0797,North,Beauty,1,1674.75,1674.75
TXN110233,2025-04-18,CUST0741,West,Home & Living,1,3556.97,3556.97
TXN104986,2025-04-18,CUST0384,Central,Beauty,2,4683.16,9366.33
TXN110293,2025-04-18,CUST0404,South,Grocery,1,991.83,991.83
TXN107937,2025-04-18,CUST0615,East,Electronics,1,9782.8,9782.8
TXN107474,2025-04-18,CUST0295,North,Home & Living,1,2165.92,2165.92
TXN106728,2025-04-18,CUST0694,North,Apparel,1,1848.37,1848.37
TXN105550,2025-04-18,CUST0611,North,Grocery,1,572.33,572.33
TXN106463,2025-04-18,CUST0141,North,Electronics,1,64843.66,64843.66
TXN108510,2025-04-18,CUST0215,West,Beauty,1,1471.85,1471.85
TXN105363,2025-04-18,CUST0508,West,Apparel,1,4055.18,4055.18
TXN111627,2025-04-18,CUST0560,East,Electronics,1,7203.1,7203.1
TXN105957,2025-04-18,CUST0410,Central,Home & Living,1,4101.89,4101.89
TXN101761,2025-04-18,CUST0223,Central,Home & Living,2,5164.38,10328.75
TXN102460,2025-04-18,CUST0241,East,Home & Living,1,12036.03,12036.03
TXN111647,2025-04-18,CUST0141,North,Grocery,1,113.16,113.16
TXN102247,2025-04-18,CUST0452,South,Beauty,1,1782.39,1782.39
TXN104796,2025-04-18,CUST0404,South,Grocery,1,681.06,681.06
TXN109753,2025-04-19,CUST0478,Central,Home & Living,1,7916.61,7916.61
TXN110279,2025-04-19,CUST0685,South,Grocery,1,129.39,129.39
TXN105623,2025-04-19,CUST0244,East,Home & Living,1,5475.14,5475.14
TXN113012,2025-04-19,CUST0532,West,Grocery,3,526.93,1580.79
TXN113430,2025-04-19,CUST0509,South,Apparel,1,1920.71,1920.71
TXN102902,2025-04-19,CUST0236,West,Apparel,2,2506.22,5012.45
TXN107012,2025-04-19,CUST0797,North,Grocery,2,198.86,397.73
TXN112909,2025-04-19,CUST0500,West,Apparel,1,1464.56,1464.56
TXN114541,2025-04-19,CUST0161,North,Grocery,1,151.95,151.95
TXN113273,2025-04-19,CUST0578,East,Grocery,2,1841.54,3683.07
TXN112649,2025-04-19,CUST0799,North,Beauty,1,511.37,511.37
TXN104013,2025-04-19,CUST0200,South,Apparel,1,1625.78,1625.78
TXN110156,2025-04-19,CUST0647,West,Electronics,1,41557.7,41557.7
TXN108108,2025-04-19,CUST0278,East,Grocery,1,737.11,737.11
TXN109131,2025-04-19,CUST0684,North,Electronics,2,24188.8,48377.59
TXN101187,2025-04-19,CUST0165,South,Grocery,1,724.28,724.28
TXN113592,2025-04-19,CUST0231,North,Grocery,1,240.37,240.37
TXN103494,2025-04-19,CUST0039,East,Beauty,2,2419.51,4839.02
TXN114422,2025-04-19,CUST0093,West,Beauty,1,568.66,568.66
TXN104741,2025-04-20,CUST0509,South,Electronics,1,57351.93,57351.93
TXN100244,2025-04-20,CUST0759,West,Home & Living,2,13211.61,26423.22
TXN113468,2025-04-20,CUST0119,West,Home & Living,2,7222.52,14445.04
TXN106299,2025-04-20,CUST0714,North,Electronics,2,6207.04,12414.09
TXN112867,2025-04-20,CUST0728,South,Grocery,3,798.04,2394.13
TXN103553,2025-04-20,CUST0598,North,Home & Living,2,1253.42,2506.84
TXN111436,2025-04-20,CUST0434,North,Electronics,1,20082.18,20082.18
TXN100265,2025-04-20,CUST0753,West,Electronics,1,37450.54,37450.54
TXN109806,2025-04-20,CUST0160,West,Beauty,2,1483.36,2966.73
TXN112372,2025-04-20,CUST0605,East,Grocery,1,798.0,798.0
TXN107738,2025-04-20,CUST0249,West,Apparel,1,3190.41,3190.41
TXN111360,2025-04-20,CUST0002,North,Apparel,1,960.48,960.48
TXN108504,2025-04-20,CUST0550,North,Apparel,1,3262.41,3262.41
TXN113433,2025-04-20,CUST0740,East,Home & Living,2,1668.36,3336.73
TXN100502,2025-04-20,CUST0134,East,Electronics,1,26742.95,26742.95
TXN113798,2025-04-20,CUST0428,North,Grocery,1,575.02,575.02
TXN109445,2025-04-20,CUST0557,Central,Apparel,1,1719.65,1719.65
TXN102005,2025-04-20,CUST0154,Central,Home & Living,1,3572.24,3572.24
TXN109580,2025-04-20,CUST0569,North,Apparel,2,7927.22,15854.43
TXN108613,2025-04-20,CUST0460,East,Grocery,2,825.94,1651.88
TXN112590,2025-04-20,CUST0341,West,Apparel,2,2850.58,5701.15
TXN107029,2025-04-20,CUST0536,East,Apparel,1,2681.6,2681.6
TXN105024,2025-04-21,CUST0654,East,Electronics,1,12328.42,12328.42
TXN114439,2025-04-21,CUST0314,East,Grocery,1,1619.74,1619.74
TXN110284,2025-04-21,CUST0562,North,Apparel,2,2368.89,4737.78
TXN109604,2025-04-21,CUST0724,North,Apparel,1,4113.02,4113.02
TXN114433,2025-04-21,CUST0338,South,Apparel,1,2691.07,2691.07
TXN104332,2025-04-21,CUST0203,West,Electronics,1,7058.5,7058.5
TXN104672,2025-04-21,CUST0054,Central,Apparel,1,5007.51,5007.51
TXN110545,2025-04-21,CUST0511,North,Apparel,1,1570.44,1570.44
TXN111298,2025-04-21,CUST0716,North,Home & Living,1,7547.16,7547.16
TXN100748,2025-04-21,CUST0476,North,Electronics,1,34009.7,34009.7
TXN106159,2025-04-21,CUST0165,South,Electronics,3,30116.38,90349.14
TXN100561,2025-04-21,CUST0492,North,Grocery,2,84.95,169.91
TXN106346,2025-04-21,CUST0497,North,Beauty,1,1763.04,1763.04
TXN108259,2025-04-21,CUST0129,East,Grocery,2,181.17,362.35
TXN110827,2025-04-21,CUST0476,North,Beauty,2,3860.98,7721.95
TXN101028,2025-04-21,CUST0401,West,Grocery,1,255.96,255.96
TXN100155,2025-04-21,CUST0639,North,Home & Living,1,4660.92,4660.92
TXN109324,2025-04-21,CUST0589,Central,Beauty,1,248.13,248.13
TXN109310,2025-04-21,CUST0004,East,Apparel,1,3210.52,3210.52
TXN107525,2025-04-21,CUST0773,West,Electronics,1,9083.46,9083.46
TXN108940,2025-04-22,CUST0089,North,Beauty,1,933.98,933.98
TXN107399,2025-04-22,CUST0750,East,Home & Living,3,6629.4,19888.21
TXN114031,2025-04-22,CUST0379,West,Home & Living,1,7571.57,7571.57
TXN108636,2025-04-22,CUST0613,North,Apparel,1,1464.52,1464.52
TXN105635,2025-04-22,CUST0385,North,Home & Living,1,4267.77,4267.77
TXN112414,2025-04-22,CUST0218,East,Grocery,1,957.06,957.06
TXN103149,2025-04-22,CUST0640,East,Home & Living,2,5519.86,11039.72
TXN102485,2025-04-22,CUST0052,West,Beauty,1,2676.13,2676.13
TXN112707,2025-04-22,CUST0155,South,Apparel,1,5350.48,5350.48
TXN101772,2025-04-22,CUST0218,East,Apparel,1,2006.28,2006.28
TXN107574,2025-04-22,CUST0226,South,Apparel,1,1525.35,1525.35
TXN105441,2025-04-22,CUST0317,North,Apparel,2,559.38,1118.77
TXN102683,2025-04-22,CUST0051,North,Apparel,2,7612.71,15225.42
TXN111481,2025-04-22,CUST0141,North,Beauty,1,2902.63,2902.63
TXN101700,2025-04-22,CUST0355,East,Apparel,1,1559.07,1559.07
TXN102686,2025-04-22,CUST0703,North,Grocery,2,99.75,199.49
TXN107898,2025-04-22,CUST0768,North,Home & Living,1,12538.92,12538.92
TXN104857,2025-04-22,CUST0326,East,Home & Living,1,3419.88,3419.88
TXN113445,2025-04-22,CUST0470,South,Apparel,1,4312.58,4312.58
TXN111111,2025-04-22,CUST0140,East,Beauty,1,4624.27,4624.27
TXN102360,2025-04-23,CUST0463,South,Beauty,1,2992.37,2992.37
TXN108937,2025-04-23,CUST0075,North,Apparel,1,2842.69,2842.69
TXN106343,2025-04-23,CUST0138,Central,Grocery,2,415.37,830.74
TXN108398,2025-04-23,CUST0320,North,Apparel,1,716.93,716.93
TXN109173,2025-04-23,CUST0171,East,Grocery,1,1199.37,1199.37
TXN105723,2025-04-23,CUST0550,North,Beauty,1,644.53,644.53
TXN114005,2025-04-23,CUST0179,South,Beauty,1,4383.79,4383.79
TXN107739,2025-04-23,CUST0376,East,Home & Living,1,845.74,845.74
TXN110993,2025-04-23,CUST0347,West,Electronics,2,17284.21,34568.42
TXN107509,2025-04-23,CUST0561,Central,Beauty,1,674.04,674.04
TXN108449,2025-04-23,CUST0793,North,Grocery,1,285.38,285.38
TXN100543,2025-04-23,CUST0251,West,Electronics,1,4444.11,4444.11
TXN111281,2025-04-23,CUST0642,North,Grocery,2,775.04,1550.09
TXN104466,2025-04-23,CUST0396,West,Apparel,1,7016.94,7016.94
TXN112026,2025-04-23,CUST0402,North,Home & Living,1,10309.74,10309.74
TXN100797,2025-04-24,CUST0023,South,Apparel,2,2314.34,4628.68
TXN109846,2025-04-24,CUST0721,North,Beauty,1,4856.4,4856.4
TXN113938,2025-04-24,CUST0432,North,Grocery,1,897.81,897.81
TXN106600,2025-04-24,CUST0160,West,Home & Living,1,5614.88,5614.88
TXN107655,2025-04-24,CUST0261,West,Home & Living,1,1123.23,1123.23
TXN111097,2025-04-24,CUST0672,West,Apparel,2,3037.07,6074.14
TXN107521,2025-04-24,CUST0383,East,Home & Living,1,4120.46,4120.46
TXN109224,2025-04-24,CUST0545,West,Apparel,1,2039.17,2039.17
TXN106186,2025-04-24,CUST0271,South,Apparel,1,460.54,460.54
TXN111761,2025-04-24,CUST0306,North,Apparel,1,2224.92,2224.92
TXN100133,2025-04-24,CUST0348,East,Apparel,1,356.51,356.51
TXN104499,2025-04-24,CUST0706,South,Grocery,2,1931.33,3862.65
TXN109798,2025-04-24,CUST0257,West,Beauty,1,3141.84,3141.84
TXN108479,2025-04-24,CUST0787,West,Apparel,1,1607.27,1607.27
TXN100759,2025-04-24,CUST0119,West,Electronics,1,36415.54,36415.54
TXN104168,2025-04-24,CUST0220,North,Apparel,2,3057.21,6114.42
TXN113400,2025-04-24,CUST0405,South,Grocery,1,558.22,558.22
TXN108609,2025-04-24,CUST0499,East,Grocery,2,1591.51,3183.01
TXN102531,2025-04-24,CUST0183,North,Apparel,1,4527.88,4527.88
TXN112217,2025-04-25,CUST0396,West,Grocery,1,777.69,777.69
TXN107581,2025-04-25,CUST0328,South,Electronics,1,6918.03,6918.03
TXN112241,2025-04-25,CUST0412,South,Beauty,2,4076.15,8152.29
TXN106871,2025-04-25,CUST0230,West,Apparel,1,1094.95,1094.95
TXN106696,2025-04-25,CUST0490,North,Home & Living,2,13433.74,26867.49
TXN101033,2025-04-25,CUST0140,East,Beauty,1,304.86,304.86
TXN102737,2025-04-25,CUST0725,South,Beauty,1,2269.66,2269.66
TXN106939,2025-04-25,CUST0708,East,Apparel,1,3393.51,3393.51
TXN114913,2025-04-25,CUST0398,Central,Electronics,2,5986.92,11973.84
TXN108014,2025-04-25,CUST0790,West,Electronics,1,34409.45,34409.45
TXN103467,2025-04-25,CUST0266,West,Beauty,1,821.17,821.17
TXN103682,2025-04-25,CUST0151,East,Home & Living,1,13545.37,13545.37
TXN104775,2025-04-25,CUST0035,South,Home & Living,1,2691.69,2691.69
TXN113649,2025-04-25,CUST0223,Central,Beauty,1,525.23,525.23
TXN111674,2025-04-25,CUST0556,West,Grocery,1,241.03,241.03
TXN113051,2025-04-25,CUST0439,Central,Beauty,2,2754.76,5509.52
TXN104745,2025-04-25,CUST0059,East,Home & Living,1,454.17,454.17
TXN112539,2025-04-26,CUST0456,South,Apparel,1,1252.81,1252.81
TXN110701,2025-04-26,CUST0473,West,Home & Living,1,4170.16,4170.16
TXN107764,2025-04-26,CUST0233,North,Apparel,1,3470.7,3470.7
TXN106616,2025-04-26,CUST0453,North,Grocery,1,629.45,629.45
TXN114716,2025-04-26,CUST0352,West,Apparel,1,3135.79,3135.79
TXN100960,2025-04-26,CUST0632,East,Electronics,2,21498.23,42996.45
TXN109304,2025-04-26,CUST0485,South,Beauty,1,181.52,181.52
TXN104410,2025-04-26,CUST0642,North,Apparel,1,526.21,526.21
TXN103940,2025-04-26,CUST0089,North,Home & Living,1,10722.39,10722.39
TXN105538,2025-04-26,CUST0525,Central,Grocery,1,387.72,387.72
TXN106929,2025-04-26,CUST0503,North,Beauty,1,318.55,318.55
TXN105575,2025-04-26,CUST0388,North,Apparel,1,2374.64,2374.64
TXN113059,2025-04-26,CUST0792,Central,Apparel,1,1403.24,1403.24
TXN101160,2025-04-26,CUST0122,South,Home & Living,1,3678.84,3678.84
TXN112292,2025-04-26,CUST0240,South,Home & Living,1,3789.96,3789.96
TXN104339,2025-04-26,CUST0230,West,Apparel,1,3114.6,3114.6
TXN111250,2025-04-26,CUST0188,South,Beauty,1,1400.3,1400.3
TXN112588,2025-04-27,CUST0242,West,Grocery,1,169.57,169.57
TXN103592,2025-04-27,CUST0605,East,Beauty,1,439.45,439.45
TXN114087,2025-04-27,CUST0101,North,Home & Living,1,1300.82,1300.82
TXN100581,2025-04-27,CUST0179,South,Apparel,2,3148.71,6297.42
TXN111160,2025-04-27,CUST0125,South,Electronics,1,23020.4,23020.4
TXN109043,2025-04-27,CUST0759,West,Grocery,1,442.17,442.17
TXN106026,2025-04-27,CUST0717,East,Apparel,1,1523.06,1523.06
TXN113850,2025-04-27,CUST0454,North,Grocery,1,1971.67,1971.67
TXN109871,2025-04-27,CUST0183,North,Electronics,2,72649.23,145298.46
TXN101098,2025-04-27,CUST0614,North,Grocery,1,39.69,39.69
TXN111197,2025-04-27,CUST0391,North,Apparel,2,7353.15,14706.29
TXN113734,2025-04-27,CUST0422,North,Apparel,1,3650.23,3650.23
TXN102560,2025-04-27,CUST0413,North,Electronics,3,6596.08,19788.25
TXN101371,2025-04-27,CUST0137,North,Grocery,1,139.24,139.24
TXN105374,2025-04-27,CUST0442,West,Beauty,1,4121.45,4121.45
TXN106889,2025-04-27,CUST0151,East,Home & Living,3,12958.78,38876.35
TXN112714,2025-04-27,CUST0615,East,Apparel,2,2595.33,5190.67
TXN111843,2025-04-27,CUST0595,South,Electronics,1,39361.74,39361.74
TXN108148,2025-04-27,CUST0034,North,Apparel,1,6520.48,6520.48
TXN113008,2025-04-27,CUST0413,North,Grocery,1,563.82,563.82
TXN100989,2025-04-27,CUST0559,North,Grocery,1,1153.2,1153.2
TXN111744,2025-04-27,CUST0454,North,Home & Living,1,7105.57,7105.57
TXN113816,2025-04-27,CUST0126,North,Electronics,2,24901.29,49802.58
TXN102612,2025-04-28,CUST0441,West,Beauty,1,1136.34,1136.34
TXN100063,2025-04-28,CUST0402,North,Electronics,1,59432.29,59432.29
TXN100352,2025-04-28,CUST0478,Central,Grocery,1,539.2,539.2
TXN108984,2025-04-28,CUST0428,North,Apparel,1,4028.49,4028.49
TXN104512,2025-04-28,CUST0745,Central,Home & Living,1,2126.65,2126.65
TXN109809,2025-04-28,CUST0322,Central,Home & Living,2,6035.11,12070.23
TXN100930,2025-04-28,CUST0532,West,Grocery,1,1901.81,1901.81
TXN112933,2025-04-28,CUST0396,West,Beauty,1,1248.56,1248.56
TXN100481,2025-04-28,CUST0054,Central,Grocery,1,1836.49,1836.49
TXN109590,2025-04-28,CUST0485,South,Electronics,1,20718.59,20718.59
TXN112083,2025-04-28,CUST0413,North,Grocery,2,2065.54,4131.08
TXN101669,2025-04-28,CUST0537,North,Electronics,2,27165.67,54331.35
TXN107786,2025-04-28,CUST0735,South,Apparel,1,471.33,471.33
TXN110276,2025-04-28,CUST0641,Central,Beauty,2,130.06,260.13
TXN107868,2025-04-28,CUST0412,South,Grocery,1,1866.81,1866.81
TXN113726,2025-04-28,CUST0509,South,Beauty,1,585.3,585.3
TXN111065,2025-04-28,CUST0274,North,Apparel,1,1546.62,1546.62
TXN102003,2025-04-28,CUST0229,South,Beauty,1,2929.67,2929.67
TXN113091,2025-04-28,CUST0160,West,Grocery,1,65.8,65.8
TXN102229,2025-04-28,CUST0185,West,Electronics,3,28054.07,84162.21
TXN113941,2025-04-28,CUST0243,South,Electronics,1,56701.58,56701.58
TXN106978,2025-04-28,CUST0273,North,Home & Living,1,4072.55,4072.55
TXN112549,2025-04-28,CUST0132,West,Home & Living,1,4030.38,4030.38
TXN102475,2025-04-29,CUST0464,South,Home & Living,1,5359.87,5359.87
TXN114099,2025-04-29,CUST0402,North,Grocery,3,216.39,649.17
TXN108768,2025-04-29,CUST0479,North,Electronics,1,46985.81,46985.81
TXN105822,2025-04-29,CUST0314,East,Grocery,1,964.14,964.14
TXN109876,2025-04-29,CUST0486,East,Home & Living,1,7266.36,7266.36
TXN110257,2025-04-29,CUST0281,West,Home & Living,2,3071.42,6142.84
TXN101340,2025-04-29,CUST0218,East,Home & Living,1,7378.43,7378.43
TXN110838,2025-04-29,CUST0152,East,Grocery,1,796.57,796.57
TXN112777,2025-04-29,CUST0530,South,Apparel,1,803.49,803.49
TXN102376,2025-04-29,CUST0300,South,Home & Living,1,3258.88,3258.88
TXN107262,2025-04-29,CUST0689,South,Beauty,1,667.08,667.08
TXN101026,2025-04-29,CUST0075,North,Apparel,1,2167.65,2167.65
TXN102741,2025-04-29,CUST0044,Central,Home & Living,2,1372.73,2745.46
TXN104144,2025-04-29,CUST0138,Central,Electronics,1,17986.11,17986.11
TXN111824,2025-04-29,CUST0700,West,Grocery,1,341.23,341.23
TXN101961,2025-04-29,CUST0659,North,Grocery,1,825.74,825.74
TXN106519,2025-04-29,CUST0428,North,Apparel,1,7503.99,7503.99
TXN105817,2025-04-29,CUST0152,East,Home & Living,1,867.21,867.21
TXN110923,2025-04-29,CUST0325,East,Home & Living,1,2820.92,2820.92
TXN109909,2025-04-29,CUST0265,South,Electronics,1,40876.12,40876.12
TXN102313,2025-04-29,CUST0787,West,Grocery,1,263.1,263.1
TXN111988,2025-04-29,CUST0008,Central,Home & Living,1,4349.18,4349.18
TXN105406,2025-04-29,CUST0430,South,Apparel,1,2961.92,2961.92
TXN108801,2025-04-29,CUST0229,South,Home & Living,2,4724.75,9449.51
TXN105126,2025-04-29,CUST0267,North,Home & Living,2,1724.41,3448.81
TXN107120,2025-04-29,CUST0250,North,Grocery,1,244.35,244.35
TXN109536,2025-04-30,CUST0249,West,Grocery,1,867.32,867.32
TXN103906,2025-04-30,CUST0408,South,Grocery,1,489.15,489.15
TXN110067,2025-04-30,CUST0669,West,Beauty,1,1814.64,1814.64
TXN109916,2025-04-30,CUST0301,North,Electronics,1,13411.07,13411.07
TXN101400,2025-04-30,CUST0530,South,Home & Living,1,1646.39,1646.39
TXN107639,2025-04-30,CUST0539,North,Home & Living,1,5151.95,5151.95
TXN111073,2025-04-30,CUST0045,North,Apparel,1,1033.12,1033.12
TXN102296,2025-04-30,CUST0122,South,Grocery,1,2072.58,2072.58
TXN106809,2025-04-30,CUST0305,Central,Beauty,2,424.24,848.48
TXN110313,2025-04-30,CUST0741,West,Grocery,1,711.25,711.25
TXN104051,2025-04-30,CUST0531,East,Electronics,1,23232.32,23232.32
TXN112194,2025-04-30,CUST0706,South,Electronics,1,33904.81,33904.81
TXN107716,2025-04-30,CUST0644,South,Apparel,1,2590.87,2590.87
TXN112678,2025-04-30,CUST0633,South,Apparel,1,458.93,458.93
TXN112305,2025-04-30,CUST0303,Central,Electronics,2,9295.14,18590.29
TXN107011,2025-04-30,CUST0733,West,Beauty,1,1771.67,1771.67
TXN102882,2025-04-30,CUST0446,East,Apparel,2,5473.63,10947.27
TXN104009,2025-04-30,CUST0374,North,Home & Living,2,1973.64,3947.28
TXN110504,2025-05-01,CUST0244,East,Apparel,1,1509.59,1509.59
TXN102244,2025-05-01,CUST0135,North,Beauty,1,4727.5,4727.5
TXN113135,2025-05-01,CUST0014,Central,Apparel,1,687.84,687.84
TXN103096,2025-05-01,CUST0409,North,Grocery,1,992.39,992.39
TXN112297,2025-05-01,CUST0105,South,Apparel,1,2439.32,2439.32
TXN111986,2025-05-01,CUST0759,West,Electronics,1,63864.24,63864.24
TXN108896,2025-05-01,CUST0426,East,Beauty,1,1524.77,1524.77
TXN105052,2025-05-01,CUST0257,West,Beauty,1,4218.97,4218.97
TXN107952,2025-05-01,CUST0576,West,Apparel,1,7370.84,7370.84
TXN104778,2025-05-01,CUST0779,East,Apparel,3,1196.8,3590.4
TXN111110,2025-05-01,CUST0134,East,Grocery,1,217.02,217.02
TXN106709,2025-05-01,CUST0411,South,Apparel,1,961.23,961.23
TXN110386,2025-05-01,CUST0227,West,Electronics,1,63283.23,63283.23
TXN114561,2025-05-01,CUST0479,North,Grocery,1,1835.74,1835.74
TXN114044,2025-05-01,CUST0204,West,Home & Living,1,10517.06,10517.06
TXN113594,2025-05-01,CUST0203,West,Home & Living,1,1535.67,1535.67
TXN110135,2025-05-01,CUST0554,West,Home & Living,1,2840.34,2840.34
TXN101893,2025-05-01,CUST0712,West,Home & Living,2,6430.36,12860.73
TXN108616,2025-05-01,CUST0494,West,Home & Living,1,1955.21,1955.21
TXN110759,2025-05-01,CUST0379,West,Electronics,1,23657.37,23657.37
TXN104629,2025-05-02,CUST0314,East,Apparel,1,5243.84,5243.84
TXN104207,2025-05-02,CUST0790,West,Home & Living,1,12004.36,12004.36
TXN108097,2025-05-02,CUST0582,South,Beauty,1,2025.85,2025.85
TXN100172,2025-05-02,CUST0718,Central,Apparel,1,4305.57,4305.57
TXN112711,2025-05-02,CUST0317,North,Grocery,2,113.99,227.98
TXN104987,2025-05-02,CUST0044,Central,Electronics,1,6645.71,6645.71
TXN100176,2025-05-02,CUST0537,North,Home & Living,1,1886.38,1886.38
TXN107589,2025-05-02,CUST0650,West,Beauty,1,1522.28,1522.28
TXN112749,2025-05-02,CUST0288,North,Grocery,1,196.23,196.23
TXN112192,2025-05-02,CUST0499,East,Apparel,2,4216.36,8432.71
TXN106517,2025-05-02,CUST0199,Central,Grocery,1,1412.38,1412.38
TXN107733,2025-05-02,CUST0560,East,Apparel,1,405.96,405.96
TXN113314,2025-05-02,CUST0315,East,Beauty,1,785.87,785.87
TXN109628,2025-05-02,CUST0219,Central,Beauty,1,932.67,932.67
TXN104533,2025-05-02,CUST0065,South,Home & Living,1,1490.35,1490.35
TXN105869,2025-05-02,CUST0265,South,Electronics,1,11382.11,11382.11
TXN104872,2025-05-02,CUST0510,West,Apparel,2,1505.17,3010.35
TXN105709,2025-05-02,CUST0029,West,Electronics,2,37274.69,74549.38
TXN100040,2025-05-02,CUST0436,South,Apparel,1,3769.42,3769.42
TXN111021,2025-05-02,CUST0688,West,Electronics,1,16986.2,16986.2
TXN109520,2025-05-02,CUST0584,North,Apparel,1,509.21,509.21
TXN108673,2025-05-02,CUST0074,South,Grocery,1,556.81,556.81
TXN109462,2025-05-02,CUST0689,South,Grocery,1,1163.73,1163.73
TXN101770,2025-05-02,CUST0184,North,Home & Living,1,13460.81,13460.81
TXN111877,2025-05-02,CUST0536,East,Apparel,1,5026.09,5026.09
TXN105885,2025-05-03,CUST0533,North,Grocery,1,2029.42,2029.42
TXN106619,2025-05-03,CUST0576,West,Beauty,1,4168.16,4168.16
TXN100375,2025-05-03,CUST0757,East,Apparel,1,2845.45,2845.45
TXN102362,2025-05-03,CUST0027,South,Electronics,2,18968.21,37936.42
TXN111180,2025-05-03,CUST0533,North,Home & Living,1,13297.63,13297.63
TXN113301,2025-05-03,CUST0135,North,Grocery,1,661.54,661.54
TXN101468,2025-05-03,CUST0204,West,Grocery,2,1200.44,2400.88
TXN114524,2025-05-03,CUST0409,North,Home & Living,1,1567.25,1567.25
TXN108010,2025-05-03,CUST0547,South,Apparel,1,3128.46,3128.46
TXN103158,2025-05-03,CUST0376,East,Home & Living,1,2358.4,2358.4
TXN111219,2025-05-03,CUST0413,North,Electronics,1,14683.85,14683.85
TXN114357,2025-05-03,CUST0394,East,Electronics,2,9252.2,18504.39
TXN106352,2025-05-03,CUST0481,East,Grocery,1,483.81,483.81
TXN111679,2025-05-03,CUST0685,South,Apparel,1,5370.42,5370.42
TXN101779,2025-05-03,CUST0546,South,Apparel,1,2059.51,2059.51
TXN110831,2025-05-04,CUST0044,Central,Electronics,2,64535.74,129071.47
TXN102185,2025-05-04,CUST0089,North,Beauty,1,2781.97,2781.97
TXN102745,2025-05-04,CUST0279,North,Apparel,1,4299.44,4299.44
TXN110278,2025-05-04,CUST0503,North,Beauty,1,913.28,913.28
TXN101064,2025-05-04,CUST0485,South,Grocery,1,93.07,93.07
TXN103852,2025-05-04,CUST0181,South,Apparel,1,2662.99,2662.99
TXN108900,2025-05-04,CUST0034,North,Grocery,1,702.35,702.35
TXN106419,2025-05-04,CUST0719,North,Beauty,1,1783.56,1783.56
TXN114290,2025-05-04,CUST0034,North,Apparel,1,967.54,967.54
TXN100768,2025-05-04,CUST0272,North,Grocery,1,676.73,676.73
TXN110191,2025-05-04,CUST0004,East,Home & Living,2,7380.69,14761.38
TXN113031,2025-05-04,CUST0616,Central,Home & Living,2,12587.87,25175.73
TXN105806,2025-05-04,CUST0525,Central,Home & Living,1,7688.99,7688.99
TXN103731,2025-05-04,CUST0253,Central,Electronics,3,7124.44,21373.33
TXN110507,2025-05-04,CUST0242,West,Grocery,1,208.98,208.98
TXN107462,2025-05-04,CUST0615,East,Apparel,2,7751.91,15503.83
TXN100514,2025-05-04,CUST0514,West,Grocery,1,681.36,681.36
TXN110383,2025-05-04,CUST0090,North,Beauty,1,755.97,755.97
TXN105666,2025-05-04,CUST0160,West,Beauty,1,2113.09,2113.09
TXN108786,2025-05-05,CUST0113,East,Grocery,2,1060.56,2121.13
TXN111963,2025-05-05,CUST0447,North,Home & Living,1,12218.04,12218.04
TXN112256,2025-05-05,CUST0058,South,Grocery,1,353.74,353.74
TXN110853,2025-05-05,CUST0653,West,Electronics,1,26390.46,26390.46
TXN102385,2025-05-05,CUST0749,North,Grocery,1,1519.74,1519.74
TXN110173,2025-05-05,CUST0185,West,Electronics,1,10836.74,10836.74
TXN109136,2025-05-05,CUST0615,East,Home & Living,3,7521.05,22563.15
TXN103913,2025-05-05,CUST0554,West,Grocery,1,215.31,215.31
TXN111020,2025-05-05,CUST0576,West,Electronics,1,53747.42,53747.42
TXN105260,2025-05-05,CUST0058,South,Grocery,1,571.15,571.15
TXN106256,2025-05-05,CUST0331,West,Apparel,1,1663.64,1663.64
TXN105088,2025-05-05,CUST0439,Central,Beauty,2,560.06,1120.11
TXN106275,2025-05-05,CUST0439,Central,Electronics,1,26447.71,26447.71
TXN104972,2025-05-05,CUST0066,East,Grocery,1,838.23,838.23
TXN103029,2025-05-05,CUST0412,South,Beauty,1,539.37,539.37
TXN103508,2025-05-05,CUST0607,West,Apparel,1,2582.38,2582.38
TXN103624,2025-05-05,CUST0323,West,Beauty,1,822.99,822.99
TXN104674,2025-05-05,CUST0474,North,Grocery,1,1903.09,1903.09
TXN114967,2025-05-05,CUST0485,South,Electronics,1,43695.5,43695.5
TXN112234,2025-05-05,CUST0318,West,Apparel,1,2393.42,2393.42
TXN105718,2025-05-05,CUST0362,North,Home & Living,1,5216.3,5216.3
TXN106839,2025-05-05,CUST0335,West,Apparel,1,984.49,984.49
TXN101968,2025-05-05,CUST0615,East,Apparel,1,2646.13,2646.13
TXN110547,2025-05-05,CUST0012,West,Apparel,1,4072.22,4072.22
TXN103544,2025-05-05,CUST0327,North,Apparel,1,2720.46,2720.46
TXN100986,2025-05-05,CUST0057,North,Grocery,1,732.37,732.37
TXN108291,2025-05-05,CUST0070,Central,Home & Living,1,12455.15,12455.15
TXN105508,2025-05-06,CUST0711,West,Home & Living,1,3183.34,3183.34
TXN114988,2025-05-06,CUST0038,South,Grocery,1,102.8,102.8
TXN101229,2025-05-06,CUST0027,South,Electronics,1,3163.59,3163.59
TXN105858,2025-05-06,CUST0188,South,Grocery,1,1140.78,1140.78
TXN112758,2025-05-06,CUST0706,South,Apparel,1,2021.73,2021.73
TXN108971,2025-05-06,CUST0679,West,Grocery,1,2112.48,2112.48
TXN112433,2025-05-06,CUST0200,South,Grocery,1,1107.83,1107.83
TXN114956,2025-05-06,CUST0507,West,Home & Living,1,1800.8,1800.8
TXN114953,2025-05-06,CUST0775,North,Electronics,2,4234.85,8469.71
TXN106215,2025-05-06,CUST0414,West,Home & Living,1,6855.71,6855.71
TXN112688,2025-05-06,CUST0616,Central,Electronics,1,34130.69,34130.69
TXN104307,2025-05-06,CUST0616,Central,Home & Living,2,7446.67,14893.34
TXN105305,2025-05-06,CUST0046,South,Beauty,1,2765.52,2765.52
TXN109461,2025-05-06,CUST0075,North,Apparel,1,2996.96,2996.96
TXN107911,2025-05-06,CUST0428,North,Electronics,1,76833.28,76833.28
TXN106292,2025-05-06,CUST0639,North,Apparel,1,2180.18,2180.18
TXN107069,2025-05-06,CUST0647,West,Grocery,1,892.64,892.64
TXN114924,2025-05-06,CUST0447,North,Home & Living,1,8771.39,8771.39
TXN108809,2025-05-06,CUST0128,East,Grocery,1,362.06,362.06
TXN111483,2025-05-06,CUST0549,Central,Grocery,1,705.5,705.5
TXN108796,2025-05-06,CUST0409,North,Apparel,1,7079.93,7079.93
TXN101705,2025-05-07,CUST0277,South,Home & Living,3,7033.65,21100.94
TXN107383,2025-05-07,CUST0446,East,Grocery,1,487.64,487.64
TXN111751,2025-05-07,CUST0213,Central,Home & Living,1,3166.21,3166.21
TXN112720,2025-05-07,CUST0122,South,Electronics,1,68016.66,68016.66
TXN103702,2025-05-07,CUST0600,West,Grocery,1,732.45,732.45
TXN108139,2025-05-07,CUST0505,West,Home & Living,1,4160.6,4160.6
TXN107656,2025-05-07,CUST0199,Central,Grocery,1,192.71,192.71
TXN112441,2025-05-07,CUST0127,North,Electronics,1,37355.95,37355.95
TXN105928,2025-05-07,CUST0507,West,Grocery,1,2089.24,2089.24
TXN114600,2025-05-07,CUST0616,Central,Grocery,2,592.7,1185.41
TXN105286,2025-05-07,CUST0175,North,Electronics,1,40004.05,40004.05
TXN107435,2025-05-07,CUST0564,East,Beauty,1,188.89,188.89
TXN104477,2025-05-07,CUST0440,North,Beauty,1,316.8,316.8
TXN111368,2025-05-07,CUST0497,North,Electronics,1,41488.26,41488.26
TXN112836,2025-05-07,CUST0564,East,Grocery,1,118.97,118.97
TXN114231,2025-05-07,CUST0243,South,Beauty,1,5322.76,5322.76
TXN110374,2025-05-07,CUST0134,East,Apparel,1,2081.06,2081.06
TXN108942,2025-05-07,CUST0578,East,Electronics,1,7336.07,7336.07
TXN103268,2025-05-07,CUST0476,North,Grocery,1,2155.29,2155.29
TXN111402,2025-05-07,CUST0761,South,Apparel,1,2230.88,2230.88
TXN101283,2025-05-07,CUST0056,North,Grocery,1,521.14,521.14
TXN106717,2025-05-08,CUST0585,East,Apparel,1,3588.77,3588.77
TXN112000,2025-05-08,CUST0156,South,Home & Living,1,4932.56,4932.56
TXN105743,2025-05-08,CUST0397,Central,Beauty,1,1669.71,1669.71
TXN109086,2025-05-08,CUST0370,South,Electronics,1,1939.09,1939.09
TXN102668,2025-05-08,CUST0650,West,Apparel,1,2026.6,2026.6
TXN100379,2025-05-08,CUST0676,East,Apparel,1,6852.89,6852.89
TXN107358,2025-05-08,CUST0486,East,Apparel,1,825.34,825.34
TXN106505,2025-05-08,CUST0482,West,Home & Living,1,6860.0,6860.0
TXN109653,2025-05-08,CUST0725,South,Apparel,1,1287.36,1287.36
TXN113662,2025-05-08,CUST0463,South,Apparel,1,4107.22,4107.22
TXN104994,2025-05-08,CUST0587,West,Beauty,1,1773.41,1773.41
TXN100752,2025-05-08,CUST0488,South,Grocery,1,333.98,333.98
TXN102499,2025-05-08,CUST0026,Central,Electronics,1,35143.27,35143.27
TXN109921,2025-05-08,CUST0013,North,Beauty,3,1659.43,4978.28
TXN107297,2025-05-09,CUST0465,North,Grocery,1,1379.94,1379.94
TXN105137,2025-05-09,CUST0003,East,Electronics,1,4228.82,4228.82
TXN114325,2025-05-09,CUST0709,East,Apparel,1,1475.41,1475.41
TXN110781,2025-05-09,CUST0463,South,Electronics,2,20594.32,41188.64
TXN110616,2025-05-09,CUST0399,West,Electronics,1,24823.3,24823.3
TXN110864,2025-05-09,CUST0242,West,Beauty,2,3322.94,6645.88
TXN101336,2025-05-09,CUST0617,North,Home & Living,1,4759.35,4759.35
TXN110169,2025-05-09,CUST0019,North,Beauty,1,1079.03,1079.03
TXN106955,2025-05-09,CUST0533,North,Electronics,1,55121.39,55121.39
TXN103911,2025-05-09,CUST0748,East,Home & Living,1,2792.13,2792.13
TXN110216,2025-05-09,CUST0459,North,Apparel,1,2448.51,2448.51
TXN110063,2025-05-09,CUST0632,East,Electronics,1,26772.85,26772.85
TXN105948,2025-05-09,CUST0664,East,Home & Living,1,4772.41,4772.41
TXN102899,2025-05-09,CUST0340,East,Grocery,1,242.15,242.15
TXN113606,2025-05-10,CUST0632,East,Home & Living,1,13763.99,13763.99
TXN110102,2025-05-10,CUST0089,North,Apparel,3,2804.96,8414.87
TXN110119,2025-05-10,CUST0249,West,Home & Living,1,10625.01,10625.01
TXN101001,2025-05-10,CUST0048,Central,Grocery,1,144.84,144.84
TXN114342,2025-05-10,CUST0473,West,Electronics,1,8190.24,8190.24
TXN106233,2025-05-10,CUST0706,South,Home & Living,2,3338.32,6676.64
TXN105604,2025-05-10,CUST0752,East,Grocery,1,638.27,638.27
TXN110084,2025-05-10,CUST0761,South,Grocery,1,184.84,184.84
TXN108236,2025-05-10,CUST0717,East,Electronics,1,11129.51,11129.51
TXN101323,2025-05-10,CUST0152,East,Beauty,1,1672.74,1672.74
TXN113751,2025-05-10,CUST0396,West,Electronics,2,60420.12,120840.25
TXN101666,2025-05-10,CUST0386,Central,Grocery,3,673.88,2021.65
TXN114550,2025-05-10,CUST0786,North,Electronics,2,50825.71,101651.43
TXN107373,2025-05-10,CUST0068,North,Grocery,2,63.7,127.4
TXN108422,2025-05-10,CUST0732,East,Grocery,1,265.21,265.21
TXN101134,2025-05-10,CUST0759,West,Home & Living,1,2274.39,2274.39
TXN109178,2025-05-10,CUST0631,South,Grocery,1,713.58,713.58
TXN105595,2025-05-10,CUST0438,South,Apparel,1,1530.22,1530.22
TXN113499,2025-05-10,CUST0025,East,Grocery,1,357.72,357.72
TXN101695,2025-05-11,CUST0054,Central,Electronics,1,48906.69,48906.69
TXN112820,2025-05-11,CUST0765,West,Electronics,1,10369.84,10369.84
TXN104861,2025-05-11,CUST0536,East,Apparel,2,6293.73,12587.45
TXN101645,2025-05-11,CUST0142,East,Grocery,1,438.35,438.35
TXN104270,2025-05-11,CUST0179,South,Apparel,2,1617.13,3234.25
TXN112921,2025-05-11,CUST0757,East,Apparel,2,2281.15,4562.31
TXN102159,2025-05-11,CUST0666,North,Grocery,1,76.71,76.71
TXN110036,2025-05-11,CUST0489,North,Home & Living,1,12345.5,12345.5
TXN112695,2025-05-11,CUST0595,South,Apparel,1,6600.42,6600.42
TXN114645,2025-05-11,CUST0360,North,Apparel,1,2466.03,2466.03
TXN110083,2025-05-11,CUST0222,South,Apparel,1,2690.4,2690.4
TXN101549,2025-05-11,CUST0368,East,Apparel,1,3508.12,3508.12
TXN104735,2025-05-11,CUST0582,South,Home & Living,1,9993.96,9993.96
TXN106659,2025-05-11,CUST0631,South,Home & Living,1,6841.43,6841.43
TXN100745,2025-05-11,CUST0525,Central,Electronics,1,4074.12,4074.12
TXN113722,2025-05-11,CUST0044,Central,Home & Living,2,2470.53,4941.05
TXN107719,2025-05-11,CUST0569,North,Apparel,1,5055.17,5055.17
TXN106727,2025-05-11,CUST0726,North,Electronics,1,30978.83,30978.83
TXN106301,2025-05-11,CUST0185,West,Beauty,2,1733.13,3466.25
TXN110140,2025-05-11,CUST0257,West,Apparel,1,4248.17,4248.17
TXN105926,2025-05-11,CUST0471,West,Electronics,1,19795.77,19795.77
TXN105786,2025-05-12,CUST0080,North,Home & Living,1,4359.36,4359.36
TXN102496,2025-05-12,CUST0012,West,Home & Living,2,13443.31,26886.61
TXN110867,2025-05-12,CUST0116,South,Grocery,2,2104.31,4208.62
TXN110826,2025-05-12,CUST0374,North,Electronics,1,11821.68,11821.68
TXN110390,2025-05-12,CUST0086,North,Apparel,1,434.43,434.43
TXN114443,2025-05-12,CUST0692,South,Beauty,2,1936.17,3872.34
TXN100397,2025-05-12,CUST0056,North,Electronics,2,13662.65,27325.29
TXN108224,2025-05-12,CUST0401,West,Electronics,1,17509.57,17509.57
TXN109407,2025-05-12,CUST0706,South,Electronics,1,40303.45,40303.45
TXN111892,2025-05-12,CUST0218,East,Grocery,2,680.55,1361.09
TXN105082,2025-05-12,CUST0694,North,Home & Living,1,5208.53,5208.53
TXN102384,2025-05-12,CUST0654,East,Grocery,2,244.31,488.63
TXN107933,2025-05-12,CUST0679,West,Home & Living,1,1415.06,1415.06
TXN101578,2025-05-12,CUST0650,West,Apparel,1,348.2,348.2
TXN112471,2025-05-12,CUST0151,East,Apparel,1,6901.26,6901.26
TXN109663,2025-05-12,CUST0359,West,Electronics,1,26501.84,26501.84
TXN105227,2025-05-12,CUST0181,South,Apparel,1,1384.49,1384.49
TXN112541,2025-05-12,CUST0552,East,Apparel,1,3942.54,3942.54
TXN112407,2025-05-12,CUST0476,North,Electronics,1,80309.39,80309.39
TXN113107,2025-05-12,CUST0384,Central,Apparel,1,3960.26,3960.26
TXN113418,2025-05-12,CUST0161,North,Apparel,1,366.43,366.43
TXN112535,2025-05-12,CUST0248,North,Home & Living,1,7226.66,7226.66
TXN105294,2025-05-12,CUST0399,West,Apparel,1,2584.69,2584.69
TXN112747,2025-05-12,CUST0346,West,Electronics,1,36404.64,36404.64
TXN114015,2025-05-12,CUST0248,North,Home & Living,1,1451.44,1451.44
TXN113333,2025-05-12,CUST0267,North,Apparel,2,953.38,1906.76
TXN101857,2025-05-12,CUST0541,North,Grocery,1,1127.51,1127.51
TXN100428,2025-05-13,CUST0209,North,Grocery,1,728.85,728.85
TXN114311,2025-05-13,CUST0595,South,Home & Living,1,4356.21,4356.21
TXN110187,2025-05-13,CUST0466,North,Grocery,2,725.06,1450.12
TXN106427,2025-05-13,CUST0191,West,Electronics,2,31411.88,62823.76
TXN104733,2025-05-13,CUST0411,South,Apparel,1,2104.88,2104.88
TXN109282,2025-05-13,CUST0311,West,Apparel,1,383.45,383.45
TXN105973,2025-05-13,CUST0584,North,Home & Living,1,2630.23,2630.23
TXN109193,2025-05-13,CUST0113,East,Apparel,2,7265.53,14531.07
TXN114126,2025-05-13,CUST0391,North,Grocery,2,562.37,1124.73
TXN114565,2025-05-13,CUST0670,West,Beauty,1,1369.6,1369.6
TXN113609,2025-05-13,CUST0074,South,Apparel,2,501.29,1002.58
TXN112975,2025-05-13,CUST0265,South,Grocery,1,671.18,671.18
TXN100295,2025-05-13,CUST0576,West,Grocery,1,1196.78,1196.78
TXN111099,2025-05-13,CUST0116,South,Beauty,1,1899.5,1899.5
TXN100320,2025-05-13,CUST0543,West,Apparel,2,3116.37,6232.73
TXN100247,2025-05-13,CUST0166,South,Grocery,1,374.01,374.01
TXN112084,2025-05-13,CUST0627,North,Home & Living,2,2620.9,5241.8
TXN112249,2025-05-13,CUST0122,South,Home & Living,1,3553.49,3553.49
TXN100966,2025-05-13,CUST0193,North,Home & Living,1,2637.33,2637.33
TXN101439,2025-05-13,CUST0416,North,Electronics,1,18658.46,18658.46
TXN101778,2025-05-13,CUST0074,South,Beauty,1,1535.73,1535.73
TXN108104,2025-05-13,CUST0274,North,Apparel,1,7093.1,7093.1
TXN106644,2025-05-13,CUST0265,South,Apparel,1,4594.87,4594.87
TXN106640,2025-05-13,CUST0555,South,Electronics,1,29720.11,29720.11
TXN112730,2025-05-13,CUST0116,South,Home & Living,1,1673.1,1673.1
TXN100363,2025-05-13,CUST0307,South,Grocery,2,374.6,749.2
TXN110529,2025-05-13,CUST0379,West,Apparel,1,1778.47,1778.47
TXN114223,2025-05-13,CUST0464,South,Grocery,1,62.72,62.72
TXN104858,2025-05-13,CUST0036,South,Grocery,1,1187.72,1187.72
TXN106328,2025-05-14,CUST0613,North,Electronics,1,23436.06,23436.06
TXN112225,2025-05-14,CUST0199,Central,Apparel,1,2713.26,2713.26
TXN109709,2025-05-14,CUST0055,North,Beauty,2,731.46,1462.92
TXN103403,2025-05-14,CUST0269,South,Apparel,1,2555.1,2555.1
TXN100635,2025-05-14,CUST0475,South,Apparel,1,1755.42,1755.42
TXN101852,2025-05-14,CUST0532,West,Grocery,1,137.4,137.4
TXN107792,2025-05-14,CUST0194,East,Beauty,1,498.33,498.33
TXN105390,2025-05-14,CUST0760,Central,Grocery,1,342.38,342.38
TXN104097,2025-05-14,CUST0326,East,Grocery,3,74.55,223.64
TXN109622,2025-05-14,CUST0604,West,Apparel,1,1039.57,1039.57
TXN103935,2025-05-14,CUST0089,North,Grocery,1,738.49,738.49
TXN101410,2025-05-14,CUST0444,West,Grocery,2,510.4,1020.79
TXN106048,2025-05-14,CUST0256,South,Apparel,1,1268.84,1268.84
TXN106806,2025-05-14,CUST0002,North,Electronics,1,72948.14,72948.14
TXN110033,2025-05-14,CUST0713,Central,Home & Living,2,3043.65,6087.29
TXN102142,2025-05-14,CUST0595,South,Home & Living,1,4435.11,4435.11
TXN104506,2025-05-14,CUST0400,North,Grocery,1,807.76,807.76
TXN108382,2025-05-14,CUST0249,West,Electronics,2,52313.59,104627.17
TXN100095,2025-05-14,CUST0056,North,Home & Living,1,1928.6,1928.6
TXN110717,2025-05-14,CUST0157,East,Apparel,1,1682.46,1682.46
TXN100311,2025-05-15,CUST0706,South,Beauty,1,3945.84,3945.84
TXN107186,2025-05-15,CUST0402,North,Electronics,1,65688.42,65688.42
TXN108699,2025-05-15,CUST0679,West,Home & Living,1,9365.89,9365.89
TXN113165,2025-05-15,CUST0279,North,Grocery,1,635.37,635.37
TXN113801,2025-05-15,CUST0127,North,Electronics,1,36724.83,36724.83
TXN110561,2025-05-15,CUST0499,East,Grocery,1,1583.14,1583.14
TXN112843,2025-05-15,CUST0666,North,Electronics,1,11669.38,11669.38
TXN114007,2025-05-15,CUST0536,East,Electronics,1,60032.46,60032.46
TXN112780,2025-05-15,CUST0752,East,Grocery,1,186.85,186.85
TXN110259,2025-05-15,CUST0596,West,Electronics,1,2840.14,2840.14
TXN106238,2025-05-15,CUST0306,North,Electronics,1,78047.39,78047.39
TXN105349,2025-05-15,CUST0016,East,Electronics,1,20596.64,20596.64
TXN110253,2025-05-15,CUST0595,South,Beauty,1,3838.77,3838.77
TXN106142,2025-05-15,CUST0576,West,Apparel,1,5294.58,5294.58
TXN103072,2025-05-15,CUST0569,North,Electronics,1,64599.4,64599.4
TXN109285,2025-05-15,CUST0542,South,Beauty,1,236.84,236.84
TXN114135,2025-05-15,CUST0287,East,Apparel,1,2677.45,2677.45
TXN108182,2025-05-16,CUST0543,West,Apparel,1,3131.6,3131.6
TXN111519,2025-05-16,CUST0175,North,Apparel,1,2958.64,2958.64
TXN107947,2025-05-16,CUST0031,North,Grocery,1,892.95,892.95
TXN111686,2025-05-16,CUST0708,East,Apparel,1,3243.38,3243.38
TXN103129,2025-05-16,CUST0140,East,Home & Living,1,4604.81,4604.81
TXN104908,2025-05-16,CUST0685,South,Apparel,1,4899.13,4899.13
TXN114221,2025-05-16,CUST0698,South,Apparel,1,2566.78,2566.78
TXN110285,2025-05-16,CUST0094,South,Electronics,1,36946.09,36946.09
TXN104489,2025-05-16,CUST0018,South,Apparel,1,686.19,686.19
TXN105906,2025-05-16,CUST0336,North,Apparel,1,3105.23,3105.23
TXN107596,2025-05-16,CUST0578,East,Home & Living,1,12041.27,12041.27
TXN102919,2025-05-16,CUST0020,South,Grocery,1,754.2,754.2
TXN114661,2025-05-16,CUST0624,North,Beauty,1,1939.19,1939.19
TXN103593,2025-05-16,CUST0749,North,Electronics,1,37504.31,37504.31
TXN112930,2025-05-16,CUST0421,Central,Apparel,1,2906.84,2906.84
TXN104343,2025-05-16,CUST0709,East,Apparel,1,3143.83,3143.83
TXN106330,2025-05-16,CUST0659,North,Electronics,1,32822.06,32822.06
TXN102295,2025-05-17,CUST0661,South,Beauty,2,719.98,1439.96
TXN110171,2025-05-17,CUST0093,West,Apparel,1,1622.68,1622.68
TXN101467,2025-05-17,CUST0777,North,Beauty,1,113.8,113.8
TXN101455,2025-05-17,CUST0780,East,Electronics,2,38717.55,77435.1
TXN108533,2025-05-17,CUST0375,East,Apparel,1,686.12,686.12
TXN107698,2025-05-17,CUST0759,West,Home & Living,1,3383.71,3383.71
TXN113790,2025-05-17,CUST0124,West,Electronics,1,26096.2,26096.2
TXN100098,2025-05-17,CUST0775,North,Beauty,1,1761.6,1761.6
TXN112114,2025-05-17,CUST0158,North,Apparel,2,3293.67,6587.34
TXN113493,2025-05-17,CUST0323,West,Home & Living,1,3471.89,3471.89
TXN114767,2025-05-17,CUST0207,West,Grocery,1,128.08,128.08
TXN100269,2025-05-17,CUST0569,North,Grocery,1,1251.62,1251.62
TXN113138,2025-05-17,CUST0698,South,Electronics,1,20859.96,20859.96
TXN108559,2025-05-17,CUST0670,West,Electronics,1,3761.48,3761.48
TXN112395,2025-05-17,CUST0346,West,Electronics,1,30911.3,30911.3
TXN100566,2025-05-17,CUST0502,Central,Beauty,1,771.06,771.06
TXN108761,2025-05-17,CUST0716,North,Electronics,3,52504.75,157514.24
TXN106018,2025-05-17,CUST0781,North,Grocery,2,347.73,695.47
TXN108356,2025-05-17,CUST0581,North,Grocery,1,658.31,658.31
TXN105072,2025-05-18,CUST0201,North,Home & Living,1,4419.21,4419.21
TXN112136,2025-05-18,CUST0732,East,Beauty,1,509.9,509.9
TXN101987,2025-05-18,CUST0601,North,Apparel,1,2114.42,2114.42
TXN107292,2025-05-18,CUST0790,West,Beauty,1,2954.84,2954.84
TXN113636,2025-05-18,CUST0301,North,Grocery,1,498.02,498.02
TXN110109,2025-05-18,CUST0479,North,Home & Living,2,4880.32,9760.64
TXN105247,2025-05-18,CUST0367,West,Apparel,1,1273.71,1273.71
TXN106965,2025-05-18,CUST0438,South,Apparel,1,1324.66,1324.66
TXN103459,2025-05-18,CUST0274,North,Beauty,1,2150.58,2150.58
TXN112587,2025-05-18,CUST0780,East,Apparel,1,4417.06,4417.06
TXN107626,2025-05-18,CUST0325,East,Apparel,1,3101.49,3101.49
TXN113312,2025-05-18,CUST0578,East,Electronics,1,10355.79,10355.79
TXN106704,2025-05-18,CUST0035,South,Beauty,1,2116.26,2116.26
TXN107902,2025-05-18,CUST0447,North,Electronics,1,52549.11,52549.11
TXN101142,2025-05-18,CUST0164,South,Electronics,2,10624.25,21248.51
TXN105884,2025-05-18,CUST0325,East,Apparel,1,4687.16,4687.16
TXN108096,2025-05-18,CUST0192,West,Grocery,1,1254.61,1254.61
TXN114792,2025-05-18,CUST0490,North,Home & Living,1,11224.96,11224.96
TXN103529,2025-05-18,CUST0684,North,Electronics,1,29823.34,29823.34
TXN107735,2025-05-18,CUST0179,South,Grocery,1,1769.97,1769.97
TXN112569,2025-05-18,CUST0278,East,Electronics,1,29963.71,29963.71
TXN113198,2025-05-18,CUST0327,North,Beauty,1,1548.89,1548.89
TXN108899,2025-05-19,CUST0034,North,Apparel,2,5325.37,10650.73
TXN110473,2025-05-19,CUST0769,East,Beauty,1,1043.72,1043.72
TXN111920,2025-05-19,CUST0332,South,Apparel,1,2917.34,2917.34
TXN105190,2025-05-19,CUST0662,East,Home & Living,1,6384.1,6384.1
TXN109913,2025-05-19,CUST0306,North,Electronics,1,55169.97,55169.97
TXN106500,2025-05-19,CUST0653,West,Home & Living,1,4075.38,4075.38
TXN104388,2025-05-19,CUST0523,West,Grocery,1,483.11,483.11
TXN111842,2025-05-19,CUST0736,North,Beauty,1,872.66,872.66
TXN110513,2025-05-19,CUST0657,West,Beauty,1,1959.35,1959.35
TXN111411,2025-05-19,CUST0505,West,Grocery,1,931.47,931.47
TXN107227,2025-05-19,CUST0262,Central,Apparel,1,6015.96,6015.96
TXN111317,2025-05-19,CUST0488,South,Beauty,1,611.15,611.15
TXN108198,2025-05-19,CUST0336,North,Electronics,1,15555.88,15555.88
TXN105985,2025-05-19,CUST0531,East,Electronics,1,19169.1,19169.1
TXN100545,2025-05-19,CUST0659,North,Apparel,1,1830.86,1830.86
TXN100914,2025-05-19,CUST0499,East,Apparel,1,4447.63,4447.63
TXN107045,2025-05-19,CUST0367,West,Apparel,1,4153.81,4153.81
TXN104890,2025-05-19,CUST0481,East,Beauty,1,2925.83,2925.83
TXN107710,2025-05-19,CUST0218,East,Apparel,1,2800.15,2800.15
TXN111575,2025-05-19,CUST0576,West,Apparel,1,6890.53,6890.53
TXN107744,2025-05-19,CUST0051,North,Electronics,2,24093.99,48187.98
TXN103581,2025-05-19,CUST0664,East,Home & Living,1,3937.44,3937.44
TXN113987,2025-05-19,CUST0319,North,Electronics,1,30129.16,30129.16
TXN102829,2025-05-19,CUST0633,South,Electronics,1,15516.08,15516.08
TXN110433,2025-05-19,CUST0440,North,Grocery,1,296.81,296.81
TXN108983,2025-05-19,CUST0446,East,Grocery,1,1266.28,1266.28
TXN109698,2025-05-20,CUST0523,West,Grocery,1,1654.07,1654.07
TXN109054,2025-05-20,CUST0306,North,Beauty,1,1134.08,1134.08
TXN107728,2025-05-20,CUST0267,North,Apparel,2,3011.83,6023.66
TXN113846,2025-05-20,CUST0383,East,Electronics,1,40120.47,40120.47
TXN104490,2025-05-20,CUST0340,East,Home & Living,2,4710.04,9420.08
TXN112193,2025-05-20,CUST0601,North,Home & Living,1,5443.94,5443.94
TXN101560,2025-05-20,CUST0363,South,Apparel,1,1481.31,1481.31
TXN103843,2025-05-20,CUST0767,East,Apparel,1,3889.41,3889.41
TXN108412,2025-05-20,CUST0748,East,Electronics,1,14569.12,14569.12
TXN110443,2025-05-20,CUST0368,East,Grocery,1,545.47,545.47
TXN100270,2025-05-20,CUST0654,East,Beauty,1,1700.77,1700.77
TXN101621,2025-05-20,CUST0135,North,Electronics,1,23049.55,23049.55
TXN101652,2025-05-20,CUST0483,East,Beauty,1,994.11,994.11
TXN105051,2025-05-20,CUST0695,East,Beauty,1,1675.57,1675.57
TXN103607,2025-05-20,CUST0356,West,Home & Living,1,1302.83,1302.83
TXN101598,2025-05-20,CUST0088,North,Grocery,1,855.63,855.63
TXN101591,2025-05-20,CUST0736,North,Grocery,2,1400.12,2800.24
TXN100805,2025-05-21,CUST0483,East,Home & Living,2,4879.44,9758.88
TXN106140,2025-05-21,CUST0481,East,Apparel,1,3399.18,3399.18
TXN110537,2025-05-21,CUST0485,South,Grocery,1,250.82,250.82
TXN101675,2025-05-21,CUST0658,East,Electronics,1,11647.42,11647.42
TXN110154,2025-05-21,CUST0322,Central,Apparel,1,4254.14,4254.14
TXN110756,2025-05-21,CUST0648,West,Electronics,1,5939.82,5939.82
TXN100237,2025-05-21,CUST0267,North,Grocery,2,1036.73,2073.47
TXN106391,2025-05-21,CUST0192,West,Apparel,1,4646.49,4646.49
TXN104291,2025-05-21,CUST0472,West,Electronics,2,51798.71,103597.42
TXN103225,2025-05-21,CUST0135,North,Grocery,1,1854.03,1854.03
TXN101929,2025-05-21,CUST0359,West,Beauty,1,2280.81,2280.81
TXN109794,2025-05-21,CUST0625,Central,Electronics,1,38277.12,38277.12
TXN106941,2025-05-21,CUST0531,East,Grocery,1,206.17,206.17
TXN110050,2025-05-21,CUST0283,South,Apparel,1,3142.17,3142.17
TXN114612,2025-05-22,CUST0403,North,Electronics,1,27830.08,27830.08
TXN114171,2025-05-22,CUST0082,East,Apparel,2,3542.64,7085.28
TXN114358,2025-05-22,CUST0434,North,Beauty,1,1903.34,1903.34
TXN103071,2025-05-22,CUST0709,East,Apparel,1,742.98,742.98
TXN114652,2025-05-22,CUST0082,East,Apparel,1,4361.59,4361.59
TXN114042,2025-05-22,CUST0721,North,Apparel,1,1243.63,1243.63
TXN103977,2025-05-22,CUST0790,West,Home & Living,1,4157.1,4157.1
TXN109718,2025-05-22,CUST0281,West,Electronics,1,49234.49,49234.49
TXN100461,2025-05-22,CUST0413,North,Apparel,1,5461.36,5461.36
TXN107859,2025-05-22,CUST0271,South,Home & Living,2,1407.98,2815.97
TXN109651,2025-05-22,CUST0561,Central,Electronics,1,20671.11,20671.11
TXN101445,2025-05-22,CUST0552,East,Grocery,1,895.83,895.83
TXN108656,2025-05-22,CUST0472,West,Apparel,2,1792.88,3585.77
TXN102456,2025-05-22,CUST0654,East,Electronics,1,38666.98,38666.98
TXN103423,2025-05-22,CUST0563,East,Apparel,1,2740.2,2740.2
TXN106470,2025-05-22,CUST0357,North,Beauty,1,1575.56,1575.56
TXN107174,2025-05-22,CUST0761,South,Beauty,1,1873.94,1873.94
TXN111444,2025-05-23,CUST0348,East,Electronics,1,18502.46,18502.46
TXN103562,2025-05-23,CUST0260,East,Home & Living,1,4633.14,4633.14
TXN106835,2025-05-23,CUST0201,North,Home & Living,1,3413.96,3413.96
TXN113140,2025-05-23,CUST0718,Central,Grocery,2,784.26,1568.52
TXN114871,2025-05-23,CUST0456,South,Electronics,2,22635.66,45271.32
TXN108752,2025-05-23,CUST0090,North,Grocery,1,325.15,325.15
TXN111252,2025-05-23,CUST0706,South,Grocery,1,592.27,592.27
TXN111135,2025-05-23,CUST0383,East,Electronics,1,15504.23,15504.23
TXN104768,2025-05-23,CUST0407,West,Grocery,1,723.18,723.18
TXN108608,2025-05-23,CUST0026,Central,Electronics,2,23839.22,47678.45
TXN113092,2025-05-23,CUST0646,North,Beauty,1,1027.33,1027.33
TXN111901,2025-05-23,CUST0517,East,Electronics,2,21287.98,42575.96
TXN113134,2025-05-23,CUST0438,South,Beauty,2,2297.38,4594.76
TXN113162,2025-05-23,CUST0013,North,Electronics,3,23012.79,69038.38
TXN107748,2025-05-23,CUST0513,East,Apparel,1,4605.91,4605.91
TXN106078,2025-05-23,CUST0060,North,Beauty,1,1096.89,1096.89
TXN105890,2025-05-23,CUST0092,West,Home & Living,1,2097.59,2097.59
TXN109157,2025-05-23,CUST0589,Central,Grocery,1,284.05,284.05
TXN105764,2025-05-23,CUST0391,North,Grocery,1,224.55,224.55
TXN112677,2025-05-23,CUST0397,Central,Home & Living,2,5013.03,10026.06
TXN112868,2025-05-23,CUST0470,South,Grocery,2,778.7,1557.4
TXN104949,2025-05-23,CUST0361,West,Grocery,2,652.21,1304.41
TXN103027,2025-05-23,CUST0406,West,Electronics,1,23740.52,23740.52
TXN114843,2025-05-24,CUST0541,North,Grocery,1,509.64,509.64
TXN114272,2025-05-24,CUST0513,East,Electronics,3,42298.77,126896.31
TXN103853,2025-05-24,CUST0332,South,Apparel,1,3289.17,3289.17
TXN108586,2025-05-24,CUST0680,South,Apparel,1,3832.12,3832.12
TXN112617,2025-05-24,CUST0132,West,Grocery,1,149.61,149.61
TXN107368,2025-05-24,CUST0461,North,Electronics,2,21916.9,43833.8
TXN110868,2025-05-24,CUST0446,East,Apparel,1,1596.0,1596.0
TXN111218,2025-05-24,CUST0349,West,Grocery,1,87.35,87.35
TXN109231,2025-05-24,CUST0105,South,Beauty,1,1773.46,1773.46
TXN106272,2025-05-24,CUST0756,North,Apparel,1,2909.18,2909.18
TXN108178,2025-05-25,CUST0322,Central,Home & Living,2,1291.31,2582.62
TXN113753,2025-05-25,CUST0739,North,Grocery,1,114.72,114.72
TXN113652,2025-05-25,CUST0165,South,Home & Living,1,2738.33,2738.33
TXN101479,2025-05-25,CUST0759,West,Apparel,2,2805.88,5611.76
TXN111716,2025-05-25,CUST0166,South,Grocery,1,214.74,214.74
TXN101222,2025-05-25,CUST0502,Central,Beauty,1,1611.4,1611.4
TXN112244,2025-05-25,CUST0348,East,Apparel,1,2770.57,2770.57
TXN110833,2025-05-25,CUST0452,South,Apparel,1,2584.21,2584.21
TXN113887,2025-05-25,CUST0064,South,Grocery,2,804.57,1609.13
TXN102748,2025-05-25,CUST0662,East,Electronics,1,76244.84,76244.84
TXN108594,2025-05-25,CUST0190,West,Apparel,1,1514.81,1514.81
TXN102224,2025-05-25,CUST0178,North,Electronics,1,29204.73,29204.73
TXN102589,2025-05-25,CUST0548,South,Grocery,2,1018.58,2037.15
TXN103845,2025-05-25,CUST0167,West,Grocery,1,767.39,767.39
TXN102425,2025-05-25,CUST0661,South,Electronics,1,28964.97,28964.97
TXN109627,2025-05-25,CUST0759,West,Home & Living,1,7044.24,7044.24
TXN109495,2025-05-25,CUST0251,West,Apparel,1,762.42,762.42
TXN114663,2025-05-25,CUST0479,North,Electronics,1,29640.75,29640.75
TXN105067,2025-05-25,CUST0582,South,Apparel,1,7544.5,7544.5
TXN105878,2025-05-25,CUST0702,South,Apparel,1,291.76,291.76
TXN108750,2025-05-26,CUST0465,North,Electronics,1,52833.21,52833.21
TXN114374,2025-05-26,CUST0548,South,Electronics,2,44492.07,88984.14
TXN101945,2025-05-26,CUST0129,East,Home & Living,1,2764.42,2764.42
TXN109954,2025-05-26,CUST0484,North,Home & Living,2,638.75,1277.51
TXN100401,2025-05-26,CUST0201,North,Apparel,1,720.23,720.23
TXN113423,2025-05-26,CUST0613,North,Grocery,1,1190.74,1190.74
TXN108746,2025-05-26,CUST0396,West,Apparel,1,3828.06,3828.06
TXN100245,2025-05-26,CUST0198,North,Beauty,2,4633.06,9266.11
TXN113221,2025-05-26,CUST0002,North,Apparel,1,5932.03,5932.03
TXN112294,2025-05-26,CUST0446,East,Beauty,3,2678.74,8036.23
TXN109414,2025-05-26,CUST0706,South,Beauty,1,273.23,273.23
TXN101729,2025-05-26,CUST0528,West,Beauty,1,1166.17,1166.17
TXN112960,2025-05-26,CUST0566,North,Electronics,1,13961.15,13961.15
TXN111489,2025-05-26,CUST0324,West,Grocery,2,395.52,791.03
TXN104623,2025-05-26,CUST0291,Central,Home & Living,2,5184.16,10368.32
TXN112883,2025-05-26,CUST0332,South,Electronics,1,33334.01,33334.01
TXN106609,2025-05-26,CUST0133,Central,Home & Living,2,1284.41,2568.82
TXN112854,2025-05-26,CUST0297,North,Electronics,2,44479.98,88959.97
TXN110054,2025-05-26,CUST0717,East,Grocery,1,278.0,278.0
TXN103229,2025-05-26,CUST0407,West,Home & Living,2,4717.35,9434.7
TXN113377,2025-05-27,CUST0174,North,Grocery,2,506.64,1013.28
TXN112858,2025-05-27,CUST0579,South,Electronics,1,9121.51,9121.51
TXN113512,2025-05-27,CUST0726,North,Apparel,1,1595.15,1595.15
TXN101136,2025-05-27,CUST0797,North,Apparel,1,4118.9,4118.9
TXN110076,2025-05-27,CUST0248,North,Home & Living,3,9008.77,27026.31
TXN107025,2025-05-27,CUST0482,West,Grocery,2,632.57,1265.14
TXN108365,2025-05-27,CUST0454,North,Apparel,1,2182.23,2182.23
TXN106968,2025-05-27,CUST0366,West,Home & Living,1,5470.53,5470.53
TXN114266,2025-05-27,CUST0636,North,Grocery,1,673.28,673.28
TXN108936,2025-05-27,CUST0262,Central,Grocery,2,1324.7,2649.39
TXN114457,2025-05-27,CUST0799,North,Grocery,1,1095.67,1095.67
TXN108561,2025-05-27,CUST0489,North,Home & Living,1,3938.0,3938.0
TXN102340,2025-05-27,CUST0595,South,Grocery,1,120.32,120.32
TXN101295,2025-05-27,CUST0706,South,Grocery,1,316.0,316.0
TXN107943,2025-05-27,CUST0384,Central,Electronics,1,38406.0,38406.0
TXN109692,2025-05-28,CUST0446,East,Apparel,1,1403.83,1403.83
TXN103993,2025-05-28,CUST0783,East,Apparel,1,3028.73,3028.73
TXN104553,2025-05-28,CUST0053,North,Electronics,1,44727.47,44727.47
TXN102819,2025-05-28,CUST0149,West,Electronics,1,14864.04,14864.04
TXN110575,2025-05-28,CUST0533,North,Apparel,2,1244.29,2488.59
TXN114294,2025-05-28,CUST0227,West,Grocery,1,1924.92,1924.92
TXN101900,2025-05-28,CUST0234,North,Home & Living,1,2109.58,2109.58
TXN111512,2025-05-28,CUST0076,North,Apparel,1,3924.93,3924.93
TXN111672,2025-05-28,CUST0143,East,Home & Living,1,588.98,588.98
TXN103966,2025-05-28,CUST0544,West,Home & Living,1,1654.01,1654.01
TXN114539,2025-05-28,CUST0095,East,Home & Living,2,5706.22,11412.43
TXN105678,2025-05-28,CUST0596,West,Beauty,2,811.43,1622.86
TXN102914,2025-05-28,CUST0445,West,Beauty,1,2214.17,2214.17
TXN105880,2025-05-28,CUST0272,North,Home & Living,1,2718.65,2718.65
TXN104751,2025-05-28,CUST0416,North,Home & Living,2,4752.14,9504.28
TXN113240,2025-05-28,CUST0187,West,Beauty,1,1111.05,1111.05
TXN105432,2025-05-28,CUST0471,West,Grocery,1,786.6,786.6
TXN114064,2025-05-28,CUST0542,South,Apparel,2,3838.55,7677.1
TXN101076,2025-05-29,CUST0293,East,Beauty,1,2816.07,2816.07
TXN100154,2025-05-29,CUST0786,North,Grocery,1,444.44,444.44
TXN101958,2025-05-29,CUST0070,Central,Home & Living,2,8661.74,17323.48
TXN102322,2025-05-29,CUST0620,Central,Home & Living,1,781.86,781.86
TXN101482,2025-05-29,CUST0171,East,Apparel,1,572.48,572.48
TXN101564,2025-05-29,CUST0051,North,Electronics,1,17439.92,17439.92
TXN102542,2025-05-29,CUST0079,North,Electronics,1,21995.16,21995.16
TXN110671,2025-05-29,CUST0065,South,Grocery,1,181.16,181.16
TXN106576,2025-05-29,CUST0195,South,Beauty,1,724.32,724.32
TXN113215,2025-05-29,CUST0362,North,Apparel,1,3514.52,3514.52
TXN102915,2025-05-29,CUST0327,North,Apparel,1,4482.27,4482.27
TXN111238,2025-05-29,CUST0161,North,Apparel,1,2137.38,2137.38
TXN108851,2025-05-29,CUST0766,South,Electronics,1,38834.62,38834.62
TXN104854,2025-05-29,CUST0729,West,Apparel,1,1106.61,1106.61
TXN104616,2025-05-29,CUST0128,East,Home & Living,1,763.86,763.86
TXN102407,2025-05-29,CUST0328,South,Apparel,1,3730.2,3730.2
TXN100210,2025-05-29,CUST0519,North,Apparel,1,3442.6,3442.6
TXN111518,2025-05-29,CUST0770,South,Electronics,1,16017.05,16017.05
TXN109443,2025-05-29,CUST0556,West,Electronics,1,22498.17,22498.17
TXN111070,2025-05-29,CUST0057,North,Apparel,1,2159.38,2159.38
TXN100905,2025-05-29,CUST0092,West,Home & Living,1,1895.05,1895.05
TXN100304,2025-05-29,CUST0583,Central,Grocery,1,329.45,329.45
TXN100773,2025-05-29,CUST0352,West,Apparel,1,3656.46,3656.46
TXN105357,2025-05-29,CUST0532,West,Electronics,1,71504.95,71504.95
TXN105276,2025-05-29,CUST0161,North,Electronics,1,17586.78,17586.78
TXN114218,2025-05-30,CUST0054,Central,Electronics,1,67225.85,67225.85
TXN108935,2025-05-30,CUST0350,West,Electronics,1,26902.09,26902.09
TXN107281,2025-05-30,CUST0362,North,Electronics,1,6766.63,6766.63
TXN106716,2025-05-30,CUST0697,East,Home & Living,1,3109.44,3109.44
TXN102594,2025-05-30,CUST0490,North,Home & Living,2,14053.65,28107.3
TXN100491,2025-05-30,CUST0776,North,Apparel,1,791.77,791.77
TXN112452,2025-05-30,CUST0530,South,Home & Living,1,7139.56,7139.56
TXN103957,2025-05-30,CUST0576,West,Apparel,1,2412.3,2412.3
TXN105369,2025-05-30,CUST0384,Central,Apparel,2,7977.33,15954.66
TXN100002,2025-05-30,CUST0190,West,Apparel,1,1349.19,1349.19
TXN112600,2025-05-30,CUST0383,East,Electronics,1,41573.66,41573.66
TXN113879,2025-05-30,CUST0154,Central,Apparel,2,634.84,1269.68
TXN100096,2025-05-30,CUST0024,South,Apparel,1,1660.13,1660.13
TXN110409,2025-05-30,CUST0788,South,Apparel,1,918.3,918.3
TXN112860,2025-05-30,CUST0780,East,Grocery,1,113.29,113.29
TXN107278,2025-05-30,CUST0299,West,Grocery,1,733.46,733.46
TXN108126,2025-05-30,CUST0658,East,Grocery,1,402.67,402.67
TXN106296,2025-05-30,CUST0553,South,Electronics,1,37601.88,37601.88
TXN102640,2025-05-30,CUST0532,West,Grocery,2,1514.65,3029.3
TXN106063,2025-05-30,CUST0406,West,Grocery,2,1729.02,3458.05
TXN107925,2025-05-30,CUST0376,East,Beauty,1,2056.13,2056.13
TXN102078,2025-05-30,CUST0638,West,Beauty,1,475.68,475.68
TXN111700,2025-05-31,CUST0415,West,Electronics,1,16213.3,16213.3
TXN101674,2025-05-31,CUST0672,West,Home & Living,1,11593.23,11593.23
TXN106314,2025-05-31,CUST0002,North,Beauty,1,5100.18,5100.18
TXN108094,2025-05-31,CUST0349,West,Apparel,3,2274.66,6823.97
TXN102372,2025-05-31,CUST0227,West,Home & Living,1,2675.14,2675.14
TXN102092,2025-05-31,CUST0615,East,Electronics,1,37260.19,37260.19
TXN102921,2025-05-31,CUST0465,North,Beauty,1,5209.45,5209.45
TXN114572,2025-05-31,CUST0683,East,Grocery,1,72.98,72.98
TXN103055,2025-05-31,CUST0141,North,Home & Living,2,9272.52,18545.03
TXN107627,2025-05-31,CUST0717,East,Grocery,1,92.64,92.64
TXN107218,2025-05-31,CUST0465,North,Beauty,1,2493.09,2493.09
TXN104417,2025-05-31,CUST0442,West,Apparel,1,7836.11,7836.11
TXN113491,2025-05-31,CUST0507,West,Grocery,1,1117.62,1117.62
TXN106203,2025-05-31,CUST0252,East,Home & Living,1,5071.88,5071.88
TXN114624,2025-05-31,CUST0040,East,Apparel,2,2843.13,5686.27
TXN104031,2025-05-31,CUST0470,South,Apparel,1,5065.43,5065.43
TXN103100,2025-05-31,CUST0204,West,Electronics,1,49212.05,49212.05
TXN102249,2025-06-01,CUST0056,North,Apparel,1,4408.86,4408.86
TXN107237,2025-06-01,CUST0470,South,Apparel,3,2680.93,8042.79
TXN113142,2025-06-01,CUST0645,West,Home & Living,1,4511.82,4511.82
TXN106188,2025-06-01,CUST0022,North,Beauty,1,2040.67,2040.67
TXN103028,2025-06-01,CUST0509,South,Apparel,1,2854.89,2854.89
TXN109072,2025-06-01,CUST0173,West,Apparel,1,2503.63,2503.63
TXN114876,2025-06-01,CUST0070,Central,Beauty,1,453.2,453.2
TXN105463,2025-06-01,CUST0616,Central,Home & Living,1,9583.89,9583.89
TXN104736,2025-06-01,CUST0141,North,Apparel,1,3677.84,3677.84
TXN107180,2025-06-01,CUST0119,West,Beauty,1,540.42,540.42
TXN109895,2025-06-01,CUST0442,West,Home & Living,1,9756.6,9756.6
TXN100365,2025-06-01,CUST0472,West,Apparel,1,1214.75,1214.75
TXN107400,2025-06-01,CUST0736,North,Apparel,1,1506.03,1506.03
TXN104552,2025-06-01,CUST0044,Central,Apparel,1,4947.0,4947.0
TXN104198,2025-06-01,CUST0776,North,Grocery,1,617.78,617.78
TXN113749,2025-06-02,CUST0493,East,Electronics,1,12134.23,12134.23
TXN107165,2025-06-02,CUST0642,North,Apparel,3,1092.48,3277.44
TXN101526,2025-06-02,CUST0530,South,Beauty,1,1737.1,1737.1
TXN101823,2025-06-02,CUST0035,South,Electronics,1,24687.01,24687.01
TXN106281,2025-06-02,CUST0372,Central,Home & Living,1,1219.86,1219.86
TXN109959,2025-06-02,CUST0680,South,Apparel,1,3353.5,3353.5
TXN108077,2025-06-02,CUST0056,North,Grocery,1,1664.68,1664.68
TXN109210,2025-06-02,CUST0509,South,Apparel,1,2070.11,2070.11
TXN105396,2025-06-02,CUST0524,North,Apparel,1,593.96,593.96
TXN104500,2025-06-02,CUST0278,East,Home & Living,1,7954.74,7954.74
TXN104545,2025-06-02,CUST0140,East,Beauty,1,878.06,878.06
TXN113408,2025-06-02,CUST0407,West,Electronics,1,25327.55,25327.55
TXN103097,2025-06-02,CUST0409,North,Beauty,1,1657.0,1657.0
TXN100211,2025-06-02,CUST0604,West,Electronics,1,7864.87,7864.87
TXN112405,2025-06-02,CUST0737,North,Electronics,1,22115.88,22115.88
TXN108167,2025-06-02,CUST0599,East,Electronics,1,9739.74,9739.74
TXN107869,2025-06-02,CUST0284,West,Apparel,1,515.14,515.14
TXN105333,2025-06-03,CUST0112,North,Apparel,2,879.88,1759.76
TXN100256,2025-06-03,CUST0595,South,Electronics,1,72535.73,72535.73
TXN102734,2025-06-03,CUST0306,North,Beauty,1,1608.93,1608.93
TXN108653,2025-06-03,CUST0325,East,Apparel,2,6362.56,12725.11
TXN114821,2025-06-03,CUST0211,North,Apparel,1,2327.87,2327.87
TXN114526,2025-06-03,CUST0716,North,Apparel,1,5645.5,5645.5
TXN112750,2025-06-03,CUST0112,North,Home & Living,1,2284.96,2284.96
TXN113163,2025-06-03,CUST0326,East,Apparel,1,3981.88,3981.88
TXN112427,2025-06-03,CUST0012,West,Apparel,1,2921.85,2921.85
TXN114362,2025-06-03,CUST0463,South,Apparel,1,3070.02,3070.02
TXN103543,2025-06-03,CUST0606,South,Apparel,1,730.09,730.09
TXN111786,2025-06-04,CUST0484,North,Apparel,1,565.58,565.58
TXN106453,2025-06-04,CUST0541,North,Beauty,1,4773.23,4773.23
TXN112607,2025-06-04,CUST0694,North,Apparel,1,2285.16,2285.16
TXN101614,2025-06-04,CUST0192,West,Apparel,2,2038.45,4076.9
TXN113355,2025-06-04,CUST0560,East,Apparel,1,3566.78,3566.78
TXN104003,2025-06-04,CUST0516,East,Apparel,1,954.81,954.81
TXN104259,2025-06-04,CUST0472,West,Electronics,1,54599.78,54599.78
TXN110786,2025-06-04,CUST0595,South,Home & Living,1,13809.04,13809.04
TXN111321,2025-06-04,CUST0180,East,Apparel,1,1881.85,1881.85
TXN104184,2025-06-04,CUST0013,North,Home & Living,1,5173.38,5173.38
TXN114440,2025-06-05,CUST0093,West,Apparel,1,2725.83,2725.83
TXN103292,2025-06-05,CUST0486,East,Beauty,1,2339.76,2339.76
TXN104636,2025-06-05,CUST0509,South,Apparel,1,5472.32,5472.32
TXN103044,2025-06-05,CUST0552,East,Home & Living,1,931.26,931.26
TXN100878,2025-06-05,CUST0107,West,Home & Living,1,1660.18,1660.18
TXN110651,2025-06-05,CUST0616,Central,Home & Living,3,4760.46,14281.38
TXN109562,2025-06-05,CUST0671,East,Electronics,1,14627.42,14627.42
TXN108941,2025-06-05,CUST0487,North,Home & Living,1,4825.13,4825.13
TXN105344,2025-06-05,CUST0454,North,Grocery,1,1716.04,1716.04
TXN106723,2025-06-05,CUST0360,North,Apparel,1,3337.35,3337.35
TXN104215,2025-06-05,CUST0051,North,Electronics,1,33673.44,33673.44
TXN106731,2025-06-05,CUST0491,South,Home & Living,1,1185.63,1185.63
TXN103362,2025-06-05,CUST0240,South,Beauty,1,889.77,889.77
TXN109881,2025-06-05,CUST0314,East,Grocery,1,1432.77,1432.77
TXN104316,2025-06-05,CUST0792,Central,Apparel,1,2613.39,2613.39
TXN106028,2025-06-05,CUST0724,North,Electronics,2,36004.31,72008.62
TXN106221,2025-06-05,CUST0306,North,Home & Living,1,12188.4,12188.4
TXN104429,2025-06-05,CUST0087,East,Beauty,1,1455.36,1455.36
TXN103008,2025-06-05,CUST0768,North,Apparel,1,7266.25,7266.25
TXN110959,2025-06-06,CUST0472,West,Home & Living,1,8216.97,8216.97
TXN111245,2025-06-06,CUST0229,South,Grocery,1,314.48,314.48
TXN102353,2025-06-06,CUST0116,South,Apparel,1,7395.28,7395.28
TXN103473,2025-06-06,CUST0071,South,Electronics,1,18733.62,18733.62
TXN113793,2025-06-06,CUST0646,North,Apparel,1,2986.37,2986.37
TXN114630,2025-06-06,CUST0127,North,Electronics,1,20883.68,20883.68
TXN107300,2025-06-06,CUST0290,North,Electronics,1,30190.08,30190.08
TXN110139,2025-06-06,CUST0241,East,Beauty,1,882.01,882.01
TXN103052,2025-06-06,CUST0387,West,Beauty,2,550.06,1100.12
TXN101424,2025-06-06,CUST0051,North,Beauty,1,2019.86,2019.86
TXN108144,2025-06-06,CUST0218,East,Home & Living,1,7177.76,7177.76
TXN111194,2025-06-06,CUST0334,North,Electronics,1,16136.02,16136.02
TXN100958,2025-06-06,CUST0064,South,Grocery,1,210.93,210.93
TXN110985,2025-06-07,CUST0216,Central,Electronics,2,7570.68,15141.36
TXN102196,2025-06-07,CUST0428,North,Beauty,2,1211.78,2423.56
TXN101398,2025-06-07,CUST0238,West,Electronics,2,20988.9,41977.8
TXN104094,2025-06-07,CUST0594,East,Apparel,1,2129.77,2129.77
TXN101976,2025-06-07,CUST0163,North,Electronics,1,9974.76,9974.76
TXN102049,2025-06-07,CUST0800,Central,Grocery,1,619.54,619.54
TXN104371,2025-06-07,CUST0170,South,Electronics,2,27686.55,55373.1
TXN114379,2025-06-07,CUST0135,North,Grocery,1,1181.93,1181.93
TXN104907,2025-06-07,CUST0736,North,Grocery,2,436.66,873.33
TXN103137,2025-06-07,CUST0275,Central,Home & Living,3,2902.23,8706.7
TXN114662,2025-06-08,CUST0745,Central,Apparel,1,1723.09,1723.09
TXN105653,2025-06-08,CUST0726,North,Grocery,1,675.11,675.11
TXN105589,2025-06-08,CUST0482,West,Apparel,1,1412.87,1412.87
TXN113462,2025-06-08,CUST0077,West,Apparel,1,764.72,764.72
TXN107899,2025-06-08,CUST0182,West,Beauty,2,2015.95,4031.91
TXN102999,2025-06-08,CUST0221,West,Apparel,1,1151.85,1151.85
TXN105271,2025-06-08,CUST0070,Central,Electronics,1,31958.37,31958.37
TXN114779,2025-06-08,CUST0763,West,Beauty,1,1533.29,1533.29
TXN101721,2025-06-08,CUST0054,Central,Electronics,1,73086.63,73086.63
TXN106907,2025-06-08,CUST0476,North,Apparel,1,6902.58,6902.58
TXN111813,2025-06-08,CUST0119,West,Beauty,2,3283.65,6567.29
TXN108889,2025-06-08,CUST0257,West,Grocery,1,1331.04,1331.04
TXN107458,2025-06-08,CUST0184,North,Beauty,1,1650.65,1650.65
TXN105236,2025-06-08,CUST0291,Central,Beauty,1,1204.03,1204.03
TXN104895,2025-06-08,CUST0113,East,Electronics,1,79238.79,79238.79
TXN106280,2025-06-08,CUST0048,Central,Grocery,1,641.15,641.15
TXN100741,2025-06-08,CUST0056,North,Grocery,1,316.21,316.21
TXN112277,2025-06-08,CUST0274,North,Apparel,1,1413.17,1413.17
TXN108883,2025-06-08,CUST0200,South,Beauty,1,1008.09,1008.09
TXN108438,2025-06-08,CUST0453,North,Grocery,1,231.34,231.34
TXN114754,2025-06-09,CUST0413,North,Home & Living,1,8032.34,8032.34
TXN101291,2025-06-09,CUST0541,North,Electronics,1,66585.11,66585.11
TXN100841,2025-06-09,CUST0438,South,Home & Living,1,5160.02,5160.02
TXN108778,2025-06-09,CUST0650,West,Apparel,1,2323.08,2323.08
TXN107114,2025-06-09,CUST0716,North,Apparel,1,1797.3,1797.3
TXN108314,2025-06-09,CUST0367,West,Home & Living,1,9019.5,9019.5
TXN101570,2025-06-09,CUST0516,East,Home & Living,1,4286.06,4286.06
TXN102956,2025-06-09,CUST0521,North,Grocery,2,1056.17,2112.35
TXN102314,2025-06-09,CUST0778,East,Grocery,1,424.21,424.21
TXN109573,2025-06-09,CUST0541,North,Electronics,1,45257.71,45257.71
TXN110536,2025-06-09,CUST0602,North,Grocery,1,192.94,192.94
TXN112299,2025-06-09,CUST0105,South,Apparel,2,7108.27,14216.54
TXN100907,2025-06-09,CUST0359,West,Electronics,1,58896.39,58896.39
TXN104023,2025-06-09,CUST0597,South,Home & Living,1,4124.5,4124.5
TXN111937,2025-06-10,CUST0636,North,Grocery,1,212.24,212.24
TXN100614,2025-06-10,CUST0569,North,Electronics,1,65383.7,65383.7
TXN109647,2025-06-10,CUST0277,South,Home & Living,1,5505.38,5505.38
TXN109986,2025-06-10,CUST0335,West,Beauty,1,444.3,444.3
TXN112191,2025-06-10,CUST0205,West,Grocery,1,561.99,561.99
TXN106277,2025-06-10,CUST0311,West,Grocery,1,813.51,813.51
TXN110843,2025-06-10,CUST0193,North,Home & Living,2,7397.3,14794.59
TXN103526,2025-06-10,CUST0442,West,Home & Living,1,4982.71,4982.71
TXN114753,2025-06-10,CUST0770,South,Apparel,1,3749.41,3749.41
TXN110710,2025-06-10,CUST0489,North,Apparel,1,7605.75,7605.75
TXN107779,2025-06-10,CUST0242,West,Beauty,1,3162.7,3162.7
TXN109096,2025-06-10,CUST0779,East,Electronics,1,32106.23,32106.23
TXN101718,2025-06-10,CUST0643,East,Apparel,1,1294.43,1294.43
TXN111737,2025-06-10,CUST0249,West,Apparel,1,4833.82,4833.82
TXN111257,2025-06-10,CUST0497,North,Apparel,2,3890.97,7781.93
TXN107094,2025-06-10,CUST0417,North,Home & Living,1,3978.33,3978.33
TXN109478,2025-06-10,CUST0113,East,Grocery,3,1312.79,3938.38
TXN107072,2025-06-10,CUST0403,North,Grocery,1,156.93,156.93
TXN109609,2025-06-10,CUST0307,South,Beauty,1,1441.43,1441.43
TXN111708,2025-06-10,CUST0750,East,Home & Living,1,2763.77,2763.77
TXN105847,2025-06-11,CUST0208,West,Electronics,1,22836.46,22836.46
TXN103369,2025-06-11,CUST0349,West,Grocery,1,192.86,192.86
TXN111007,2025-06-11,CUST0720,Central,Beauty,2,1018.05,2036.11
TXN105304,2025-06-11,CUST0215,West,Home & Living,1,5941.69,5941.69
TXN106273,2025-06-11,CUST0718,Central,Apparel,1,4393.63,4393.63
TXN103520,2025-06-11,CUST0255,Central,Grocery,3,329.46,988.39
TXN103076,2025-06-11,CUST0042,East,Apparel,1,801.3,801.3
TXN109180,2025-06-11,CUST0770,South,Home & Living,1,5597.21,5597.21
TXN103145,2025-06-11,CUST0047,North,Grocery,1,228.51,228.51
TXN109203,2025-06-11,CUST0758,South,Grocery,2,477.29,954.58
TXN104049,2025-06-11,CUST0468,South,Grocery,2,1127.39,2254.79
TXN108803,2025-06-11,CUST0163,North,Apparel,1,1720.55,1720.55
TXN104356,2025-06-11,CUST0248,North,Grocery,1,2019.74,2019.74
TXN111668,2025-06-11,CUST0770,South,Grocery,1,888.69,888.69
TXN112053,2025-06-11,CUST0451,West,Home & Living,1,1137.76,1137.76
TXN111165,2025-06-11,CUST0442,West,Home & Living,1,9137.86,9137.86
TXN106991,2025-06-12,CUST0008,Central,Apparel,1,1566.33,1566.33
TXN103480,2025-06-12,CUST0062,South,Home & Living,1,5075.68,5075.68
TXN100372,2025-06-12,CUST0225,Central,Electronics,1,20468.15,20468.15
TXN114794,2025-06-12,CUST0333,North,Apparel,1,2236.0,2236.0
TXN104321,2025-06-12,CUST0778,East,Grocery,1,95.73,95.73
TXN106155,2025-06-12,CUST0586,South,Electronics,3,30901.24,92703.72
TXN109222,2025-06-12,CUST0768,North,Home & Living,1,7329.0,7329.0
TXN100747,2025-06-12,CUST0285,Central,Electronics,2,32616.65,65233.3
TXN111412,2025-06-12,CUST0578,East,Beauty,1,3187.84,3187.84
TXN108788,2025-06-12,CUST0698,South,Grocery,1,984.28,984.28
TXN100558,2025-06-12,CUST0367,West,Grocery,2,1629.75,3259.51
TXN107587,2025-06-12,CUST0001,West,Apparel,1,2695.35,2695.35
TXN110351,2025-06-12,CUST0113,East,Electronics,1,65500.91,65500.91
TXN108067,2025-06-12,CUST0184,North,Home & Living,1,2217.93,2217.93
TXN112351,2025-06-13,CUST0592,North,Apparel,1,2903.6,2903.6
TXN108431,2025-06-13,CUST0792,Central,Beauty,2,2023.3,4046.6
TXN110974,2025-06-13,CUST0476,North,Home & Living,1,8047.96,8047.96
TXN106856,2025-06-13,CUST0508,West,Electronics,1,22623.06,22623.06
TXN105559,2025-06-13,CUST0468,South,Apparel,1,4468.82,4468.82
TXN111434,2025-06-13,CUST0036,South,Home & Living,1,7188.79,7188.79
TXN108175,2025-06-13,CUST0380,East,Home & Living,1,3189.33,3189.33
TXN107348,2025-06-13,CUST0200,South,Grocery,1,624.51,624.51
TXN111872,2025-06-13,CUST0204,West,Electronics,1,58198.62,58198.62
TXN114058,2025-06-13,CUST0200,South,Grocery,1,153.54,153.54
TXN110266,2025-06-13,CUST0069,West,Home & Living,1,3467.62,3467.62
TXN104724,2025-06-13,CUST0069,West,Apparel,1,448.95,448.95
TXN114534,2025-06-13,CUST0175,North,Grocery,1,868.7,868.7
TXN104390,2025-06-13,CUST0011,Central,Electronics,2,15741.18,31482.37
TXN100537,2025-06-14,CUST0574,South,Home & Living,1,5668.96,5668.96
TXN111403,2025-06-14,CUST0293,East,Home & Living,1,6626.92,6626.92
TXN109397,2025-06-14,CUST0545,West,Grocery,1,770.09,770.09
TXN104665,2025-06-14,CUST0406,West,Grocery,1,1385.9,1385.9
TXN110599,2025-06-14,CUST0533,North,Apparel,1,5855.34,5855.34
TXN105977,2025-06-14,CUST0559,North,Beauty,1,151.42,151.42
TXN110724,2025-06-14,CUST0170,South,Electronics,1,38851.93,38851.93
TXN111107,2025-06-14,CUST0632,East,Electronics,1,49661.73,49661.73
TXN112519,2025-06-14,CUST0030,South,Apparel,1,2078.05,2078.05
TXN100252,2025-06-14,CUST0690,South,Grocery,1,154.98,154.98
TXN105314,2025-06-14,CUST0240,South,Grocery,1,163.48,163.48
TXN110357,2025-06-14,CUST0767,East,Beauty,1,2069.12,2069.12
TXN114743,2025-06-14,CUST0585,East,Electronics,1,9284.07,9284.07
TXN101998,2025-06-14,CUST0297,North,Grocery,1,390.86,390.86
TXN103717,2025-06-14,CUST0770,South,Home & Living,1,7178.68,7178.68
TXN105358,2025-06-14,CUST0550,North,Electronics,1,35072.17,35072.17
TXN102763,2025-06-14,CUST0421,Central,Electronics,1,39707.68,39707.68
TXN102272,2025-06-14,CUST0132,West,Home & Living,1,1239.0,1239.0
TXN110373,2025-06-15,CUST0494,West,Beauty,1,616.15,616.15
TXN112362,2025-06-15,CUST0752,East,Electronics,2,55289.77,110579.55
TXN108686,2025-06-15,CUST0350,West,Apparel,2,427.24,854.49
TXN100882,2025-06-15,CUST0759,West,Home & Living,2,3403.52,6807.04
TXN105010,2025-06-15,CUST0699,South,Apparel,1,310.62,310.62
TXN100540,2025-06-15,CUST0655,North,Apparel,1,2604.62,2604.62
TXN101432,2025-06-15,CUST0590,South,Electronics,1,19911.28,19911.28
TXN113228,2025-06-15,CUST0500,West,Home & Living,1,12838.12,12838.12
TXN103125,2025-06-15,CUST0001,West,Apparel,1,2609.81,2609.81
TXN110697,2025-06-15,CUST0479,North,Apparel,1,4319.85,4319.85
TXN101981,2025-06-15,CUST0673,West,Electronics,3,2453.49,7360.48
TXN113405,2025-06-15,CUST0184,North,Beauty,2,1204.78,2409.55
TXN110695,2025-06-15,CUST0718,Central,Grocery,1,835.41,835.41
TXN109969,2025-06-15,CUST0594,East,Beauty,1,929.92,929.92
TXN102111,2025-06-15,CUST0560,East,Apparel,1,3671.94,3671.94
TXN100201,2025-06-15,CUST0578,East,Electronics,2,21439.17,42878.34
TXN111003,2025-06-15,CUST0313,North,Grocery,1,348.94,348.94
TXN114030,2025-06-15,CUST0350,West,Electronics,1,21585.03,21585.03
TXN104606,2025-06-15,CUST0212,Central,Apparel,1,2487.15,2487.15
TXN105937,2025-06-15,CUST0277,South,Apparel,1,2542.63,2542.63
TXN111997,2025-06-15,CUST0199,Central,Apparel,1,5866.25,5866.25
TXN104557,2025-06-15,CUST0568,Central,Home & Living,1,4611.73,4611.73
TXN101257,2025-06-15,CUST0035,South,Grocery,1,1376.84,1376.84
TXN103003,2025-06-15,CUST0295,North,Electronics,1,6240.15,6240.15
TXN105287,2025-06-15,CUST0281,West,Electronics,2,72895.57,145791.14
TXN107963,2025-06-16,CUST0431,Central,Home & Living,2,863.12,1726.23
TXN107176,2025-06-16,CUST0785,Central,Electronics,3,10142.3,30426.91
TXN113828,2025-06-16,CUST0694,North,Home & Living,1,2451.93,2451.93
TXN112659,2025-06-16,CUST0070,Central,Electronics,2,61179.26,122358.53
TXN111199,2025-06-16,CUST0357,North,Beauty,1,952.38,952.38
TXN112562,2025-06-16,CUST0557,Central,Apparel,1,1227.58,1227.58
TXN104842,2025-06-16,CUST0567,West,Electronics,1,31494.76,31494.76
TXN107865,2025-06-16,CUST0768,North,Grocery,1,1065.56,1065.56
TXN102168,2025-06-16,CUST0138,Central,Electronics,2,31122.92,62245.84
TXN109839,2025-06-16,CUST0622,East,Apparel,1,3038.28,3038.28
TXN101437,2025-06-16,CUST0790,West,Electronics,2,52397.58,104795.16
TXN104233,2025-06-16,CUST0353,West,Apparel,1,1707.24,1707.24
TXN103244,2025-06-16,CUST0151,East,Apparel,3,7530.04,22590.13
TXN105664,2025-06-16,CUST0645,West,Electronics,1,6512.53,6512.53
TXN108234,2025-06-16,CUST0102,North,Electronics,1,12978.52,12978.52
TXN106815,2025-06-17,CUST0043,North,Grocery,1,226.16,226.16
TXN104534,2025-06-17,CUST0013,North,Beauty,1,318.85,318.85
TXN102103,2025-06-17,CUST0680,South,Apparel,1,2075.95,2075.95
TXN101975,2025-06-17,CUST0297,North,Home & Living,1,980.03,980.03
TXN111991,2025-06-17,CUST0344,East,Electronics,1,3967.26,3967.26
TXN103513,2025-06-17,CUST0548,South,Apparel,1,4496.35,4496.35
TXN114750,2025-06-17,CUST0068,North,Apparel,1,2263.94,2263.94
TXN105389,2025-06-17,CUST0029,West,Apparel,2,3173.66,6347.33
TXN109619,2025-06-17,CUST0360,North,Grocery,1,862.78,862.78
TXN112394,2025-06-17,CUST0690,South,Home & Living,1,635.69,635.69
TXN108913,2025-06-17,CUST0362,North,Apparel,3,1556.89,4670.68
TXN104005,2025-06-17,CUST0478,Central,Electronics,1,25975.92,25975.92
TXN105198,2025-06-17,CUST0082,East,Electronics,1,36706.3,36706.3
TXN101619,2025-06-17,CUST0575,North,Home & Living,1,4320.02,4320.02
TXN109889,2025-06-17,CUST0392,East,Electronics,1,20013.27,20013.27
TXN104550,2025-06-18,CUST0467,South,Grocery,1,741.73,741.73
TXN110190,2025-06-18,CUST0654,East,Beauty,1,983.07,983.07
TXN113258,2025-06-18,CUST0472,West,Home & Living,1,4404.41,4404.41
TXN107726,2025-06-18,CUST0595,South,Grocery,1,512.53,512.53
TXN101088,2025-06-18,CUST0400,North,Home & Living,1,1307.49,1307.49
TXN107026,2025-06-18,CUST0227,West,Grocery,2,1986.34,3972.67
TXN113013,2025-06-18,CUST0545,West,Apparel,2,2892.14,5784.29
TXN112938,2025-06-18,CUST0697,East,Beauty,2,1289.2,2578.39
TXN110416,2025-06-18,CUST0059,East,Electronics,1,16227.29,16227.29
TXN100398,2025-06-18,CUST0051,North,Grocery,1,2060.2,2060.2
TXN109078,2025-06-18,CUST0157,East,Home & Living,2,4196.98,8393.96
TXN106554,2025-06-18,CUST0632,East,Home & Living,1,7166.92,7166.92
TXN109065,2025-06-18,CUST0117,South,Beauty,2,2672.26,5344.52
TXN112027,2025-06-18,CUST0035,South,Grocery,1,2005.49,2005.49
TXN113061,2025-06-18,CUST0626,Central,Apparel,1,1891.81,1891.81
TXN114361,2025-06-19,CUST0628,Central,Grocery,1,1009.51,1009.51
TXN109693,2025-06-19,CUST0574,South,Home & Living,1,5530.77,5530.77
TXN104577,2025-06-19,CUST0141,North,Grocery,3,1500.92,4502.75
TXN106497,2025-06-19,CUST0160,West,Apparel,2,492.05,984.11
TXN112361,2025-06-19,CUST0465,North,Apparel,2,4579.33,9158.66
TXN100800,2025-06-19,CUST0270,South,Home & Living,1,3200.4,3200.4
TXN102373,2025-06-19,CUST0555,South,Home & Living,1,10659.87,10659.87
TXN109029,2025-06-19,CUST0422,North,Electronics,1,15752.18,15752.18
TXN100294,2025-06-19,CUST0447,North,Electronics,1,76304.53,76304.53
TXN110056,2025-06-20,CUST0764,North,Grocery,2,444.13,888.26
TXN111061,2025-06-20,CUST0481,East,Apparel,2,1135.09,2270.18
TXN106442,2025-06-20,CUST0035,South,Apparel,2,5887.93,11775.86
TXN102226,2025-06-20,CUST0382,South,Grocery,1,94.98,94.98
TXN110085,2025-06-20,CUST0379,West,Apparel,1,817.09,817.09
TXN110335,2025-06-20,CUST0155,South,Electronics,1,21456.37,21456.37
TXN114920,2025-06-20,CUST0150,East,Electronics,1,30757.44,30757.44
TXN114684,2025-06-20,CUST0151,East,Electronics,3,49941.12,149823.36
TXN103270,2025-06-20,CUST0306,North,Electronics,2,17911.42,35822.83
TXN105080,2025-06-20,CUST0516,East,Apparel,1,878.91,878.91
TXN110602,2025-06-20,CUST0113,East,Home & Living,1,4728.64,4728.64
TXN110027,2025-06-20,CUST0395,North,Electronics,2,24275.7,48551.4
TXN101082,2025-06-21,CUST0012,West,Home & Living,1,12074.49,12074.49
TXN104612,2025-06-21,CUST0323,West,Electronics,1,39852.33,39852.33
TXN106124,2025-06-21,CUST0725,South,Apparel,1,612.06,612.06
TXN114316,2025-06-21,CUST0215,West,Home & Living,1,5243.7,5243.7
TXN102436,2025-06-21,CUST0787,West,Electronics,1,16766.3,16766.3
TXN108664,2025-06-21,CUST0660,East,Home & Living,1,1289.68,1289.68
TXN100254,2025-06-21,CUST0740,East,Electronics,1,9416.47,9416.47
TXN110375,2025-06-21,CUST0689,South,Electronics,2,11723.4,23446.8
TXN107985,2025-06-21,CUST0642,North,Apparel,2,2054.55,4109.1
TXN108712,2025-06-21,CUST0767,East,Apparel,1,2525.31,2525.31
TXN107791,2025-06-21,CUST0800,Central,Electronics,1,12030.94,12030.94
TXN102091,2025-06-21,CUST0422,North,Home & Living,1,3353.99,3353.99
TXN108725,2025-06-21,CUST0199,Central,Grocery,2,1584.48,3168.96
TXN103307,2025-06-21,CUST0175,North,Grocery,1,397.21,397.21
TXN111342,2025-06-21,CUST0014,Central,Electronics,1,25087.68,25087.68
TXN112734,2025-06-21,CUST0247,North,Electronics,3,22023.49,66070.48
TXN110329,2025-06-21,CUST0198,North,Home & Living,1,11587.15,11587.15
TXN110696,2025-06-21,CUST0399,West,Grocery,1,1096.74,1096.74
TXN111243,2025-06-21,CUST0124,West,Home & Living,1,2530.08,2530.08
TXN100193,2025-06-21,CUST0533,North,Grocery,1,1381.71,1381.71
TXN112116,2025-06-21,CUST0447,North,Electronics,2,47269.61,94539.23
TXN103808,2025-06-21,CUST0257,West,Home & Living,1,3613.12,3613.12
TXN111086,2025-06-21,CUST0507,West,Grocery,1,1429.69,1429.69
TXN113270,2025-06-21,CUST0162,East,Grocery,2,263.47,526.94
TXN114328,2025-06-21,CUST0262,Central,Beauty,1,4583.2,4583.2
TXN105411,2025-06-21,CUST0645,West,Apparel,3,2912.89,8738.66
TXN113922,2025-06-22,CUST0288,North,Home & Living,1,4503.0,4503.0
TXN107591,2025-06-22,CUST0012,West,Home & Living,2,8106.25,16212.51
TXN105188,2025-06-22,CUST0682,North,Electronics,1,23572.43,23572.43
TXN108640,2025-06-22,CUST0442,West,Electronics,2,61120.8,122241.6
TXN100418,2025-06-22,CUST0019,North,Grocery,3,788.44,2365.33
TXN108482,2025-06-22,CUST0516,East,Beauty,1,914.22,914.22
TXN109238,2025-06-22,CUST0513,East,Apparel,1,6663.73,6663.73
TXN103490,2025-06-22,CUST0034,North,Electronics,1,31343.62,31343.62
TXN104440,2025-06-22,CUST0476,North,Electronics,1,75999.75,75999.75
TXN110376,2025-06-22,CUST0365,North,Electronics,2,48076.99,96153.98
TXN108804,2025-06-22,CUST0784,South,Apparel,1,1760.99,1760.99
TXN112599,2025-06-22,CUST0454,North,Grocery,2,2041.49,4082.98
TXN101207,2025-06-22,CUST0136,North,Home & Living,1,5455.88,5455.88
TXN105128,2025-06-22,CUST0773,West,Beauty,1,391.26,391.26
TXN100995,2025-06-23,CUST0615,East,Electronics,1,32508.79,32508.79
TXN105172,2025-06-23,CUST0504,East,Apparel,1,2292.67,2292.67
TXN113737,2025-06-23,CUST0220,North,Home & Living,1,7619.32,7619.32
TXN102440,2025-06-23,CUST0696,East,Apparel,1,2004.82,2004.82
TXN113627,2025-06-23,CUST0275,Central,Electronics,2,17613.6,35227.2
TXN111290,2025-06-23,CUST0519,North,Apparel,1,2556.84,2556.84
TXN110752,2025-06-23,CUST0205,West,Electronics,2,40933.02,81866.04
TXN103588,2025-06-23,CUST0754,Central,Electronics,1,4106.15,4106.15
TXN101170,2025-06-23,CUST0063,East,Apparel,1,955.33,955.33
TXN114177,2025-06-23,CUST0508,West,Beauty,1,363.85,363.85
TXN108847,2025-06-23,CUST0532,West,Electronics,1,36124.89,36124.89
TXN106289,2025-06-23,CUST0323,West,Home & Living,1,7995.56,7995.56
TXN108155,2025-06-23,CUST0221,West,Electronics,1,12755.57,12755.57
TXN104946,2025-06-23,CUST0449,Central,Grocery,1,538.0,538.0
TXN102774,2025-06-23,CUST0412,South,Home & Living,1,1185.58,1185.58
TXN106179,2025-06-23,CUST0416,North,Electronics,2,21344.72,42689.43
TXN111053,2025-06-24,CUST0369,North,Grocery,2,195.25,390.51
TXN114788,2025-06-24,CUST0273,North,Grocery,1,828.64,828.64
TXN101453,2025-06-24,CUST0236,West,Grocery,1,480.26,480.26
TXN101055,2025-06-24,CUST0337,West,Apparel,1,527.49,527.49
TXN112342,2025-06-24,CUST0078,East,Grocery,1,108.08,108.08
TXN101388,2025-06-24,CUST0562,North,Electronics,1,30531.76,30531.76
TXN110840,2025-06-24,CUST0668,South,Grocery,1,384.65,384.65
TXN102333,2025-06-24,CUST0186,South,Grocery,1,905.28,905.28
TXN101818,2025-06-24,CUST0193,North,Grocery,2,1322.94,2645.87
TXN114999,2025-06-24,CUST0615,East,Electronics,1,59646.72,59646.72
TXN103442,2025-06-24,CUST0160,West,Electronics,1,30348.79,30348.79
TXN109576,2025-06-24,CUST0479,North,Apparel,1,3769.82,3769.82
TXN108194,2025-06-24,CUST0413,North,Apparel,1,3329.35,3329.35
TXN103803,2025-06-24,CUST0202,East,Home & Living,1,3154.42,3154.42
TXN103408,2025-06-24,CUST0152,East,Grocery,1,702.35,702.35
TXN103696,2025-06-24,CUST0383,East,Electronics,1,13154.03,13154.03
TXN106378,2025-06-24,CUST0575,North,Beauty,2,2982.64,5965.27
TXN105643,2025-06-24,CUST0428,North,Grocery,1,396.67,396.67
TXN103147,2025-06-24,CUST0035,South,Beauty,1,4613.72,4613.72
TXN109843,2025-06-24,CUST0363,South,Apparel,2,626.24,1252.49
TXN112255,2025-06-25,CUST0699,South,Home & Living,1,2792.92,2792.92
TXN109216,2025-06-25,CUST0717,East,Home & Living,1,6419.91,6419.91
TXN111248,2025-06-25,CUST0070,Central,Grocery,1,1505.62,1505.62
TXN110949,2025-06-25,CUST0689,South,Grocery,1,480.36,480.36
TXN101771,2025-06-25,CUST0476,North,Apparel,1,6071.31,6071.31
TXN114842,2025-06-25,CUST0132,West,Beauty,2,1315.62,2631.25
TXN103174,2025-06-25,CUST0267,North,Home & Living,1,1511.46,1511.46
TXN102838,2025-06-25,CUST0797,North,Electronics,2,64179.35,128358.71
TXN111922,2025-06-25,CUST0112,North,Electronics,1,4410.37,4410.37
TXN104310,2025-06-25,CUST0327,North,Grocery,1,76.34,76.34
TXN113167,2025-06-25,CUST0790,West,Home & Living,1,2160.76,2160.76
TXN103312,2025-06-25,CUST0432,North,Grocery,1,623.44,623.44
TXN105895,2025-06-25,CUST0066,East,Grocery,1,821.22,821.22
TXN101071,2025-06-26,CUST0317,North,Beauty,1,1568.43,1568.43
TXN114321,2025-06-26,CUST0748,East,Apparel,1,1470.21,1470.21
TXN105697,2025-06-26,CUST0396,West,Grocery,1,1962.9,1962.9
TXN110127,2025-06-26,CUST0583,Central,Home & Living,1,964.15,964.15
TXN113720,2025-06-26,CUST0619,South,Electronics,1,16806.8,16806.8
TXN106011,2025-06-26,CUST0151,East,Beauty,1,2357.99,2357.99
TXN106773,2025-06-26,CUST0582,South,Beauty,1,4850.16,4850.16
TXN101429,2025-06-26,CUST0500,West,Grocery,1,1057.61,1057.61
TXN112781,2025-06-26,CUST0472,West,Electronics,1,22055.92,22055.92
TXN111459,2025-06-26,CUST0227,West,Electronics,1,80265.72,80265.72
TXN103138,2025-06-26,CUST0300,South,Apparel,1,533.33,533.33
TXN106518,2025-06-26,CUST0142,East,Beauty,1,1347.34,1347.34
TXN114208,2025-06-26,CUST0715,North,Apparel,1,1841.4,1841.4
TXN104303,2025-06-26,CUST0301,North,Apparel,1,2665.08,2665.08
TXN104681,2025-06-27,CUST0452,South,Beauty,1,491.52,491.52
TXN113979,2025-06-27,CUST0590,South,Apparel,1,2738.92,2738.92
TXN107319,2025-06-27,CUST0461,North,Electronics,1,14578.09,14578.09
TXN101072,2025-06-27,CUST0558,South,Grocery,2,429.18,858.36
TXN104667,2025-06-27,CUST0082,East,Electronics,1,17928.99,17928.99
TXN103970,2025-06-27,CUST0786,North,Apparel,3,1960.02,5880.05
TXN104178,2025-06-27,CUST0660,East,Apparel,1,3028.7,3028.7
TXN111249,2025-06-27,CUST0414,West,Electronics,1,39502.63,39502.63
TXN109509,2025-06-27,CUST0516,East,Electronics,1,19594.08,19594.08
TXN103905,2025-06-27,CUST0152,East,Grocery,1,709.23,709.23
TXN101934,2025-06-27,CUST0193,North,Apparel,1,5354.15,5354.15
TXN111441,2025-06-27,CUST0507,West,Beauty,1,2096.74,2096.74
TXN107860,2025-06-27,CUST0535,Central,Grocery,1,182.23,182.23
TXN105435,2025-06-27,CUST0672,West,Apparel,1,1240.78,1240.78
TXN113760,2025-06-28,CUST0716,North,Apparel,1,7103.49,7103.49
TXN111027,2025-06-28,CUST0736,North,Home & Living,1,8175.61,8175.61
TXN114858,2025-06-28,CUST0200,South,Grocery,1,103.35,103.35
TXN105887,2025-06-28,CUST0772,North,Apparel,1,884.64,884.64
TXN102803,2025-06-28,CUST0281,West,Apparel,1,7415.85,7415.85
TXN110461,2025-06-28,CUST0631,South,Beauty,1,2988.95,2988.95
TXN108737,2025-06-28,CUST0338,South,Grocery,1,1056.4,1056.4
TXN102115,2025-06-28,CUST0249,West,Home & Living,2,4368.31,8736.62
TXN102377,2025-06-28,CUST0445,West,Home & Living,1,7811.21,7811.21
TXN102684,2025-06-28,CUST0446,East,Home & Living,1,2034.92,2034.92
TXN107767,2025-06-28,CUST0644,South,Grocery,1,828.61,828.61
TXN110875,2025-06-28,CUST0276,South,Electronics,2,21672.0,43344.0
TXN105963,2025-06-28,CUST0565,West,Grocery,1,595.55,595.55
TXN108280,2025-06-28,CUST0345,North,Apparel,1,695.27,695.27
TXN104421,2025-06-28,CUST0684,North,Apparel,3,3023.08,9069.25
TXN102590,2025-06-28,CUST0593,North,Beauty,1,573.97,573.97
TXN113886,2025-06-28,CUST0685,South,Beauty,2,4398.32,8796.63
TXN107546,2025-06-28,CUST0280,Central,Grocery,1,1052.0,1052.0
TXN105442,2025-06-29,CUST0509,South,Beauty,1,3426.16,3426.16
TXN106426,2025-06-29,CUST0662,East,Electronics,2,24056.81,48113.63
TXN101556,2025-06-29,CUST0752,East,Home & Living,1,8501.98,8501.98
TXN111522,2025-06-29,CUST0054,Central,Grocery,2,1728.26,3456.53
TXN107773,2025-06-29,CUST0705,South,Apparel,1,1007.16,1007.16
TXN110016,2025-06-29,CUST0257,West,Grocery,2,2056.78,4113.57
TXN100945,2025-06-29,CUST0396,West,Grocery,1,376.59,376.59
TXN114200,2025-06-29,CUST0401,West,Grocery,1,660.47,660.47
TXN101225,2025-06-29,CUST0680,South,Electronics,2,26334.58,52669.16
TXN111443,2025-06-29,CUST0675,South,Electronics,1,14826.16,14826.16
TXN106896,2025-06-29,CUST0798,North,Electronics,1,18166.48,18166.48
TXN112957,2025-06-29,CUST0430,South,Apparel,1,2319.06,2319.06
TXN102033,2025-06-29,CUST0278,East,Beauty,1,221.23,221.23
TXN109538,2025-06-29,CUST0537,North,Grocery,1,432.15,432.15
TXN108164,2025-06-29,CUST0713,Central,Apparel,1,2567.77,2567.77
TXN114478,2025-06-29,CUST0616,Central,Home & Living,1,8399.28,8399.28
TXN106250,2025-06-29,CUST0246,East,Beauty,1,1136.09,1136.09
TXN108270,2025-06-29,CUST0234,North,Grocery,3,162.04,486.11
TXN101014,2025-06-30,CUST0253,Central,Home & Living,2,6436.68,12873.36
TXN100409,2025-06-30,CUST0396,West,Apparel,1,2609.74,2609.74
TXN114210,2025-06-30,CUST0095,East,Beauty,1,159.34,159.34
TXN101422,2025-06-30,CUST0536,East,Grocery,2,382.54,765.07
TXN110863,2025-06-30,CUST0616,Central,Apparel,2,7786.59,15573.18
TXN102578,2025-06-30,CUST0261,West,Grocery,1,814.97,814.97
TXN110388,2025-06-30,CUST0615,East,Electronics,2,30024.12,60048.25
TXN111010,2025-06-30,CUST0221,West,Apparel,1,4302.16,4302.16
TXN112787,2025-06-30,CUST0509,South,Electronics,1,17724.77,17724.77
TXN103160,2025-06-30,CUST0393,South,Apparel,1,500.48,500.48
TXN106101,2025-06-30,CUST0590,South,Home & Living,1,507.89,507.89
TXN106563,2025-06-30,CUST0391,North,Electronics,1,23439.01,23439.01
TXN101239,2025-06-30,CUST0297,North,Electronics,1,3129.52,3129.52
TXN102551,2025-06-30,CUST0001,West,Grocery,1,406.53,406.53
TXN114646,2025-07-01,CUST0314,East,Electronics,2,17822.01,35644.02
TXN112657,2025-07-01,CUST0764,North,Electronics,1,43144.76,43144.76
TXN103259,2025-07-01,CUST0716,North,Home & Living,1,14259.53,14259.53
TXN108046,2025-07-01,CUST0619,South,Apparel,1,1248.89,1248.89
TXN102285,2025-07-01,CUST0752,East,Apparel,1,4943.94,4943.94
TXN105551,2025-07-01,CUST0089,North,Electronics,2,11234.83,22469.67
TXN110954,2025-07-01,CUST0488,South,Electronics,2,3288.42,6576.84
TXN107670,2025-07-01,CUST0248,North,Beauty,1,2500.53,2500.53
TXN101403,2025-07-01,CUST0497,North,Home & Living,1,2187.62,2187.62
TXN102541,2025-07-01,CUST0115,East,Home & Living,1,5937.61,5937.61
TXN111829,2025-07-01,CUST0262,Central,Apparel,2,3967.96,7935.91
TXN102862,2025-07-01,CUST0799,North,Home & Living,1,7023.91,7023.91
TXN105927,2025-07-01,CUST0442,West,Home & Living,1,5192.78,5192.78
TXN111072,2025-07-01,CUST0470,South,Apparel,1,2545.56,2545.56
TXN105330,2025-07-01,CUST0257,West,Beauty,1,1037.33,1037.33
TXN104366,2025-07-01,CUST0730,East,Grocery,1,567.53,567.53
TXN103336,2025-07-01,CUST0732,East,Home & Living,1,4595.37,4595.37
TXN113971,2025-07-01,CUST0460,East,Beauty,1,366.35,366.35
TXN100090,2025-07-02,CUST0147,North,Home & Living,2,6674.7,13349.41
TXN107775,2025-07-02,CUST0201,North,Grocery,1,242.22,242.22
TXN104333,2025-07-02,CUST0796,East,Home & Living,1,13757.11,13757.11
TXN101635,2025-07-02,CUST0193,North,Electronics,1,30169.23,30169.23
TXN103705,2025-07-02,CUST0432,North,Grocery,1,592.2,592.2
TXN110950,2025-07-02,CUST0396,West,Electronics,2,63950.0,127900.0
TXN112308,2025-07-02,CUST0685,South,Apparel,1,1144.52,1144.52
TXN107649,2025-07-02,CUST0248,North,Grocery,1,2119.18,2119.18
TXN101175,2025-07-02,CUST0354,West,Grocery,1,613.44,613.44
TXN107756,2025-07-02,CUST0672,West,Apparel,1,6193.73,6193.73
TXN107008,2025-07-02,CUST0507,West,Grocery,1,1200.27,1200.27
TXN104883,2025-07-02,CUST0008,Central,Home & Living,2,2658.26,5316.53
TXN112544,2025-07-02,CUST0412,South,Apparel,1,5102.94,5102.94
TXN112126,2025-07-02,CUST0796,East,Apparel,1,5922.35,5922.35
TXN101844,2025-07-02,CUST0790,West,Home & Living,1,3262.47,3262.47
TXN107489,2025-07-02,CUST0487,North,Home & Living,2,3882.88,7765.77
TXN114992,2025-07-02,CUST0514,West,Electronics,1,28319.62,28319.62
TXN101916,2025-07-02,CUST0071,South,Grocery,1,691.59,691.59
TXN100591,2025-07-02,CUST0729,West,Apparel,3,1021.02,3063.06
TXN106374,2025-07-02,CUST0414,West,Beauty,1,2691.59,2691.59
TXN112281,2025-07-02,CUST0382,South,Electronics,1,40119.33,40119.33
TXN106711,2025-07-02,CUST0222,South,Electronics,1,4365.27,4365.27
TXN103094,2025-07-03,CUST0360,North,Apparel,1,1020.3,1020.3
TXN113597,2025-07-03,CUST0735,South,Grocery,2,291.46,582.91
TXN113089,2025-07-03,CUST0297,North,Apparel,3,3619.32,10857.95
TXN107089,2025-07-03,CUST0157,East,Home & Living,1,6288.35,6288.35
TXN113775,2025-07-03,CUST0517,East,Home & Living,2,4644.83,9289.67
TXN100688,2025-07-03,CUST0391,North,Apparel,1,3380.38,3380.38
TXN113413,2025-07-03,CUST0383,East,Home & Living,1,2620.83,2620.83
TXN100443,2025-07-03,CUST0097,South,Beauty,1,1376.05,1376.05
TXN105464,2025-07-03,CUST0113,East,Electronics,1,26127.42,26127.42
TXN102347,2025-07-03,CUST0480,South,Electronics,1,16836.93,16836.93
TXN111235,2025-07-03,CUST0518,West,Apparel,1,4455.25,4455.25
TXN100068,2025-07-03,CUST0099,North,Home & Living,1,3551.52,3551.52
TXN103979,2025-07-03,CUST0359,West,Home & Living,2,2283.16,4566.31
TXN110940,2025-07-03,CUST0066,East,Electronics,1,15381.02,15381.02
TXN112210,2025-07-03,CUST0645,West,Beauty,1,737.23,737.23
TXN105498,2025-07-03,CUST0196,North,Electronics,2,29664.53,59329.06
TXN102980,2025-07-04,CUST0752,East,Home & Living,1,7150.19,7150.19
TXN101679,2025-07-04,CUST0629,East,Apparel,1,2734.98,2734.98
TXN100458,2025-07-04,CUST0513,East,Home & Living,1,8776.05,8776.05
TXN110182,2025-07-04,CUST0559,North,Apparel,1,3567.35,3567.35
TXN107193,2025-07-04,CUST0561,Central,Home & Living,1,4998.82,4998.82
TXN110941,2025-07-04,CUST0348,East,Apparel,1,2890.03,2890.03
TXN104317,2025-07-04,CUST0523,West,Grocery,2,1114.1,2228.2
TXN101986,2025-07-04,CUST0368,East,Apparel,1,5267.36,5267.36
TXN113819,2025-07-04,CUST0281,West,Home & Living,1,7147.94,7147.94
TXN112334,2025-07-04,CUST0489,North,Home & Living,1,2758.23,2758.23
TXN105324,2025-07-04,CUST0489,North,Grocery,1,796.76,796.76
TXN102909,2025-07-04,CUST0757,East,Beauty,1,1250.29,1250.29
TXN100575,2025-07-04,CUST0672,West,Beauty,1,4767.0,4767.0
TXN108290,2025-07-04,CUST0561,Central,Electronics,1,6136.65,6136.65
TXN106044,2025-07-04,CUST0139,North,Beauty,2,538.36,1076.71
TXN113496,2025-07-04,CUST0246,East,Apparel,1,7587.09,7587.09
TXN113544,2025-07-04,CUST0546,South,Apparel,1,1345.86,1345.86
TXN108564,2025-07-04,CUST0736,North,Grocery,1,804.65,804.65
TXN101047,2025-07-04,CUST0406,West,Beauty,1,1975.64,1975.64
TXN113630,2025-07-05,CUST0156,South,Apparel,2,1497.16,2994.33
TXN111454,2025-07-05,CUST0036,South,Apparel,1,1229.68,1229.68
TXN112360,2025-07-05,CUST0225,Central,Grocery,1,273.74,273.74
TXN112879,2025-07-05,CUST0180,East,Apparel,1,869.09,869.09
TXN102336,2025-07-05,CUST0338,South,Apparel,1,799.91,799.91
TXN114216,2025-07-05,CUST0557,Central,Beauty,1,323.73,323.73
TXN109623,2025-07-05,CUST0736,North,Home & Living,2,1520.0,3039.99
TXN111104,2025-07-05,CUST0119,West,Grocery,2,1732.5,3465.01
TXN102701,2025-07-05,CUST0756,North,Electronics,1,39476.57,39476.57
TXN100539,2025-07-05,CUST0687,South,Electronics,1,17903.78,17903.78
TXN104860,2025-07-05,CUST0218,East,Grocery,1,506.65,506.65
TXN100751,2025-07-05,CUST0736,North,Beauty,1,1322.08,1322.08
TXN104054,2025-07-05,CUST0108,South,Apparel,2,3159.48,6318.97
TXN104194,2025-07-05,CUST0406,West,Beauty,1,617.72,617.72
TXN106508,2025-07-06,CUST0582,South,Beauty,1,2314.44,2314.44
TXN107183,2025-07-06,CUST0519,North,Electronics,2,48106.27,96212.55
TXN113093,2025-07-06,CUST0518,West,Beauty,1,2503.98,2503.98
TXN110745,2025-07-06,CUST0648,West,Electronics,1,4179.5,4179.5
TXN108359,2025-07-06,CUST0193,North,Apparel,1,2119.7,2119.7
TXN102081,2025-07-06,CUST0108,South,Home & Living,1,1049.59,1049.59
TXN101607,2025-07-06,CUST0586,South,Home & Living,1,2261.03,2261.03
TXN110219,2025-07-06,CUST0248,North,Home & Living,1,1604.03,1604.03
TXN102411,2025-07-06,CUST0314,East,Apparel,2,5307.18,10614.36
TXN101546,2025-07-06,CUST0720,Central,Home & Living,1,3097.99,3097.99
TXN106637,2025-07-06,CUST0630,West,Grocery,1,659.17,659.17
TXN100780,2025-07-06,CUST0659,North,Apparel,1,3904.55,3904.55
TXN105503,2025-07-06,CUST0489,North,Electronics,1,72194.31,72194.31
TXN104607,2025-07-06,CUST0267,North,Beauty,1,315.78,315.78
TXN109676,2025-07-06,CUST0230,West,Apparel,1,3941.2,3941.2
TXN105049,2025-07-06,CUST0687,South,Home & Living,1,994.91,994.91
TXN111961,2025-07-06,CUST0281,West,Home & Living,2,7519.86,15039.72
TXN111693,2025-07-07,CUST0002,North,Electronics,1,71399.26,71399.26
TXN108154,2025-07-07,CUST0185,West,Grocery,1,555.88,555.88
TXN109484,2025-07-07,CUST0562,North,Apparel,1,959.63,959.63
TXN104598,2025-07-07,CUST0178,North,Electronics,3,8152.1,24456.29
TXN105716,2025-07-07,CUST0035,South,Apparel,1,7995.06,7995.06
TXN100234,2025-07-07,CUST0648,West,Beauty,1,2105.37,2105.37
TXN102773,2025-07-07,CUST0321,Central,Grocery,1,539.0,539.0
TXN112274,2025-07-07,CUST0325,East,Beauty,1,4812.11,4812.11
TXN100001,2025-07-07,CUST0258,South,Grocery,2,1059.01,2118.02
TXN100926,2025-07-07,CUST0179,South,Electronics,1,28503.34,28503.34
TXN114980,2025-07-07,CUST0545,West,Home & Living,1,855.17,855.17
TXN105687,2025-07-07,CUST0231,North,Home & Living,1,5392.23,5392.23
TXN114882,2025-07-07,CUST0035,South,Apparel,1,5368.94,5368.94
TXN108992,2025-07-07,CUST0329,South,Apparel,1,627.21,627.21
TXN109807,2025-07-07,CUST0468,South,Apparel,1,1467.55,1467.55
TXN104799,2025-07-07,CUST0686,South,Electronics,1,38610.81,38610.81
TXN110468,2025-07-07,CUST0693,North,Home & Living,1,1209.49,1209.49
TXN103894,2025-07-07,CUST0386,Central,Grocery,1,771.96,771.96
TXN101382,2025-07-08,CUST0552,East,Apparel,1,2457.24,2457.24
TXN101193,2025-07-08,CUST0212,Central,Grocery,1,776.85,776.85
TXN102800,2025-07-08,CUST0105,South,Apparel,1,1419.76,1419.76
TXN100208,2025-07-08,CUST0145,North,Home & Living,1,3022.43,3022.43
TXN101529,2025-07-08,CUST0673,West,Grocery,2,660.61,1321.23
TXN108107,2025-07-08,CUST0367,West,Grocery,1,1608.94,1608.94
TXN103432,2025-07-08,CUST0454,North,Grocery,1,1328.67,1328.67
TXN103811,2025-07-08,CUST0225,Central,Grocery,1,474.41,474.41
TXN101518,2025-07-08,CUST0203,West,Home & Living,1,3095.33,3095.33
TXN107876,2025-07-08,CUST0788,South,Apparel,1,658.8,658.8
TXN105556,2025-07-08,CUST0416,North,Electronics,1,28165.88,28165.88
TXN100601,2025-07-08,CUST0093,West,Apparel,1,1950.89,1950.89
TXN108579,2025-07-08,CUST0571,Central,Electronics,1,5754.91,5754.91
TXN111090,2025-07-08,CUST0474,North,Electronics,1,68951.86,68951.86
TXN106319,2025-07-08,CUST0331,West,Electronics,2,23674.35,47348.69
TXN101156,2025-07-09,CUST0384,Central,Home & Living,1,6474.89,6474.89
TXN105836,2025-07-09,CUST0179,South,Grocery,1,1967.95,1967.95
TXN108709,2025-07-09,CUST0248,North,Apparel,2,1886.55,3773.11
TXN114883,2025-07-09,CUST0353,West,Home & Living,1,7867.4,7867.4
TXN102967,2025-07-09,CUST0184,North,Apparel,1,3303.7,3303.7
TXN107612,2025-07-09,CUST0054,Central,Apparel,1,5723.0,5723.0
TXN110444,2025-07-09,CUST0569,North,Apparel,1,805.51,805.51
TXN105440,2025-07-09,CUST0620,Central,Electronics,1,12393.3,12393.3
TXN112877,2025-07-09,CUST0784,South,Apparel,2,2162.98,4325.96
TXN110736,2025-07-09,CUST0157,East,Apparel,1,461.55,461.55
TXN106278,2025-07-09,CUST0510,West,Electronics,1,15828.86,15828.86
TXN107274,2025-07-09,CUST0746,South,Grocery,3,1174.25,3522.76
TXN108336,2025-07-09,CUST0385,North,Electronics,1,5920.75,5920.75
TXN114217,2025-07-09,CUST0752,East,Apparel,1,3686.65,3686.65
TXN100715,2025-07-09,CUST0113,East,Apparel,1,6140.12,6140.12
TXN114752,2025-07-09,CUST0008,Central,Apparel,1,3346.33,3346.33
TXN101973,2025-07-09,CUST0796,East,Grocery,1,580.87,580.87
TXN105257,2025-07-09,CUST0227,West,Apparel,1,1392.91,1392.91
TXN107828,2025-07-09,CUST0354,West,Electronics,1,17661.2,17661.2
TXN110693,2025-07-09,CUST0384,Central,Apparel,1,6425.05,6425.05
TXN107261,2025-07-09,CUST0653,West,Grocery,1,778.79,778.79
TXN102086,2025-07-09,CUST0749,North,Beauty,1,1972.56,1972.56
TXN108556,2025-07-09,CUST0192,West,Beauty,2,3962.34,7924.68
TXN114579,2025-07-10,CUST0133,Central,Apparel,1,475.52,475.52
TXN114240,2025-07-10,CUST0465,North,Apparel,1,5323.58,5323.58
TXN101397,2025-07-10,CUST0248,North,Apparel,1,3050.25,3050.25
TXN106866,2025-07-10,CUST0358,Central,Grocery,2,664.97,1329.94
TXN114513,2025-07-10,CUST0800,Central,Grocery,1,263.17,263.17
TXN110010,2025-07-10,CUST0726,North,Electronics,2,32497.57,64995.14
TXN111557,2025-07-10,CUST0106,Central,Electronics,1,26027.28,26027.28
TXN107205,2025-07-10,CUST0676,East,Apparel,1,7818.79,7818.79
TXN102406,2025-07-10,CUST0285,Central,Apparel,1,3011.93,3011.93
TXN108301,2025-07-10,CUST0298,North,Apparel,1,977.51,977.51
TXN114197,2025-07-10,CUST0710,West,Apparel,2,4040.32,8080.64
TXN102998,2025-07-10,CUST0326,East,Grocery,1,119.38,119.38
TXN107277,2025-07-10,CUST0265,South,Electronics,1,77850.98,77850.98
TXN105998,2025-07-10,CUST0800,Central,Apparel,1,7795.23,7795.23
TXN110769,2025-07-10,CUST0676,East,Apparel,1,5157.67,5157.67
TXN104892,2025-07-10,CUST0331,West,Grocery,2,438.45,876.9
TXN106475,2025-07-10,CUST0204,West,Apparel,1,7614.91,7614.91
TXN106604,2025-07-10,CUST0523,West,Apparel,1,977.9,977.9
TXN104634,2025-07-10,CUST0304,Central,Grocery,1,860.79,860.79
TXN104940,2025-07-10,CUST0157,East,Electronics,1,31930.45,31930.45
TXN100173,2025-07-10,CUST0768,North,Apparel,1,6754.14,6754.14
TXN109100,2025-07-10,CUST0155,South,Apparel,1,4944.24,4944.24
TXN104575,2025-07-10,CUST0424,Central,Home & Living,1,1375.73,1375.73
TXN101707,2025-07-11,CUST0056,North,Apparel,1,5335.99,5335.99
TXN103265,2025-07-11,CUST0504,East,Home & Living,1,6076.95,6076.95
TXN105618,2025-07-11,CUST0753,West,Apparel,1,3857.92,3857.92
TXN102634,2025-07-11,CUST0018,South,Home & Living,1,3416.17,3416.17
TXN112430,2025-07-11,CUST0340,East,Grocery,2,259.5,519.0
TXN108587,2025-07-11,CUST0706,South,Electronics,1,40287.98,40287.98
TXN101542,2025-07-11,CUST0470,South,Grocery,1,1891.19,1891.19
TXN106288,2025-07-11,CUST0253,Central,Apparel,1,3873.07,3873.07
TXN108396,2025-07-11,CUST0721,North,Grocery,3,2050.11,6150.34
TXN100506,2025-07-11,CUST0686,South,Electronics,2,35055.34,70110.69
TXN100766,2025-07-11,CUST0105,South,Grocery,1,229.38,229.38
TXN109004,2025-07-11,CUST0325,East,Apparel,1,817.85,817.85
TXN113972,2025-07-11,CUST0708,East,Apparel,1,2960.97,2960.97
TXN100323,2025-07-11,CUST0281,West,Beauty,2,577.67,1155.33
TXN106792,2025-07-11,CUST0770,South,Home & Living,1,6122.41,6122.41
TXN102029,2025-07-11,CUST0499,East,Home & Living,1,10421.71,10421.71
TXN109281,2025-07-11,CUST0068,North,Apparel,1,1244.01,1244.01
TXN106760,2025-07-11,CUST0649,Central,Grocery,1,203.3,203.3
TXN107465,2025-07-11,CUST0379,West,Home & Living,2,4032.24,8064.47
TXN101394,2025-07-12,CUST0113,East,Beauty,1,459.39,459.39
TXN114375,2025-07-12,CUST0685,South,Apparel,1,7178.39,7178.39
TXN106191,2025-07-12,CUST0184,North,Apparel,1,4942.94,4942.94
TXN105002,2025-07-12,CUST0290,North,Apparel,1,2863.94,2863.94
TXN107695,2025-07-12,CUST0725,South,Apparel,1,3327.99,3327.99
TXN105444,2025-07-12,CUST0751,Central,Apparel,1,1518.32,1518.32
TXN111449,2025-07-12,CUST0416,North,Home & Living,2,3201.32,6402.64
TXN108386,2025-07-12,CUST0259,South,Grocery,3,836.12,2508.35
TXN111553,2025-07-12,CUST0277,South,Beauty,1,2161.12,2161.12
TXN103492,2025-07-12,CUST0670,West,Grocery,2,253.49,506.98
TXN113455,2025-07-12,CUST0582,South,Apparel,1,4488.85,4488.85
TXN109334,2025-07-12,CUST0355,East,Apparel,1,979.95,979.95
TXN110765,2025-07-12,CUST0127,North,Home & Living,1,4021.65,4021.65
TXN100340,2025-07-13,CUST0051,North,Apparel,1,6763.19,6763.19
TXN111849,2025-07-13,CUST0157,East,Apparel,1,411.12,411.12
TXN113864,2025-07-13,CUST0663,North,Electronics,1,43459.56,43459.56
TXN100964,2025-07-13,CUST0325,East,Electronics,3,12647.03,37941.08
TXN104868,2025-07-13,CUST0752,East,Apparel,2,2322.71,4645.42
TXN109901,2025-07-13,CUST0713,Central,Home & Living,1,4303.64,4303.64
TXN108566,2025-07-13,CUST0339,South,Apparel,1,1498.14,1498.14
TXN109993,2025-07-13,CUST0241,East,Grocery,1,1586.77,1586.77
TXN109274,2025-07-13,CUST0733,West,Electronics,1,27158.08,27158.08
TXN100632,2025-07-13,CUST0725,South,Beauty,1,437.0,437.0
TXN106274,2025-07-13,CUST0432,North,Home & Living,1,7124.15,7124.15
TXN109854,2025-07-13,CUST0794,North,Apparel,1,4392.26,4392.26
TXN106597,2025-07-13,CUST0238,West,Electronics,1,21595.02,21595.02
TXN112112,2025-07-13,CUST0622,East,Home & Living,1,2462.77,2462.77
TXN110609,2025-07-13,CUST0193,North,Beauty,1,1646.16,1646.16
TXN106854,2025-07-13,CUST0759,West,Electronics,1,29494.78,29494.78
TXN112891,2025-07-13,CUST0584,North,Home & Living,1,5473.98,5473.98
TXN107761,2025-07-13,CUST0665,Central,Apparel,1,2076.57,2076.57
TXN104851,2025-07-13,CUST0799,North,Home & Living,1,7968.15,7968.15
TXN105184,2025-07-13,CUST0572,North,Home & Living,1,1549.66,1549.66
TXN113188,2025-07-14,CUST0073,East,Beauty,1,2099.75,2099.75
TXN104801,2025-07-14,CUST0711,West,Electronics,1,17347.76,17347.76
TXN114132,2025-07-14,CUST0744,North,Grocery,2,83.39,166.79
TXN111469,2025-07-14,CUST0531,East,Home & Living,1,5791.87,5791.87
TXN114380,2025-07-14,CUST0518,West,Electronics,2,4895.58,9791.15
TXN111871,2025-07-14,CUST0476,North,Apparel,1,3923.54,3923.54
TXN110049,2025-07-14,CUST0651,South,Home & Living,1,4924.08,4924.08
TXN106380,2025-07-14,CUST0169,East,Grocery,2,757.53,1515.06
TXN111215,2025-07-14,CUST0087,East,Beauty,1,324.44,324.44
TXN110956,2025-07-14,CUST0535,Central,Electronics,1,29130.54,29130.54
TXN114307,2025-07-14,CUST0120,North,Apparel,1,1940.93,1940.93
TXN114136,2025-07-14,CUST0210,South,Home & Living,1,2324.25,2324.25
TXN103400,2025-07-14,CUST0316,East,Apparel,1,3813.22,3813.22
TXN102762,2025-07-14,CUST0603,North,Apparel,1,613.08,613.08
TXN100508,2025-07-14,CUST0227,West,Electronics,2,48259.23,96518.47
TXN108106,2025-07-14,CUST0002,North,Apparel,1,8054.9,8054.9
TXN111346,2025-07-15,CUST0425,South,Electronics,2,25205.35,50410.7
TXN106490,2025-07-15,CUST0691,North,Home & Living,1,1828.11,1828.11
TXN103282,2025-07-15,CUST0638,West,Grocery,1,707.9,707.9
TXN105316,2025-07-15,CUST0305,Central,Electronics,1,23574.72,23574.72
TXN101274,2025-07-15,CUST0617,North,Home & Living,2,2998.31,5996.62
TXN106605,2025-07-15,CUST0208,West,Grocery,2,1039.77,2079.54
TXN109584,2025-07-15,CUST0528,West,Apparel,1,2715.3,2715.3
TXN108192,2025-07-15,CUST0012,West,Grocery,1,726.23,726.23
TXN101561,2025-07-15,CUST0019,North,Electronics,1,21643.7,21643.7
TXN100979,2025-07-15,CUST0510,West,Home & Living,2,3114.39,6228.77
TXN109019,2025-07-15,CUST0144,West,Apparel,2,709.67,1419.34
TXN105703,2025-07-15,CUST0716,North,Electronics,1,46793.4,46793.4
TXN111185,2025-07-15,CUST0635,North,Electronics,1,7281.94,7281.94
TXN101939,2025-07-15,CUST0053,North,Grocery,1,1148.34,1148.34
TXN105031,2025-07-15,CUST0117,South,Home & Living,1,6480.4,6480.4
TXN107822,2025-07-15,CUST0470,South,Apparel,3,4885.84,14657.53
TXN114569,2025-07-15,CUST0512,Central,Electronics,1,26989.93,26989.93
TXN100983,2025-07-16,CUST0367,West,Electronics,3,7262.42,21787.27
TXN107463,2025-07-16,CUST0315,East,Electronics,1,24656.59,24656.59
TXN102025,2025-07-16,CUST0216,Central,Electronics,1,30338.98,30338.98
TXN106420,2025-07-16,CUST0403,North,Home & Living,1,3509.77,3509.77
TXN106054,2025-07-16,CUST0592,North,Home & Living,1,4611.04,4611.04
TXN110393,2025-07-16,CUST0034,North,Apparel,1,4759.39,4759.39
TXN107533,2025-07-16,CUST0220,North,Grocery,1,526.67,526.67
TXN102689,2025-07-16,CUST0641,Central,Beauty,1,2042.87,2042.87
TXN100740,2025-07-16,CUST0590,South,Home & Living,1,3760.26,3760.26
TXN104812,2025-07-16,CUST0686,South,Home & Living,1,2684.0,2684.0
TXN109593,2025-07-16,CUST0493,East,Apparel,1,797.02,797.02
TXN106902,2025-07-16,CUST0229,South,Electronics,1,62250.95,62250.95
TXN101789,2025-07-16,CUST0523,West,Home & Living,1,10047.81,10047.81
TXN108176,2025-07-16,CUST0434,North,Grocery,1,172.32,172.32
TXN112923,2025-07-16,CUST0177,East,Electronics,1,26213.35,26213.35
TXN110421,2025-07-16,CUST0465,North,Beauty,1,3649.93,3649.93
TXN111035,2025-07-17,CUST0183,North,Grocery,1,1176.33,1176.33
TXN107995,2025-07-17,CUST0301,North,Beauty,1,294.6,294.6
TXN109879,2025-07-17,CUST0663,North,Grocery,3,775.87,2327.61
TXN101902,2025-07-17,CUST0800,Central,Apparel,1,3482.18,3482.18
TXN109941,2025-07-17,CUST0105,South,Apparel,1,1632.15,1632.15
TXN103323,2025-07-17,CUST0710,West,Grocery,1,751.34,751.34
TXN103260,2025-07-17,CUST0497,North,Electronics,1,10112.07,10112.07
TXN109196,2025-07-17,CUST0328,South,Beauty,1,1965.35,1965.35
TXN114194,2025-07-17,CUST0133,Central,Apparel,1,2564.02,2564.02
TXN107320,2025-07-17,CUST0424,Central,Grocery,1,76.51,76.51
TXN104807,2025-07-17,CUST0251,West,Apparel,1,1897.55,1897.55
TXN102629,2025-07-17,CUST0158,North,Grocery,1,860.91,860.91
TXN100730,2025-07-17,CUST0211,North,Electronics,1,16422.5,16422.5
TXN101373,2025-07-17,CUST0576,West,Home & Living,2,3637.55,7275.09
TXN111692,2025-07-17,CUST0444,West,Electronics,3,8478.05,25434.16
TXN111971,2025-07-17,CUST0028,South,Grocery,1,603.67,603.67
TXN100027,2025-07-17,CUST0432,North,Apparel,1,3595.28,3595.28
TXN101550,2025-07-17,CUST0500,West,Beauty,1,4510.55,4510.55
TXN100546,2025-07-17,CUST0374,North,Home & Living,1,4908.04,4908.04
TXN110994,2025-07-17,CUST0062,South,Grocery,1,330.22,330.22
TXN101111,2025-07-18,CUST0415,West,Grocery,1,892.0,892.0
TXN100322,2025-07-18,CUST0491,South,Apparel,1,1006.81,1006.81
TXN101626,2025-07-18,CUST0199,Central,Beauty,2,1817.18,3634.36
TXN100419,2025-07-18,CUST0522,North,Apparel,1,931.7,931.7
TXN100953,2025-07-18,CUST0761,South,Electronics,2,4881.49,9762.99
TXN109957,2025-07-18,CUST0659,North,Apparel,1,1429.5,1429.5
TXN113280,2025-07-18,CUST0655,North,Home & Living,1,2016.9,2016.9
TXN102287,2025-07-18,CUST0504,East,Apparel,2,2917.83,5835.66
TXN102779,2025-07-18,CUST0409,North,Electronics,2,14618.97,29237.94
TXN104060,2025-07-18,CUST0155,South,Home & Living,1,13830.51,13830.51
TXN111503,2025-07-18,CUST0615,East,Home & Living,1,9385.89,9385.89
TXN110753,2025-07-18,CUST0261,West,Grocery,1,211.36,211.36
TXN108765,2025-07-18,CUST0306,North,Grocery,1,657.08,657.08
TXN109344,2025-07-18,CUST0268,North,Home & Living,1,2543.93,2543.93
TXN105032,2025-07-18,CUST0523,West,Beauty,1,4523.55,4523.55
TXN110244,2025-07-18,CUST0790,West,Grocery,2,1497.36,2994.72
TXN102985,2025-07-19,CUST0777,North,Apparel,1,609.85,609.85
TXN112478,2025-07-19,CUST0260,East,Beauty,1,590.19,590.19
TXN109346,2025-07-19,CUST0051,North,Grocery,1,1595.75,1595.75
TXN101106,2025-07-19,CUST0104,East,Home & Living,1,5532.99,5532.99
TXN105295,2025-07-19,CUST0721,North,Apparel,1,6135.27,6135.27
TXN100124,2025-07-19,CUST0541,North,Electronics,1,46442.42,46442.42
TXN102704,2025-07-19,CUST0663,North,Home & Living,1,7198.73,7198.73
TXN114922,2025-07-19,CUST0672,West,Electronics,1,12966.5,12966.5
TXN104344,2025-07-19,CUST0777,North,Grocery,1,331.7,331.7
TXN108969,2025-07-19,CUST0474,North,Apparel,1,6537.14,6537.14
TXN113354,2025-07-19,CUST0474,North,Grocery,1,1857.33,1857.33
TXN114715,2025-07-19,CUST0406,West,Apparel,1,1245.1,1245.1
TXN106235,2025-07-19,CUST0369,North,Apparel,1,1065.27,1065.27
TXN106404,2025-07-19,CUST0457,North,Apparel,1,2883.39,2883.39
TXN110336,2025-07-19,CUST0630,West,Apparel,1,911.26,911.26
TXN113859,2025-07-19,CUST0442,West,Apparel,3,6286.99,18860.98
TXN106102,2025-07-19,CUST0509,South,Electronics,1,56716.68,56716.68
TXN109915,2025-07-19,CUST0499,East,Beauty,1,1935.5,1935.5
TXN104813,2025-07-20,CUST0318,West,Electronics,1,21725.07,21725.07
TXN105935,2025-07-20,CUST0548,South,Electronics,1,19556.09,19556.09
TXN106888,2025-07-20,CUST0193,North,Apparel,1,6187.94,6187.94
TXN113110,2025-07-20,CUST0328,South,Apparel,1,2187.43,2187.43
TXN112424,2025-07-20,CUST0471,West,Apparel,2,2304.04,4608.08
TXN104756,2025-07-20,CUST0437,West,Electronics,1,6618.39,6618.39
TXN104312,2025-07-20,CUST0555,South,Home & Living,1,9788.18,9788.18
TXN111315,2025-07-20,CUST0405,South,Apparel,1,1277.24,1277.24
TXN101438,2025-07-20,CUST0055,North,Apparel,1,2172.65,2172.65
TXN102756,2025-07-20,CUST0184,North,Electronics,1,35281.99,35281.99
TXN114749,2025-07-20,CUST0105,South,Apparel,2,3289.21,6578.42
TXN102192,2025-07-20,CUST0476,North,Beauty,3,3483.31,10449.94
TXN109992,2025-07-20,CUST0266,West,Home & Living,1,7721.52,7721.52
TXN103800,2025-07-20,CUST0199,Central,Electronics,1,17819.12,17819.12
TXN107603,2025-07-20,CUST0389,South,Apparel,1,3723.26,3723.26
TXN101788,2025-07-20,CUST0035,South,Grocery,1,1922.47,1922.47
TXN111720,2025-07-20,CUST0534,Central,Grocery,1,375.84,375.84
TXN109980,2025-07-20,CUST0092,West,Home & Living,1,4713.18,4713.18
TXN103333,2025-07-21,CUST0364,West,Grocery,1,767.18,767.18
TXN114544,2025-07-21,CUST0390,West,Electronics,1,31169.21,31169.21
TXN110003,2025-07-21,CUST0644,South,Apparel,1,2940.05,2940.05
TXN107097,2025-07-21,CUST0473,West,Home & Living,3,4510.5,13531.51
TXN103630,2025-07-21,CUST0523,West,Apparel,1,3269.62,3269.62
TXN108079,2025-07-21,CUST0262,Central,Apparel,1,1575.12,1575.12
TXN102924,2025-07-21,CUST0647,West,Apparel,1,1233.5,1233.5
TXN102570,2025-07-21,CUST0148,Central,Apparel,1,1448.47,1448.47
TXN106590,2025-07-21,CUST0705,South,Electronics,3,11913.52,35740.56
TXN104894,2025-07-21,CUST0778,East,Grocery,1,1174.55,1174.55
TXN112423,2025-07-21,CUST0183,North,Apparel,1,3342.24,3342.24
TXN107382,2025-07-21,CUST0505,West,Apparel,1,2701.37,2701.37
TXN101994,2025-07-21,CUST0397,Central,Apparel,1,3214.36,3214.36
TXN113956,2025-07-21,CUST0739,North,Beauty,2,1728.33,3456.65
TXN103405,2025-07-22,CUST0074,South,Grocery,1,1151.78,1151.78
TXN106160,2025-07-22,CUST0489,North,Grocery,2,1156.48,2312.97
TXN108764,2025-07-22,CUST0002,North,Home & Living,1,1796.4,1796.4
TXN106134,2025-07-22,CUST0074,South,Electronics,1,33807.28,33807.28
TXN105843,2025-07-22,CUST0509,South,Electronics,1,24096.85,24096.85
TXN101384,2025-07-22,CUST0442,West,Home & Living,1,12050.03,12050.03
TXN101150,2025-07-22,CUST0313,North,Beauty,1,1917.29,1917.29
TXN107460,2025-07-22,CUST0744,North,Beauty,2,549.69,1099.38
TXN113199,2025-07-22,CUST0574,South,Electronics,1,12662.13,12662.13
TXN108958,2025-07-22,CUST0248,North,Grocery,1,581.73,581.73
TXN106578,2025-07-22,CUST0035,South,Electronics,1,78159.7,78159.7
TXN112739,2025-07-22,CUST0372,Central,Home & Living,1,1301.05,1301.05
TXN103366,2025-07-22,CUST0779,East,Electronics,1,12839.91,12839.91
TXN104529,2025-07-22,CUST0233,North,Grocery,2,197.87,395.73
TXN113383,2025-07-22,CUST0299,West,Electronics,1,41098.41,41098.41
TXN100362,2025-07-23,CUST0675,South,Electronics,1,11344.32,11344.32
TXN112759,2025-07-23,CUST0676,East,Apparel,1,3870.37,3870.37
TXN100478,2025-07-23,CUST0792,Central,Beauty,1,2225.34,2225.34
TXN111049,2025-07-23,CUST0738,West,Electronics,2,22908.54,45817.08
TXN106732,2025-07-23,CUST0641,Central,Electronics,1,5814.58,5814.58
TXN109793,2025-07-23,CUST0487,North,Beauty,2,566.03,1132.06
TXN100104,2025-07-23,CUST0359,West,Apparel,1,945.93,945.93
TXN109476,2025-07-23,CUST0328,South,Apparel,1,2065.15,2065.15
TXN106229,2025-07-23,CUST0080,North,Apparel,1,2214.09,2214.09
TXN108677,2025-07-23,CUST0665,Central,Home & Living,1,4100.09,4100.09
TXN100916,2025-07-23,CUST0015,West,Home & Living,1,1630.25,1630.25
TXN108318,2025-07-23,CUST0028,South,Apparel,1,2776.94,2776.94
TXN105754,2025-07-23,CUST0141,North,Electronics,1,37118.14,37118.14
TXN109582,2025-07-23,CUST0632,East,Grocery,1,745.97,745.97
TXN105617,2025-07-23,CUST0559,North,Apparel,2,1026.12,2052.24
TXN101834,2025-07-23,CUST0554,West,Beauty,1,2782.11,2782.11
TXN102326,2025-07-23,CUST0481,East,Home & Living,1,4861.9,4861.9
TXN108860,2025-07-24,CUST0409,North,Beauty,1,2406.03,2406.03
TXN114758,2025-07-24,CUST0276,South,Electronics,1,15523.89,15523.89
TXN109513,2025-07-24,CUST0356,West,Electronics,1,25227.87,25227.87
TXN104632,2025-07-24,CUST0447,North,Grocery,1,170.93,170.93
TXN105091,2025-07-24,CUST0183,North,Apparel,2,6338.44,12676.88
TXN100110,2025-07-24,CUST0127,North,Electronics,1,33592.92,33592.92
TXN109367,2025-07-24,CUST0465,North,Electronics,2,60696.45,121392.9
TXN101632,2025-07-24,CUST0200,South,Apparel,1,1780.84,1780.84
TXN110987,2025-07-24,CUST0605,East,Apparel,1,2954.36,2954.36
TXN111895,2025-07-24,CUST0301,North,Electronics,1,9438.86,9438.86
TXN100608,2025-07-24,CUST0240,South,Apparel,1,2963.76,2963.76
TXN114685,2025-07-24,CUST0510,West,Home & Living,2,3218.82,6437.64
TXN102925,2025-07-24,CUST0352,West,Home & Living,1,1680.87,1680.87
TXN104888,2025-07-24,CUST0346,West,Apparel,1,2863.41,2863.41
TXN106572,2025-07-24,CUST0396,West,Grocery,1,1032.08,1032.08
TXN108462,2025-07-25,CUST0470,South,Grocery,1,1914.65,1914.65
TXN103416,2025-07-25,CUST0036,South,Grocery,2,1076.23,2152.45
TXN110057,2025-07-25,CUST0800,Central,Beauty,1,2641.49,2641.49
TXN101124,2025-07-25,CUST0321,Central,Apparel,1,1601.53,1601.53
TXN105397,2025-07-25,CUST0734,North,Apparel,1,526.14,526.14
TXN105583,2025-07-25,CUST0612,North,Apparel,1,2054.59,2054.59
TXN114273,2025-07-25,CUST0432,North,Grocery,1,741.94,741.94
TXN109359,2025-07-25,CUST0684,North,Electronics,3,11817.47,35452.4
TXN113620,2025-07-25,CUST0696,East,Home & Living,1,6844.43,6844.43
TXN105621,2025-07-25,CUST0200,South,Grocery,1,144.21,144.21
TXN113200,2025-07-25,CUST0777,North,Home & Living,1,2274.6,2274.6
TXN102032,2025-07-25,CUST0373,East,Grocery,1,802.33,802.33
TXN105613,2025-07-25,CUST0411,South,Grocery,1,740.16,740.16
TXN106062,2025-07-25,CUST0616,Central,Grocery,1,2025.3,2025.3
TXN108704,2025-07-25,CUST0212,Central,Home & Living,1,6727.3,6727.3
TXN102690,2025-07-25,CUST0437,West,Grocery,1,190.7,190.7
TXN112516,2025-07-26,CUST0278,East,Grocery,2,1106.12,2212.24
TXN113969,2025-07-26,CUST0368,East,Home & Living,1,12133.38,12133.38
TXN109579,2025-07-26,CUST0029,West,Grocery,1,994.94,994.94
TXN102099,2025-07-26,CUST0218,East,Home & Living,1,1105.97,1105.97
TXN108263,2025-07-26,CUST0645,West,Grocery,1,687.54,687.54
TXN104153,2025-07-26,CUST0617,North,Apparel,1,1878.55,1878.55
TXN102771,2025-07-26,CUST0310,North,Electronics,1,5155.21,5155.21
TXN104562,2025-07-26,CUST0204,West,Grocery,1,810.08,810.08
TXN102183,2025-07-26,CUST0662,East,Grocery,1,1597.18,1597.18
TXN109293,2025-07-26,CUST0285,Central,Beauty,2,355.8,711.6
TXN110143,2025-07-26,CUST0792,Central,Grocery,1,796.96,796.96
TXN105254,2025-07-26,CUST0015,West,Home & Living,1,3706.46,3706.46
TXN114852,2025-07-26,CUST0019,North,Home & Living,1,2830.64,2830.64
TXN104790,2025-07-26,CUST0074,South,Beauty,1,2212.97,2212.97
TXN105952,2025-07-26,CUST0521,North,Grocery,1,836.94,836.94
TXN114730,2025-07-26,CUST0156,South,Home & Living,3,2639.83,7919.48
TXN101179,2025-07-26,CUST0178,North,Apparel,1,323.89,323.89
TXN113324,2025-07-26,CUST0412,South,Electronics,1,7185.94,7185.94
TXN103454,2025-07-27,CUST0358,Central,Apparel,2,3544.15,7088.3
TXN114094,2025-07-27,CUST0233,North,Electronics,1,13655.39,13655.39
TXN104686,2025-07-27,CUST0698,South,Home & Living,1,4792.34,4792.34
TXN112642,2025-07-27,CUST0683,East,Home & Living,2,4097.03,8194.06
TXN105420,2025-07-27,CUST0445,West,Apparel,1,1574.89,1574.89
TXN100282,2025-07-27,CUST0504,East,Apparel,1,1305.48,1305.48
TXN100368,2025-07-27,CUST0265,South,Electronics,2,39793.09,79586.17
TXN106450,2025-07-27,CUST0109,North,Beauty,1,957.06,957.06
TXN104115,2025-07-27,CUST0244,East,Grocery,1,617.23,617.23
TXN112813,2025-07-27,CUST0188,South,Grocery,1,463.3,463.3
TXN114717,2025-07-28,CUST0572,North,Electronics,1,8412.27,8412.27
TXN106664,2025-07-28,CUST0653,West,Home & Living,2,2062.46,4124.92
TXN103491,2025-07-28,CUST0046,South,Grocery,1,111.35,111.35
TXN103462,2025-07-28,CUST0406,West,Electronics,1,63786.93,63786.93
TXN101699,2025-07-28,CUST0642,North,Grocery,1,95.49,95.49
TXN103295,2025-07-28,CUST0068,North,Beauty,1,1620.44,1620.44
TXN112044,2025-07-28,CUST0509,South,Apparel,1,6241.25,6241.25
TXN107309,2025-07-28,CUST0794,North,Home & Living,1,2862.29,2862.29
TXN100243,2025-07-28,CUST0488,South,Home & Living,2,4925.87,9851.74
TXN104777,2025-07-28,CUST0662,East,Grocery,1,920.13,920.13
TXN112203,2025-07-28,CUST0386,Central,Apparel,1,4097.4,4097.4
TXN105955,2025-07-28,CUST0367,West,Apparel,1,4501.33,4501.33
TXN102958,2025-07-28,CUST0750,East,Grocery,2,986.78,1973.56
TXN108906,2025-07-28,CUST0368,East,Grocery,1,725.59,725.59
TXN112769,2025-07-28,CUST0616,Central,Apparel,1,1147.0,1147.0
TXN102175,2025-07-29,CUST0750,East,Apparel,1,997.89,997.89
TXN107997,2025-07-29,CUST0272,North,Electronics,1,44826.19,44826.19
TXN104859,2025-07-29,CUST0274,North,Home & Living,3,7287.22,21861.66
TXN112903,2025-07-29,CUST0421,Central,Home & Living,3,2220.08,6660.23
TXN111301,2025-07-29,CUST0223,Central,Home & Living,2,5541.35,11082.7
TXN106036,2025-07-29,CUST0261,West,Electronics,1,11729.59,11729.59
TXN105338,2025-07-29,CUST0403,North,Apparel,2,410.72,821.45
TXN101250,2025-07-29,CUST0518,West,Home & Living,1,2038.25,2038.25
TXN100677,2025-07-29,CUST0409,North,Electronics,2,67526.53,135053.05
TXN103014,2025-07-29,CUST0203,West,Apparel,1,2711.75,2711.75
TXN111318,2025-07-29,CUST0050,East,Home & Living,1,4834.35,4834.35
TXN112215,2025-07-29,CUST0207,West,Beauty,1,983.55,983.55
TXN102264,2025-07-29,CUST0089,North,Electronics,1,33150.37,33150.37
TXN101030,2025-07-29,CUST0501,North,Electronics,1,16263.49,16263.49
TXN100510,2025-07-29,CUST0119,West,Apparel,1,5370.15,5370.15
TXN102611,2025-07-29,CUST0471,West,Apparel,1,1196.73,1196.73
TXN108731,2025-07-29,CUST0467,South,Grocery,1,616.39,616.39
TXN101413,2025-07-29,CUST0279,North,Home & Living,1,3250.61,3250.61
TXN106677,2025-07-29,CUST0345,North,Apparel,1,739.9,739.9
TXN111400,2025-07-29,CUST0786,North,Beauty,2,4742.25,9484.51
TXN106094,2025-07-30,CUST0752,East,Electronics,1,10334.58,10334.58
TXN107221,2025-07-30,CUST0797,North,Home & Living,1,5677.05,5677.05
TXN109940,2025-07-30,CUST0668,South,Beauty,1,360.04,360.04
TXN105893,2025-07-30,CUST0459,North,Apparel,1,910.84,910.84
TXN103287,2025-07-30,CUST0535,Central,Apparel,1,3816.73,3816.73
TXN109350,2025-07-30,CUST0142,East,Apparel,1,2220.64,2220.64
TXN110300,2025-07-30,CUST0054,Central,Home & Living,1,8508.44,8508.44
TXN113396,2025-07-30,CUST0150,East,Home & Living,1,2548.89,2548.89
TXN107708,2025-07-30,CUST0139,North,Apparel,2,1227.72,2455.45
TXN100468,2025-07-30,CUST0139,North,Apparel,1,3033.75,3033.75
TXN107505,2025-07-30,CUST0239,North,Grocery,2,411.72,823.44
TXN100496,2025-07-30,CUST0465,North,Grocery,3,1511.47,4534.4
TXN111417,2025-07-30,CUST0436,South,Apparel,2,1175.9,2351.81
TXN109385,2025-07-30,CUST0181,South,Apparel,1,1033.9,1033.9
TXN113486,2025-07-30,CUST0646,North,Beauty,1,5337.05,5337.05
TXN104960,2025-07-31,CUST0198,North,Apparel,1,3373.59,3373.59
TXN110662,2025-07-31,CUST0602,North,Electronics,1,5421.82,5421.82
TXN107510,2025-07-31,CUST0759,West,Apparel,1,4889.0,4889.0
TXN113896,2025-07-31,CUST0327,North,Home & Living,1,4744.67,4744.67
TXN101988,2025-07-31,CUST0108,South,Grocery,3,959.92,2879.75
TXN114089,2025-07-31,CUST0726,North,Apparel,3,3540.89,10622.67
TXN111013,2025-07-31,CUST0229,South,Apparel,1,2829.16,2829.16
TXN100073,2025-07-31,CUST0645,West,Electronics,2,11290.56,22581.12
TXN110454,2025-07-31,CUST0588,North,Beauty,1,1359.29,1359.29
TXN107478,2025-07-31,CUST0567,West,Electronics,1,9753.81,9753.81
TXN106223,2025-07-31,CUST0571,Central,Beauty,2,423.25,846.5
TXN114693,2025-07-31,CUST0679,West,Apparel,1,2549.63,2549.63
TXN101535,2025-07-31,CUST0490,North,Grocery,1,675.63,675.63
TXN106435,2025-08-01,CUST0084,North,Beauty,1,651.81,651.81
TXN111714,2025-08-01,CUST0405,South,Apparel,1,703.72,703.72
TXN102172,2025-08-01,CUST0273,North,Grocery,1,769.71,769.71
TXN101966,2025-08-01,CUST0464,South,Apparel,1,3575.86,3575.86
TXN112036,2025-08-01,CUST0591,North,Apparel,2,2075.27,4150.53
TXN101883,2025-08-01,CUST0743,East,Grocery,2,671.42,1342.84
TXN113009,2025-08-01,CUST0555,South,Grocery,1,675.18,675.18
TXN110407,2025-08-01,CUST0700,West,Beauty,1,698.11,698.11
TXN107461,2025-08-01,CUST0684,North,Beauty,3,1366.96,4100.87
TXN107675,2025-08-01,CUST0266,West,Electronics,2,15893.77,31787.54
TXN105849,2025-08-01,CUST0099,North,Home & Living,2,2997.22,5994.45
TXN103196,2025-08-01,CUST0138,Central,Home & Living,1,6110.95,6110.95
TXN112291,2025-08-01,CUST0675,South,Electronics,1,4036.16,4036.16
TXN113213,2025-08-01,CUST0198,North,Apparel,2,5213.82,10427.63
TXN112627,2025-08-01,CUST0008,Central,Home & Living,1,1286.18,1286.18
TXN105924,2025-08-01,CUST0280,Central,Electronics,1,37312.91,37312.91
TXN109874,2025-08-01,CUST0550,North,Electronics,1,25675.17,25675.17
TXN110493,2025-08-01,CUST0680,South,Grocery,1,1178.58,1178.58
TXN105228,2025-08-01,CUST0532,West,Apparel,2,4191.71,8383.42
TXN103939,2025-08-01,CUST0382,South,Grocery,1,1124.82,1124.82
TXN105318,2025-08-01,CUST0489,North,Apparel,2,6252.58,12505.16
TXN113522,2025-08-01,CUST0413,North,Grocery,1,1176.54,1176.54
TXN101831,2025-08-02,CUST0796,East,Apparel,1,5104.22,5104.22
TXN100659,2025-08-02,CUST0356,West,Home & Living,1,1809.13,1809.13
TXN114445,2025-08-02,CUST0507,West,Beauty,1,4111.8,4111.8
TXN101746,2025-08-02,CUST0222,South,Beauty,2,2117.74,4235.48
TXN112324,2025-08-02,CUST0448,North,Grocery,1,855.36,855.36
TXN111291,2025-08-02,CUST0415,West,Beauty,1,1768.08,1768.08
TXN113865,2025-08-02,CUST0506,West,Grocery,1,413.56,413.56
TXN109602,2025-08-02,CUST0484,North,Apparel,1,3972.22,3972.22
TXN105152,2025-08-02,CUST0246,East,Apparel,1,4853.78,4853.78
TXN100610,2025-08-02,CUST0593,North,Electronics,2,27478.71,54957.41
TXN102489,2025-08-02,CUST0039,East,Beauty,1,883.88,883.88
TXN110755,2025-08-02,CUST0179,South,Apparel,1,1870.86,1870.86
TXN107487,2025-08-02,CUST0789,South,Electronics,1,18285.66,18285.66
TXN106156,2025-08-02,CUST0215,West,Apparel,2,4450.07,8900.13
TXN113168,2025-08-02,CUST0168,South,Home & Living,2,4850.54,9701.09
TXN104621,2025-08-02,CUST0553,South,Electronics,1,15503.91,15503.91
TXN102937,2025-08-02,CUST0489,North,Apparel,2,7879.08,15758.17
TXN104781,2025-08-02,CUST0428,North,Electronics,1,74145.38,74145.38
TXN105696,2025-08-02,CUST0134,East,Grocery,1,241.5,241.5
TXN101465,2025-08-02,CUST0220,North,Apparel,1,539.8,539.8
TXN114991,2025-08-02,CUST0644,South,Grocery,1,450.27,450.27
TXN102982,2025-08-02,CUST0619,South,Apparel,3,4390.69,13172.07
TXN106502,2025-08-03,CUST0314,East,Electronics,1,26021.32,26021.32
TXN114324,2025-08-03,CUST0012,West,Grocery,1,1571.88,1571.88
TXN110878,2025-08-03,CUST0223,Central,Grocery,1,73.98,73.98
TXN105105,2025-08-03,CUST0654,East,Grocery,1,292.87,292.87
TXN106982,2025-08-03,CUST0714,North,Home & Living,1,5425.66,5425.66
TXN103441,2025-08-03,CUST0474,North,Grocery,2,93.82,187.64
TXN103887,2025-08-03,CUST0521,North,Apparel,1,4466.52,4466.52
TXN102667,2025-08-03,CUST0053,North,Apparel,1,6483.53,6483.53
TXN104126,2025-08-03,CUST0166,South,Home & Living,1,4843.73,4843.73
TXN108103,2025-08-03,CUST0636,North,Electronics,1,29737.22,29737.22
TXN111825,2025-08-03,CUST0632,East,Apparel,1,5537.19,5537.19
TXN102990,2025-08-03,CUST0464,South,Electronics,1,27822.0,27822.0
TXN100662,2025-08-03,CUST0718,Central,Apparel,1,7753.17,7753.17
TXN104341,2025-08-03,CUST0194,East,Apparel,1,4159.28,4159.28
TXN105059,2025-08-03,CUST0242,West,Electronics,1,73980.09,73980.09
TXN104163,2025-08-03,CUST0146,North,Home & Living,1,3291.37,3291.37
TXN100505,2025-08-04,CUST0253,Central,Apparel,1,883.82,883.82
TXN109227,2025-08-04,CUST0746,South,Apparel,1,7076.61,7076.61
TXN113086,2025-08-04,CUST0274,North,Electronics,2,4960.77,9921.55
TXN108515,2025-08-04,CUST0142,East,Apparel,2,1278.82,2557.63
TXN102989,2025-08-04,CUST0572,North,Electronics,1,27783.45,27783.45
TXN100801,2025-08-04,CUST0057,North,Grocery,2,306.44,612.88
TXN109932,2025-08-04,CUST0724,North,Grocery,1,384.07,384.07
TXN100699,2025-08-04,CUST0268,North,Apparel,1,3560.84,3560.84
TXN107784,2025-08-04,CUST0432,North,Apparel,2,4062.77,8125.54
TXN109009,2025-08-04,CUST0698,South,Grocery,1,768.61,768.61
TXN107062,2025-08-04,CUST0034,North,Apparel,1,2341.59,2341.59
TXN106066,2025-08-04,CUST0508,West,Home & Living,1,2764.97,2764.97
TXN112180,2025-08-04,CUST0799,North,Grocery,2,256.47,512.95
TXN114395,2025-08-04,CUST0006,West,Electronics,1,17480.74,17480.74
TXN112915,2025-08-04,CUST0141,North,Electronics,1,71053.49,71053.49
TXN109678,2025-08-04,CUST0653,West,Grocery,1,670.94,670.94
TXN104447,2025-08-04,CUST0409,North,Grocery,1,1252.97,1252.97
TXN102622,2025-08-04,CUST0721,North,Grocery,1,1763.31,1763.31
TXN113057,2025-08-04,CUST0536,East,Apparel,1,7258.6,7258.6
TXN111372,2025-08-04,CUST0651,South,Electronics,3,31145.81,93437.42
TXN114199,2025-08-04,CUST0105,South,Apparel,1,2495.87,2495.87
TXN113546,2025-08-04,CUST0555,South,Grocery,1,163.37,163.37
TXN100790,2025-08-04,CUST0299,West,Home & Living,1,1592.39,1592.39
TXN101355,2025-08-05,CUST0542,South,Home & Living,1,2847.13,2847.13
TXN102949,2025-08-05,CUST0634,East,Electronics,1,29887.45,29887.45
TXN105965,2025-08-05,CUST0719,North,Grocery,1,595.17,595.17
TXN103616,2025-08-05,CUST0364,West,Apparel,1,2652.93,2652.93
TXN113192,2025-08-05,CUST0500,West,Grocery,1,593.57,593.57
TXN109776,2025-08-05,CUST0582,South,Beauty,1,1765.96,1765.96
TXN110508,2025-08-05,CUST0349,West,Electronics,1,21794.37,21794.37
TXN100060,2025-08-05,CUST0479,North,Grocery,1,671.23,671.23
TXN113986,2025-08-05,CUST0177,East,Home & Living,1,5404.7,5404.7
TXN109398,2025-08-05,CUST0210,South,Grocery,1,698.46,698.46
TXN104715,2025-08-05,CUST0752,East,Home & Living,1,9632.37,9632.37
TXN100781,2025-08-05,CUST0686,South,Apparel,1,2242.33,2242.33
TXN108483,2025-08-05,CUST0402,North,Grocery,1,741.14,741.14
TXN110574,2025-08-05,CUST0523,West,Grocery,1,1985.36,1985.36
TXN109099,2025-08-05,CUST0296,North,Electronics,1,2661.08,2661.08
TXN101330,2025-08-05,CUST0474,North,Electronics,1,34593.16,34593.16
TXN107213,2025-08-05,CUST0274,North,Electronics,1,18029.09,18029.09
TXN110445,2025-08-05,CUST0081,North,Electronics,1,33255.08,33255.08
TXN104183,2025-08-05,CUST0091,West,Home & Living,1,2675.67,2675.67
TXN113504,2025-08-05,CUST0696,East,Home & Living,2,7414.2,14828.4
TXN103331,2025-08-05,CUST0271,South,Grocery,1,1031.82,1031.82
TXN110115,2025-08-06,CUST0325,East,Home & Living,2,11890.2,23780.4
TXN112353,2025-08-06,CUST0624,North,Electronics,1,20379.16,20379.16
TXN101012,2025-08-06,CUST0201,North,Apparel,1,2951.98,2951.98
TXN108331,2025-08-06,CUST0088,North,Apparel,1,1014.89,1014.89
TXN106398,2025-08-06,CUST0731,South,Electronics,1,6975.59,6975.59
TXN111188,2025-08-06,CUST0368,East,Apparel,1,1375.99,1375.99
TXN108617,2025-08-06,CUST0252,East,Electronics,1,23203.3,23203.3
TXN102410,2025-08-06,CUST0033,North,Apparel,1,1577.39,1577.39
TXN108485,2025-08-06,CUST0487,North,Grocery,1,390.19,390.19
TXN105763,2025-08-06,CUST0681,West,Electronics,1,44477.06,44477.06
TXN114681,2025-08-06,CUST0629,East,Apparel,2,344.24,688.48
TXN112109,2025-08-06,CUST0632,East,Beauty,1,629.5,629.5
TXN113891,2025-08-06,CUST0159,North,Electronics,1,13875.76,13875.76
TXN111338,2025-08-06,CUST0141,North,Beauty,1,504.3,504.3
TXN108850,2025-08-06,CUST0572,North,Electronics,1,10643.24,10643.24
TXN101587,2025-08-06,CUST0279,North,Apparel,1,3310.99,3310.99
TXN109218,2025-08-06,CUST0170,South,Apparel,2,2007.19,4014.38
TXN111930,2025-08-06,CUST0736,North,Electronics,1,53277.32,53277.32
TXN114242,2025-08-06,CUST0258,South,Apparel,1,3691.56,3691.56
TXN101967,2025-08-07,CUST0524,North,Apparel,1,1638.09,1638.09
TXN104597,2025-08-07,CUST0676,East,Home & Living,1,11615.96,11615.96
TXN104104,2025-08-07,CUST0736,North,Apparel,1,3294.23,3294.23
TXN109399,2025-08-07,CUST0454,North,Grocery,1,804.48,804.48
TXN112129,2025-08-07,CUST0179,South,Apparel,1,4175.15,4175.15
TXN111664,2025-08-07,CUST0468,South,Beauty,1,2174.0,2174.0
TXN108143,2025-08-07,CUST0535,Central,Beauty,1,2836.44,2836.44
TXN113880,2025-08-07,CUST0484,North,Home & Living,2,6989.99,13979.99
TXN109781,2025-08-07,CUST0595,South,Grocery,1,728.35,728.35
TXN108834,2025-08-07,CUST0730,East,Apparel,2,1466.61,2933.23
TXN113953,2025-08-07,CUST0053,North,Home & Living,1,6660.43,6660.43
TXN112751,2025-08-07,CUST0371,East,Apparel,1,693.98,693.98
TXN102149,2025-08-07,CUST0713,Central,Grocery,1,791.57,791.57
TXN111042,2025-08-07,CUST0603,North,Electronics,1,2181.14,2181.14
TXN103736,2025-08-08,CUST0265,South,Grocery,1,850.85,850.85
TXN112998,2025-08-08,CUST0319,North,Apparel,2,3009.3,6018.6
TXN111933,2025-08-08,CUST0245,Central,Apparel,1,676.88,676.88
TXN112507,2025-08-08,CUST0204,West,Grocery,1,239.3,239.3
TXN106890,2025-08-08,CUST0647,West,Home & Living,1,3177.18,3177.18
TXN105054,2025-08-08,CUST0198,North,Electronics,1,16661.68,16661.68
TXN109762,2025-08-08,CUST0596,West,Electronics,1,29757.54,29757.54
TXN106832,2025-08-08,CUST0054,Central,Apparel,2,7102.2,14204.4
TXN112420,2025-08-08,CUST0656,Central,Home & Living,1,2960.07,2960.07
TXN101597,2025-08-08,CUST0706,South,Apparel,1,7952.49,7952.49
TXN107810,2025-08-08,CUST0133,Central,Apparel,2,2573.31,5146.62
TXN109236,2025-08-08,CUST0464,South,Apparel,1,3638.79,3638.79
TXN107134,2025-08-08,CUST0309,West,Grocery,2,309.87,619.73
TXN103391,2025-08-09,CUST0463,South,Home & Living,1,3622.6,3622.6
TXN103727,2025-08-09,CUST0129,East,Electronics,1,19769.52,19769.52
TXN107228,2025-08-09,CUST0314,East,Apparel,1,2075.19,2075.19
TXN113482,2025-08-09,CUST0307,South,Grocery,1,180.02,180.02
TXN104718,2025-08-09,CUST0510,West,Electronics,1,35719.04,35719.04
TXN110018,2025-08-09,CUST0738,West,Beauty,1,392.69,392.69
TXN106294,2025-08-09,CUST0398,Central,Grocery,3,552.85,1658.56
TXN102404,2025-08-09,CUST0123,Central,Home & Living,1,3040.02,3040.02
TXN107345,2025-08-09,CUST0693,North,Beauty,1,1395.86,1395.86
TXN108948,2025-08-09,CUST0242,West,Beauty,1,415.89,415.89
TXN100168,2025-08-09,CUST0301,North,Electronics,1,5121.9,5121.9
TXN113490,2025-08-09,CUST0189,North,Home & Living,1,3272.34,3272.34
TXN102057,2025-08-09,CUST0412,South,Apparel,1,3728.8,3728.8
TXN112721,2025-08-09,CUST0019,North,Apparel,2,788.41,1576.82
TXN109542,2025-08-09,CUST0183,North,Apparel,1,4269.71,4269.71
TXN104445,2025-08-09,CUST0597,South,Home & Living,1,3994.68,3994.68
TXN108864,2025-08-09,CUST0136,North,Electronics,1,25439.96,25439.96
TXN107046,2025-08-09,CUST0360,North,Electronics,1,32730.15,32730.15
TXN107021,2025-08-09,CUST0151,East,Grocery,1,1936.67,1936.67
TXN107554,2025-08-10,CUST0141,North,Apparel,1,1183.37,1183.37
TXN114119,2025-08-10,CUST0578,East,Home & Living,1,9249.83,9249.83
TXN105871,2025-08-10,CUST0035,South,Grocery,1,1652.65,1652.65
TXN110158,2025-08-10,CUST0732,East,Beauty,1,1894.03,1894.03
TXN106178,2025-08-10,CUST0721,North,Electronics,1,19679.56,19679.56
TXN100633,2025-08-10,CUST0684,North,Electronics,1,35263.17,35263.17
TXN101350,2025-08-10,CUST0662,East,Apparel,1,4656.79,4656.79
TXN112936,2025-08-10,CUST0486,East,Grocery,1,590.43,590.43
TXN111873,2025-08-10,CUST0265,South,Home & Living,1,3772.53,3772.53
TXN111474,2025-08-10,CUST0764,North,Apparel,1,3634.57,3634.57
TXN101984,2025-08-10,CUST0327,North,Grocery,1,927.84,927.84
TXN113177,2025-08-10,CUST0013,North,Beauty,2,1929.08,3858.16
TXN105929,2025-08-10,CUST0212,Central,Apparel,1,4246.94,4246.94
TXN106478,2025-08-10,CUST0295,North,Beauty,1,1268.04,1268.04
TXN102335,2025-08-10,CUST0442,West,Grocery,1,1636.17,1636.17
TXN104238,2025-08-10,CUST0482,West,Electronics,1,7870.14,7870.14
TXN112470,2025-08-10,CUST0442,West,Grocery,1,525.48,525.48
TXN114181,2025-08-10,CUST0534,Central,Home & Living,2,6783.9,13567.79
TXN110319,2025-08-10,CUST0676,East,Grocery,2,1514.63,3029.26
TXN100660,2025-08-10,CUST0614,North,Apparel,1,1888.45,1888.45
TXN113970,2025-08-10,CUST0705,South,Apparel,1,900.18,900.18
TXN103765,2025-08-10,CUST0796,East,Electronics,1,39075.37,39075.37
TXN114164,2025-08-10,CUST0116,South,Grocery,1,797.01,797.01
TXN101396,2025-08-10,CUST0133,Central,Home & Living,1,1100.95,1100.95
TXN110370,2025-08-11,CUST0080,North,Grocery,1,559.59,559.59
TXN102700,2025-08-11,CUST0068,North,Grocery,2,225.33,450.66
TXN100123,2025-08-11,CUST0087,East,Apparel,1,3923.3,3923.3
TXN114291,2025-08-11,CUST0406,West,Electronics,1,67271.86,67271.86
TXN103168,2025-08-11,CUST0553,South,Apparel,2,1582.47,3164.93
TXN109556,2025-08-11,CUST0759,West,Electronics,1,35589.07,35589.07
TXN108868,2025-08-11,CUST0634,East,Apparel,1,2026.1,2026.1
TXN101785,2025-08-11,CUST0709,East,Grocery,1,558.52,558.52
TXN107647,2025-08-11,CUST0367,West,Beauty,1,5216.0,5216.0
TXN104392,2025-08-11,CUST0374,North,Apparel,1,2745.83,2745.83
TXN100578,2025-08-11,CUST0542,South,Beauty,1,349.68,349.68
TXN112007,2025-08-11,CUST0535,Central,Beauty,1,1051.53,1051.53
TXN105659,2025-08-11,CUST0364,West,Beauty,1,818.11,818.11
TXN106090,2025-08-11,CUST0058,South,Apparel,1,1869.15,1869.15
TXN104282,2025-08-11,CUST0282,North,Apparel,2,2165.72,4331.43
TXN102605,2025-08-11,CUST0390,West,Apparel,1,1417.18,1417.18
TXN114402,2025-08-11,CUST0385,North,Apparel,1,1585.45,1585.45
TXN107495,2025-08-11,CUST0703,North,Beauty,1,650.73,650.73
TXN111201,2025-08-11,CUST0051,North,Home & Living,1,10306.52,10306.52
TXN106266,2025-08-12,CUST0162,East,Home & Living,1,2360.78,2360.78
TXN106379,2025-08-12,CUST0555,South,Grocery,1,1004.9,1004.9
TXN106425,2025-08-12,CUST0326,East,Apparel,1,3490.64,3490.64
TXN100803,2025-08-12,CUST0249,West,Electronics,1,11618.26,11618.26
TXN104438,2025-08-12,CUST0109,North,Grocery,1,169.62,169.62
TXN104142,2025-08-12,CUST0668,South,Apparel,1,1112.11,1112.11
TXN109978,2025-08-12,CUST0533,North,Grocery,2,881.28,1762.56
TXN108147,2025-08-12,CUST0248,North,Grocery,1,1878.69,1878.69
TXN112072,2025-08-12,CUST0075,North,Grocery,1,186.11,186.11
TXN113622,2025-08-12,CUST0797,North,Grocery,2,1883.57,3767.14
TXN113841,2025-08-12,CUST0133,Central,Apparel,1,2400.26,2400.26
TXN101522,2025-08-12,CUST0053,North,Grocery,1,170.18,170.18
TXN112371,2025-08-12,CUST0442,West,Apparel,1,6788.57,6788.57
TXN103374,2025-08-12,CUST0205,West,Grocery,1,116.21,116.21
TXN103281,2025-08-13,CUST0384,Central,Apparel,1,1486.78,1486.78
TXN112048,2025-08-13,CUST0418,West,Grocery,1,192.13,192.13
TXN105400,2025-08-13,CUST0035,South,Home & Living,3,3576.89,10730.66
TXN107939,2025-08-13,CUST0475,South,Apparel,2,1974.18,3948.36
TXN113812,2025-08-13,CUST0712,West,Beauty,1,1480.95,1480.95
TXN110260,2025-08-13,CUST0733,West,Grocery,1,992.44,992.44
TXN112675,2025-08-13,CUST0172,Central,Electronics,1,12924.08,12924.08
TXN110073,2025-08-13,CUST0728,South,Grocery,1,424.06,424.06
TXN114584,2025-08-13,CUST0119,West,Grocery,1,1710.5,1710.5
TXN113767,2025-08-13,CUST0367,West,Apparel,1,3263.6,3263.6
TXN107636,2025-08-13,CUST0015,West,Electronics,1,26221.79,26221.79
TXN106473,2025-08-13,CUST0536,East,Home & Living,1,3349.61,3349.61
TXN105749,2025-08-13,CUST0757,East,Apparel,1,2634.06,2634.06
TXN114521,2025-08-13,CUST0533,North,Apparel,1,3109.86,3109.86
TXN109253,2025-08-14,CUST0631,South,Grocery,2,383.73,767.45
TXN103923,2025-08-14,CUST0373,East,Home & Living,1,4418.92,4418.92
TXN114515,2025-08-14,CUST0712,West,Beauty,3,2044.44,6133.31
TXN113447,2025-08-14,CUST0365,North,Apparel,1,2925.61,2925.61
TXN103732,2025-08-14,CUST0073,East,Beauty,1,1644.54,1644.54
TXN104862,2025-08-14,CUST0763,West,Beauty,1,1233.83,1233.83
TXN109245,2025-08-14,CUST0685,South,Apparel,1,1186.18,1186.18
TXN100361,2025-08-14,CUST0330,North,Apparel,1,2457.16,2457.16
TXN113982,2025-08-14,CUST0175,North,Home & Living,2,2424.15,4848.29
TXN108237,2025-08-14,CUST0200,South,Electronics,1,43530.33,43530.33
TXN101658,2025-08-14,CUST0314,East,Electronics,1,40135.38,40135.38
TXN112230,2025-08-14,CUST0322,Central,Electronics,1,28690.74,28690.74
TXN102481,2025-08-14,CUST0193,North,Grocery,1,2003.39,2003.39
TXN113526,2025-08-14,CUST0507,West,Grocery,1,2049.59,2049.59
TXN101833,2025-08-14,CUST0362,North,Beauty,1,1050.42,1050.42
TXN103451,2025-08-14,CUST0644,South,Home & Living,2,5000.97,10001.94
TXN114279,2025-08-14,CUST0187,West,Grocery,1,509.65,509.65
TXN113424,2025-08-15,CUST0085,West,Electronics,1,6535.54,6535.54
TXN110523,2025-08-15,CUST0785,Central,Grocery,1,725.15,725.15
TXN114485,2025-08-15,CUST0672,West,Beauty,1,620.83,620.83
TXN107223,2025-08-15,CUST0058,South,Electronics,2,5314.6,10629.19
TXN111884,2025-08-15,CUST0618,North,Home & Living,2,3594.87,7189.74
TXN107895,2025-08-15,CUST0379,West,Apparel,1,1053.9,1053.9
TXN105334,2025-08-15,CUST0761,South,Grocery,2,108.02,216.03
TXN105063,2025-08-15,CUST0584,North,Electronics,1,12388.13,12388.13
TXN103128,2025-08-15,CUST0582,South,Electronics,1,66784.97,66784.97
TXN113239,2025-08-15,CUST0268,North,Grocery,1,860.51,860.51
TXN114578,2025-08-15,CUST0454,North,Grocery,1,579.7,579.7
TXN101743,2025-08-15,CUST0132,West,Grocery,1,572.52,572.52
TXN102669,2025-08-15,CUST0756,North,Beauty,1,2881.74,2881.74
TXN114102,2025-08-15,CUST0329,South,Electronics,1,25205.68,25205.68
TXN106777,2025-08-15,CUST0190,West,Electronics,1,28834.71,28834.71
TXN101596,2025-08-16,CUST0757,East,Home & Living,1,2834.67,2834.67
TXN107494,2025-08-16,CUST0413,North,Grocery,1,798.87,798.87
TXN105625,2025-08-16,CUST0783,East,Grocery,2,359.95,719.89
TXN105123,2025-08-16,CUST0350,West,Home & Living,1,6097.97,6097.97
TXN101736,2025-08-16,CUST0731,South,Grocery,1,265.68,265.68
TXN111211,2025-08-16,CUST0474,North,Apparel,1,1241.65,1241.65
TXN103633,2025-08-16,CUST0331,West,Home & Living,1,776.77,776.77
TXN101289,2025-08-16,CUST0672,West,Apparel,1,6041.32,6041.32
TXN114156,2025-08-16,CUST0523,West,Electronics,1,32846.95,32846.95
TXN105524,2025-08-16,CUST0330,North,Electronics,1,2697.81,2697.81
TXN112844,2025-08-16,CUST0275,Central,Beauty,1,940.34,940.34
TXN106104,2025-08-16,CUST0044,Central,Grocery,2,1172.01,2344.02
TXN112956,2025-08-16,CUST0404,South,Electronics,1,37322.36,37322.36
TXN108628,2025-08-16,CUST0162,East,Beauty,1,1215.82,1215.82
TXN101167,2025-08-16,CUST0199,Central,Electronics,1,33929.1,33929.1
TXN105981,2025-08-16,CUST0316,East,Apparel,1,1624.66,1624.66
TXN105866,2025-08-16,CUST0672,West,Grocery,1,1042.09,1042.09
TXN102797,2025-08-16,CUST0064,South,Home & Living,1,3316.39,3316.39
TXN109660,2025-08-16,CUST0225,Central,Beauty,1,242.99,242.99
TXN103921,2025-08-17,CUST0465,North,Home & Living,1,11688.06,11688.06
TXN109947,2025-08-17,CUST0759,West,Electronics,1,46059.09,46059.09
TXN101905,2025-08-17,CUST0494,West,Electronics,1,23985.49,23985.49
TXN104383,2025-08-17,CUST0039,East,Grocery,1,577.48,577.48
TXN113316,2025-08-17,CUST0617,North,Apparel,1,1904.13,1904.13
TXN110952,2025-08-17,CUST0237,South,Apparel,1,1605.57,1605.57
TXN113768,2025-08-17,CUST0003,East,Grocery,1,89.22,89.22
TXN108305,2025-08-17,CUST0314,East,Apparel,1,2827.14,2827.14
TXN106790,2025-08-17,CUST0484,North,Home & Living,1,2143.34,2143.34
TXN107742,2025-08-17,CUST0677,West,Electronics,2,5653.54,11307.08
TXN110828,2025-08-17,CUST0220,North,Beauty,1,2794.71,2794.71
TXN100530,2025-08-17,CUST0136,North,Electronics,1,24435.25,24435.25
TXN109276,2025-08-17,CUST0367,West,Apparel,1,4817.7,4817.7
TXN114323,2025-08-17,CUST0346,West,Home & Living,1,7154.2,7154.2
TXN109972,2025-08-17,CUST0073,East,Grocery,1,128.43,128.43
TXN106520,2025-08-17,CUST0238,West,Grocery,2,801.51,1603.01
TXN107951,2025-08-17,CUST0760,Central,Home & Living,1,5840.78,5840.78
TXN102685,2025-08-17,CUST0476,North,Electronics,1,41465.91,41465.91
TXN100634,2025-08-18,CUST0524,North,Grocery,2,593.19,1186.37
TXN101427,2025-08-18,CUST0507,West,Apparel,1,4443.21,4443.21
TXN105342,2025-08-18,CUST0530,South,Electronics,1,9928.65,9928.65
TXN108687,2025-08-18,CUST0083,North,Apparel,1,1275.75,1275.75
TXN106859,2025-08-18,CUST0262,Central,Grocery,1,1523.44,1523.44
TXN111164,2025-08-18,CUST0600,West,Beauty,1,1600.07,1600.07
TXN103205,2025-08-18,CUST0441,West,Electronics,1,1816.65,1816.65
TXN106150,2025-08-18,CUST0134,East,Apparel,1,2263.51,2263.51
TXN103690,2025-08-18,CUST0230,West,Apparel,1,958.6,958.6
TXN105854,2025-08-18,CUST0702,South,Grocery,1,220.25,220.25
TXN112325,2025-08-18,CUST0155,South,Beauty,1,423.56,423.56
TXN108284,2025-08-18,CUST0049,East,Beauty,1,761.25,761.25
TXN113930,2025-08-18,CUST0073,East,Electronics,1,23673.46,23673.46
TXN105733,2025-08-18,CUST0416,North,Grocery,1,273.82,273.82
TXN109643,2025-08-18,CUST0348,East,Grocery,2,446.93,893.86
TXN102154,2025-08-19,CUST0223,Central,Apparel,1,505.61,505.61
TXN100785,2025-08-19,CUST0470,South,Apparel,1,1931.13,1931.13
TXN101199,2025-08-19,CUST0159,North,Home & Living,1,3456.37,3456.37
TXN113032,2025-08-19,CUST0159,North,Grocery,1,80.31,80.31
TXN113894,2025-08-19,CUST0314,East,Grocery,1,1606.58,1606.58
TXN105919,2025-08-19,CUST0051,North,Apparel,1,4968.2,4968.2
TXN103955,2025-08-19,CUST0555,South,Home & Living,1,13559.29,13559.29
TXN107198,2025-08-19,CUST0108,South,Home & Living,1,6253.54,6253.54
TXN113901,2025-08-19,CUST0537,North,Beauty,1,2740.38,2740.38
TXN110238,2025-08-19,CUST0078,East,Electronics,1,8298.92,8298.92
TXN109620,2025-08-19,CUST0054,Central,Grocery,1,1520.15,1520.15
TXN103356,2025-08-19,CUST0281,West,Apparel,1,5372.15,5372.15
TXN101752,2025-08-19,CUST0730,East,Home & Living,1,2867.15,2867.15
TXN107417,2025-08-19,CUST0649,Central,Home & Living,1,6095.19,6095.19
TXN113588,2025-08-19,CUST0181,South,Grocery,1,779.64,779.64
TXN108233,2025-08-19,CUST0798,North,Beauty,1,533.22,533.22
TXN106570,2025-08-19,CUST0653,West,Home & Living,1,3376.24,3376.24
TXN104999,2025-08-19,CUST0469,East,Home & Living,1,3402.16,3402.16
TXN104400,2025-08-19,CUST0511,North,Beauty,2,2830.71,5661.41
TXN113295,2025-08-20,CUST0056,North,Beauty,1,2982.41,2982.41
TXN112265,2025-08-20,CUST0526,South,Electronics,1,19459.01,19459.01
TXN111431,2025-08-20,CUST0284,West,Electronics,2,8035.09,16070.17
TXN114123,2025-08-20,CUST0057,North,Beauty,1,905.42,905.42
TXN102768,2025-08-20,CUST0138,Central,Home & Living,1,6208.98,6208.98
TXN103264,2025-08-20,CUST0250,North,Electronics,1,36575.25,36575.25
TXN111226,2025-08-20,CUST0604,West,Beauty,1,1607.2,1607.2
TXN111253,2025-08-20,CUST0425,South,Apparel,1,2962.01,2962.01
TXN101081,2025-08-20,CUST0672,West,Electronics,2,35723.15,71446.31
TXN110566,2025-08-20,CUST0689,South,Home & Living,2,7312.26,14624.52
TXN101627,2025-08-20,CUST0280,Central,Apparel,1,2615.18,2615.18
TXN113427,2025-08-20,CUST0514,West,Electronics,1,17706.82,17706.82
TXN111638,2025-08-20,CUST0786,North,Home & Living,1,5596.14,5596.14
TXN104547,2025-08-20,CUST0396,West,Electronics,3,55568.65,166705.94
TXN113599,2025-08-20,CUST0439,Central,Home & Living,1,863.81,863.81
TXN101089,2025-08-20,CUST0325,East,Apparel,1,2368.62,2368.62
TXN108078,2025-08-20,CUST0409,North,Electronics,2,34031.46,68062.92
TXN101888,2025-08-20,CUST0030,South,Apparel,1,1002.43,1002.43
TXN109005,2025-08-20,CUST0177,East,Beauty,1,423.2,423.2
TXN103463,2025-08-20,CUST0261,West,Beauty,1,519.89,519.89
TXN104767,2025-08-20,CUST0138,Central,Home & Living,1,2102.0,2102.0
TXN114254,2025-08-20,CUST0192,West,Electronics,1,21409.04,21409.04
TXN102861,2025-08-20,CUST0418,West,Apparel,3,816.2,2448.61
TXN110596,2025-08-20,CUST0644,South,Apparel,1,1295.97,1295.97
TXN110448,2025-08-20,CUST0646,North,Beauty,2,2923.59,5847.19
TXN110837,2025-08-21,CUST0263,West,Apparel,1,1661.2,1661.2
TXN101103,2025-08-21,CUST0013,North,Electronics,1,28993.27,28993.27
TXN104106,2025-08-21,CUST0721,North,Electronics,1,68635.11,68635.11
TXN105167,2025-08-21,CUST0193,North,Electronics,2,13224.82,26449.65
TXN107620,2025-08-21,CUST0077,West,Electronics,1,36732.24,36732.24
TXN103020,2025-08-21,CUST0686,South,Home & Living,1,1713.67,1713.67
TXN113277,2025-08-21,CUST0749,North,Apparel,1,2574.59,2574.59
TXN107538,2025-08-21,CUST0391,North,Apparel,1,4630.47,4630.47
TXN108627,2025-08-21,CUST0628,Central,Grocery,1,782.51,782.51
TXN100804,2025-08-21,CUST0532,West,Beauty,2,451.9,903.81
TXN113154,2025-08-21,CUST0359,West,Grocery,3,892.14,2676.42
TXN102835,2025-08-21,CUST0229,South,Home & Living,1,5950.3,5950.3
TXN109690,2025-08-21,CUST0472,West,Electronics,1,18922.69,18922.69
TXN107226,2025-08-21,CUST0513,East,Beauty,1,1587.82,1587.82
TXN105104,2025-08-21,CUST0374,North,Grocery,2,613.6,1227.2
TXN106012,2025-08-21,CUST0725,South,Grocery,1,477.18,477.18
TXN110486,2025-08-21,CUST0499,East,Grocery,1,1651.6,1651.6
TXN102014,2025-08-21,CUST0292,East,Home & Living,1,4502.15,4502.15
TXN108187,2025-08-21,CUST0179,South,Grocery,3,1542.09,4626.27
TXN105244,2025-08-21,CUST0732,East,Apparel,1,3375.39,3375.39
TXN102974,2025-08-21,CUST0597,South,Grocery,1,77.02,77.02
TXN105548,2025-08-21,CUST0362,North,Apparel,1,3705.64,3705.64
TXN103538,2025-08-21,CUST0535,Central,Grocery,1,117.89,117.89
TXN103242,2025-08-21,CUST0278,East,Home & Living,1,1364.78,1364.78
TXN106255,2025-08-21,CUST0343,East,Home & Living,2,1376.34,2752.67
TXN114370,2025-08-21,CUST0712,West,Apparel,2,3614.41,7228.83
TXN105078,2025-08-22,CUST0447,North,Apparel,1,5580.85,5580.85
TXN107732,2025-08-22,CUST0360,North,Apparel,3,2927.44,8782.33
TXN106290,2025-08-22,CUST0125,South,Grocery,1,574.19,574.19
TXN113302,2025-08-22,CUST0064,South,Apparel,1,1423.44,1423.44
TXN103216,2025-08-22,CUST0732,East,Beauty,1,1326.1,1326.1
TXN106903,2025-08-22,CUST0783,East,Apparel,1,1163.94,1163.94
TXN103945,2025-08-22,CUST0062,South,Grocery,2,745.36,1490.72
TXN113904,2025-08-22,CUST0521,North,Grocery,1,108.28,108.28
TXN114535,2025-08-22,CUST0389,South,Home & Living,1,5894.95,5894.95
TXN102246,2025-08-22,CUST0781,North,Apparel,1,2405.57,2405.57
TXN114162,2025-08-22,CUST0446,East,Electronics,1,37087.59,37087.59
TXN100638,2025-08-22,CUST0067,North,Electronics,2,20509.97,41019.93
TXN114763,2025-08-22,CUST0300,South,Electronics,1,10515.91,10515.91
TXN100999,2025-08-22,CUST0114,South,Beauty,2,1258.07,2516.13
TXN102804,2025-08-23,CUST0796,East,Grocery,1,2003.17,2003.17
TXN110680,2025-08-23,CUST0396,West,Home & Living,1,4685.79,4685.79
TXN100712,2025-08-23,CUST0400,North,Apparel,1,476.84,476.84
TXN112384,2025-08-23,CUST0771,East,Grocery,1,265.39,265.39
TXN113391,2025-08-23,CUST0467,South,Electronics,1,30311.34,30311.34
TXN107096,2025-08-23,CUST0774,West,Grocery,1,263.44,263.44
TXN111354,2025-08-23,CUST0342,South,Beauty,1,1475.37,1475.37
TXN102585,2025-08-23,CUST0500,West,Home & Living,1,6860.53,6860.53
TXN105234,2025-08-23,CUST0726,North,Grocery,1,1191.33,1191.33
TXN102191,2025-08-23,CUST0055,North,Electronics,1,26729.41,26729.41
TXN108650,2025-08-23,CUST0546,South,Apparel,3,1110.32,3330.95
TXN102053,2025-08-23,CUST0141,North,Apparel,1,1753.76,1753.76
TXN105983,2025-08-23,CUST0104,East,Grocery,1,673.82,673.82
TXN111921,2025-08-23,CUST0199,Central,Electronics,3,69562.87,208688.62
TXN112108,2025-08-23,CUST0786,North,Home & Living,2,6522.71,13045.43
TXN114313,2025-08-23,CUST0089,North,Apparel,1,4034.33,4034.33
TXN102776,2025-08-23,CUST0306,North,Apparel,1,3328.32,3328.32
TXN105523,2025-08-24,CUST0709,East,Apparel,1,1767.96,1767.96
TXN103643,2025-08-24,CUST0732,East,Apparel,3,845.46,2536.37
TXN111948,2025-08-24,CUST0688,West,Beauty,1,1753.77,1753.77
TXN110157,2025-08-24,CUST0674,South,Grocery,1,747.27,747.27
TXN106079,2025-08-24,CUST0047,North,Grocery,1,136.09,136.09
TXN105398,2025-08-24,CUST0274,North,Apparel,1,5485.65,5485.65
TXN108692,2025-08-24,CUST0253,Central,Home & Living,2,4845.24,9690.47
TXN108088,2025-08-24,CUST0306,North,Home & Living,1,12276.48,12276.48
TXN110234,2025-08-24,CUST0430,South,Home & Living,1,3671.82,3671.82
TXN101730,2025-08-24,CUST0492,North,Electronics,1,7004.07,7004.07
TXN105110,2025-08-24,CUST0083,North,Home & Living,1,2059.46,2059.46
TXN101839,2025-08-24,CUST0749,North,Electronics,1,11955.39,11955.39
TXN101747,2025-08-24,CUST0171,East,Electronics,1,37161.52,37161.52
TXN100941,2025-08-24,CUST0606,South,Grocery,1,314.52,314.52
TXN110667,2025-08-24,CUST0287,East,Grocery,1,490.36,490.36
TXN113752,2025-08-24,CUST0509,South,Grocery,1,558.03,558.03
TXN106573,2025-08-24,CUST0242,West,Electronics,1,5220.64,5220.64
TXN108205,2025-08-24,CUST0627,North,Grocery,1,236.42,236.42
TXN109307,2025-08-24,CUST0335,West,Home & Living,1,819.02,819.02
TXN106285,2025-08-24,CUST0659,North,Electronics,1,32988.46,32988.46
TXN100870,2025-08-24,CUST0191,West,Apparel,2,409.71,819.43
TXN107562,2025-08-24,CUST0610,West,Apparel,2,2026.3,4052.6
TXN110297,2025-08-24,CUST0720,Central,Beauty,2,273.25,546.5
TXN104825,2025-08-24,CUST0132,West,Apparel,1,1628.72,1628.72
TXN104891,2025-08-25,CUST0243,South,Home & Living,1,4294.07,4294.07
TXN110649,2025-08-25,CUST0781,North,Home & Living,1,3298.08,3298.08
TXN102177,2025-08-25,CUST0455,West,Apparel,1,2956.85,2956.85
TXN108960,2025-08-25,CUST0101,North,Apparel,1,2616.12,2616.12
TXN113070,2025-08-25,CUST0404,South,Grocery,1,953.37,953.37
TXN110583,2025-08-25,CUST0334,North,Apparel,2,1377.81,2755.62
TXN100485,2025-08-25,CUST0403,North,Grocery,1,204.63,204.63
TXN114428,2025-08-25,CUST0206,East,Home & Living,1,2565.97,2565.97
TXN100788,2025-08-25,CUST0552,East,Beauty,1,2727.94,2727.94
TXN105761,2025-08-25,CUST0368,East,Electronics,1,45141.35,45141.35
TXN113837,2025-08-25,CUST0034,North,Grocery,1,1796.39,1796.39
TXN101722,2025-08-25,CUST0607,West,Electronics,2,9040.16,18080.31
TXN107785,2025-08-25,CUST0706,South,Apparel,3,7708.02,23124.05
TXN105574,2025-08-25,CUST0082,East,Apparel,1,714.77,714.77
TXN110145,2025-08-25,CUST0139,North,Apparel,1,2460.84,2460.84
TXN111134,2025-08-25,CUST0212,Central,Grocery,1,190.88,190.88
TXN109008,2025-08-25,CUST0586,South,Electronics,1,13237.55,13237.55
TXN102307,2025-08-25,CUST0248,North,Home & Living,1,1870.88,1870.88
TXN105157,2025-08-25,CUST0462,West,Grocery,1,634.39,634.39
TXN101960,2025-08-25,CUST0247,North,Home & Living,1,4309.64,4309.64
TXN112130,2025-08-25,CUST0269,South,Grocery,1,295.87,295.87
TXN109491,2025-08-25,CUST0632,East,Electronics,2,44407.54,88815.09
TXN114115,2025-08-25,CUST0711,West,Apparel,1,3869.06,3869.06
TXN112440,2025-08-25,CUST0024,South,Beauty,1,1604.93,1604.93
TXN106743,2025-08-25,CUST0383,East,Beauty,2,2572.33,5144.66
TXN106003,2025-08-25,CUST0726,North,Apparel,3,1144.82,3434.47
TXN101559,2025-08-25,CUST0241,East,Electronics,2,22310.98,44621.96
TXN100647,2025-08-25,CUST0666,North,Electronics,1,3848.77,3848.77
TXN101940,2025-08-25,CUST0179,South,Apparel,1,7375.88,7375.88
TXN110816,2025-08-26,CUST0094,South,Grocery,1,911.01,911.01
TXN106071,2025-08-26,CUST0452,South,Apparel,1,1135.02,1135.02
TXN106230,2025-08-26,CUST0169,East,Beauty,2,1703.54,3407.08
TXN101288,2025-08-26,CUST0647,West,Grocery,1,631.5,631.5
TXN107333,2025-08-26,CUST0524,North,Home & Living,1,6089.91,6089.91
TXN108991,2025-08-26,CUST0498,North,Electronics,2,29078.99,58157.99
TXN109405,2025-08-26,CUST0763,West,Electronics,1,13774.05,13774.05
TXN106550,2025-08-26,CUST0431,Central,Grocery,1,831.02,831.02
TXN110200,2025-08-26,CUST0149,West,Apparel,1,1059.61,1059.61
TXN110239,2025-08-26,CUST0143,East,Electronics,1,26523.57,26523.57
TXN104187,2025-08-26,CUST0656,Central,Apparel,1,1992.27,1992.27
TXN100750,2025-08-26,CUST0504,East,Grocery,1,1182.54,1182.54
TXN103716,2025-08-26,CUST0229,South,Home & Living,3,5557.59,16672.76
TXN108736,2025-08-26,CUST0204,West,Apparel,3,5464.52,16393.55
TXN111586,2025-08-26,CUST0195,South,Grocery,1,127.14,127.14
TXN100969,2025-08-26,CUST0749,North,Beauty,1,4380.55,4380.55
TXN103606,2025-08-27,CUST0639,North,Apparel,2,1382.91,2765.82
TXN101325,2025-08-27,CUST0725,South,Apparel,1,4313.98,4313.98
TXN105907,2025-08-27,CUST0261,West,Grocery,2,534.01,1068.01
TXN109575,2025-08-27,CUST0447,North,Grocery,1,1415.87,1415.87
TXN109966,2025-08-27,CUST0003,East,Apparel,1,2300.04,2300.04
TXN113957,2025-08-27,CUST0721,North,Home & Living,1,4446.76,4446.76
TXN105114,2025-08-27,CUST0686,South,Grocery,1,641.22,641.22
TXN110491,2025-08-27,CUST0199,Central,Beauty,1,2399.06,2399.06
TXN100094,2025-08-27,CUST0292,East,Electronics,2,30439.01,60878.02
TXN110256,2025-08-27,CUST0428,North,Home & Living,1,7298.28,7298.28
TXN102255,2025-08-27,CUST0064,South,Apparel,1,2945.53,2945.53
TXN100092,2025-08-27,CUST0322,Central,Grocery,1,173.34,173.34
TXN103976,2025-08-27,CUST0513,East,Beauty,1,864.49,864.49
TXN104191,2025-08-27,CUST0521,North,Electronics,1,25736.95,25736.95
TXN100994,2025-08-27,CUST0119,West,Home & Living,1,11333.78,11333.78
TXN104195,2025-08-27,CUST0632,East,Electronics,1,56806.45,56806.45
TXN103563,2025-08-27,CUST0383,East,Home & Living,1,808.34,808.34
TXN104496,2025-08-27,CUST0046,South,Grocery,1,1074.46,1074.46
TXN101673,2025-08-27,CUST0432,North,Apparel,2,1473.82,2947.65
TXN110078,2025-08-27,CUST0431,Central,Electronics,1,14471.69,14471.69
TXN107071,2025-08-27,CUST0116,South,Apparel,2,7353.06,14706.13
TXN114345,2025-08-27,CUST0442,West,Grocery,1,1518.1,1518.1
TXN112202,2025-08-27,CUST0778,East,Apparel,1,3742.07,3742.07
TXN113975,2025-08-27,CUST0465,North,Grocery,1,600.79,600.79
TXN107133,2025-08-27,CUST0368,East,Apparel,1,7229.64,7229.64
TXN100655,2025-08-27,CUST0462,West,Home & Living,1,6576.09,6576.09
TXN108100,2025-08-28,CUST0617,North,Home & Living,1,5320.28,5320.28
TXN112500,2025-08-28,CUST0546,South,Grocery,1,707.46,707.46
TXN111544,2025-08-28,CUST0094,South,Grocery,1,879.16,879.16
TXN104540,2025-08-28,CUST0382,South,Electronics,1,43153.89,43153.89
TXN100793,2025-08-28,CUST0119,West,Grocery,1,2074.53,2074.53
TXN107347,2025-08-28,CUST0749,North,Apparel,1,3159.86,3159.86
TXN102565,2025-08-28,CUST0313,North,Home & Living,1,2951.39,2951.39
TXN106794,2025-08-28,CUST0625,Central,Apparel,1,2603.77,2603.77
TXN107116,2025-08-28,CUST0422,North,Electronics,1,8767.77,8767.77
TXN100968,2025-08-28,CUST0641,Central,Beauty,2,1681.12,3362.24
TXN110814,2025-08-28,CUST0119,West,Apparel,1,6475.52,6475.52
TXN106190,2025-08-28,CUST0444,West,Apparel,1,967.27,967.27
TXN114305,2025-08-28,CUST0113,East,Home & Living,1,2395.0,2395.0
TXN112886,2025-08-28,CUST0035,South,Beauty,1,2786.92,2786.92
TXN101563,2025-08-28,CUST0406,West,Grocery,2,452.07,904.13
TXN106900,2025-08-28,CUST0347,West,Electronics,1,12247.37,12247.37
TXN111709,2025-08-28,CUST0413,North,Apparel,2,5849.49,11698.98
TXN101100,2025-08-29,CUST0419,East,Beauty,1,2060.08,2060.08
TXN108582,2025-08-29,CUST0312,North,Beauty,1,1241.14,1241.14
TXN103430,2025-08-29,CUST0245,Central,Apparel,1,2164.13,2164.13
TXN113126,2025-08-29,CUST0467,South,Apparel,1,2311.42,2311.42
TXN114377,2025-08-29,CUST0671,East,Home & Living,1,2752.83,2752.83
TXN104306,2025-08-29,CUST0365,North,Grocery,1,440.65,440.65
TXN105644,2025-08-29,CUST0232,East,Electronics,3,9803.77,29411.32
TXN101628,2025-08-29,CUST0089,North,Grocery,1,216.46,216.46
TXN114080,2025-08-29,CUST0657,West,Apparel,1,2642.83,2642.83
TXN113831,2025-08-29,CUST0788,South,Grocery,1,94.31,94.31
TXN114782,2025-08-29,CUST0423,South,Electronics,1,6321.92,6321.92
TXN103618,2025-08-29,CUST0192,West,Apparel,2,6299.71,12599.41
TXN106879,2025-08-29,CUST0768,North,Home & Living,1,1478.96,1478.96
TXN105656,2025-08-29,CUST0044,Central,Apparel,1,5388.54,5388.54
TXN103888,2025-08-29,CUST0486,East,Electronics,1,71115.71,71115.71
TXN106416,2025-08-29,CUST0385,North,Beauty,1,1888.18,1888.18
TXN106312,2025-08-29,CUST0434,North,Electronics,1,13957.89,13957.89
TXN102171,2025-08-29,CUST0725,South,Apparel,1,4120.97,4120.97
TXN109051,2025-08-29,CUST0662,East,Beauty,1,1417.67,1417.67
TXN103309,2025-08-29,CUST0442,West,Electronics,1,58957.65,58957.65
TXN111485,2025-08-29,CUST0003,East,Apparel,1,1140.25,1140.25
TXN112567,2025-08-30,CUST0700,West,Apparel,1,1232.07,1232.07
TXN103478,2025-08-30,CUST0393,South,Grocery,1,812.3,812.3
TXN105917,2025-08-30,CUST0198,North,Home & Living,1,1543.1,1543.1
TXN105367,2025-08-30,CUST0286,South,Grocery,1,578.06,578.06
TXN101609,2025-08-30,CUST0486,East,Beauty,1,399.07,399.07
TXN111283,2025-08-30,CUST0396,West,Home & Living,1,5358.84,5358.84
TXN112055,2025-08-30,CUST0783,East,Grocery,1,181.52,181.52
TXN110530,2025-08-30,CUST0489,North,Electronics,1,68220.36,68220.36
TXN100554,2025-08-30,CUST0086,North,Electronics,1,23674.47,23674.47
TXN112962,2025-08-30,CUST0383,East,Grocery,2,935.35,1870.71
TXN100728,2025-08-30,CUST0504,East,Electronics,3,35576.62,106729.87
TXN106744,2025-08-30,CUST0779,East,Grocery,2,186.26,372.52
TXN102796,2025-08-30,CUST0242,West,Beauty,1,5324.32,5324.32
TXN110315,2025-08-30,CUST0796,East,Apparel,2,6251.8,12503.6
TXN108869,2025-08-30,CUST0421,Central,Beauty,2,956.72,1913.43
TXN113276,2025-08-30,CUST0020,South,Grocery,1,632.63,632.63
TXN114595,2025-08-30,CUST0434,North,Apparel,1,2008.86,2008.86
TXN111634,2025-08-30,CUST0532,West,Apparel,3,1735.67,5207.02
TXN109378,2025-08-30,CUST0373,East,Electronics,1,6279.46,6279.46
TXN102743,2025-08-30,CUST0662,East,Apparel,1,7190.53,7190.53
TXN112284,2025-08-30,CUST0206,East,Electronics,2,3130.81,6261.63
TXN103946,2025-08-31,CUST0095,East,Apparel,1,3924.52,3924.52
TXN111371,2025-08-31,CUST0746,South,Home & Living,1,8471.45,8471.45
TXN103674,2025-08-31,CUST0384,Central,Apparel,1,4553.1,4553.1
TXN113989,2025-08-31,CUST0030,South,Grocery,1,492.97,492.97
TXN101665,2025-08-31,CUST0056,North,Apparel,1,5541.17,5541.17
TXN102054,2025-08-31,CUST0029,West,Grocery,1,237.13,237.13
TXN107823,2025-08-31,CUST0324,West,Grocery,1,813.53,813.53
TXN100975,2025-08-31,CUST0507,West,Apparel,1,5397.78,5397.78
TXN114734,2025-08-31,CUST0510,West,Apparel,1,2706.75,2706.75
TXN108859,2025-08-31,CUST0421,Central,Electronics,1,28726.84,28726.84
TXN109610,2025-08-31,CUST0119,West,Home & Living,1,9705.72,9705.72
TXN102165,2025-08-31,CUST0243,South,Electronics,3,46843.0,140528.99
TXN109119,2025-08-31,CUST0199,Central,Electronics,1,36818.43,36818.43
TXN113293,2025-08-31,CUST0628,Central,Electronics,2,28566.55,57133.1
TXN106436,2025-08-31,CUST0222,South,Home & Living,1,3227.74,3227.74
TXN112669,2025-08-31,CUST0246,East,Grocery,1,989.2,989.2
TXN106308,2025-08-31,CUST0317,North,Grocery,2,405.48,810.96
TXN101335,2025-08-31,CUST0140,East,Apparel,1,1992.26,1992.26
TXN106092,2025-08-31,CUST0209,North,Grocery,2,256.11,512.21
TXN106363,2025-08-31,CUST0383,East,Grocery,1,306.94,306.94
TXN105491,2025-09-01,CUST0745,Central,Apparel,1,2282.09,2282.09
TXN104402,2025-09-01,CUST0703,North,Home & Living,2,1529.35,3058.7
TXN107351,2025-09-01,CUST0660,East,Electronics,1,9089.67,9089.67
TXN101238,2025-09-01,CUST0599,East,Grocery,1,335.81,335.81
TXN106481,2025-09-01,CUST0119,West,Apparel,1,994.7,994.7
TXN104650,2025-09-01,CUST0379,West,Electronics,1,17895.51,17895.51
TXN114396,2025-09-01,CUST0462,West,Apparel,1,2515.92,2515.92
TXN114937,2025-09-01,CUST0306,North,Home & Living,1,1791.67,1791.67
TXN110981,2025-09-01,CUST0736,North,Electronics,1,25146.58,25146.58
TXN113704,2025-09-01,CUST0514,West,Apparel,1,2934.37,2934.37
TXN110855,2025-09-01,CUST0124,West,Electronics,1,7544.41,7544.41
TXN105466,2025-09-01,CUST0033,North,Electronics,1,11777.42,11777.42
TXN102791,2025-09-01,CUST0438,South,Home & Living,1,3246.1,3246.1
TXN104820,2025-09-02,CUST0796,East,Home & Living,1,9083.12,9083.12
TXN103772,2025-09-02,CUST0353,West,Grocery,1,146.48,146.48
TXN107567,2025-09-02,CUST0143,East,Electronics,1,5803.36,5803.36
TXN100128,2025-09-02,CUST0650,West,Grocery,3,574.11,1722.32
TXN105277,2025-09-02,CUST0160,West,Beauty,2,749.71,1499.42
TXN107724,2025-09-02,CUST0153,North,Beauty,1,438.97,438.97
TXN102930,2025-09-02,CUST0221,West,Electronics,1,6177.5,6177.5
TXN100142,2025-09-02,CUST0610,West,Electronics,2,13240.91,26481.82
TXN103387,2025-09-02,CUST0479,North,Electronics,1,68718.21,68718.21
TXN108771,2025-09-02,CUST0727,South,Beauty,1,566.46,566.46
TXN112087,2025-09-02,CUST0792,Central,Home & Living,1,7428.99,7428.99
TXN100599,2025-09-02,CUST0306,North,Apparel,2,889.88,1779.77
TXN111603,2025-09-02,CUST0662,East,Home & Living,1,12095.88,12095.88
TXN113777,2025-09-02,CUST0565,West,Home & Living,1,2850.59,2850.59
TXN109933,2025-09-02,CUST0108,South,Home & Living,2,6276.31,12552.63
TXN113322,2025-09-02,CUST0743,East,Electronics,1,19751.98,19751.98
TXN109028,2025-09-02,CUST0177,East,Apparel,3,1043.49,3130.48
TXN107993,2025-09-02,CUST0320,North,Beauty,1,1104.03,1104.03
TXN100424,2025-09-02,CUST0339,South,Home & Living,1,4058.67,4058.67
TXN114002,2025-09-02,CUST0476,North,Electronics,1,50241.59,50241.59
TXN109074,2025-09-03,CUST0012,West,Apparel,1,2581.97,2581.97
TXN100203,2025-09-03,CUST0242,West,Electronics,1,24495.63,24495.63
TXN106823,2025-09-03,CUST0010,North,Grocery,3,745.77,2237.32
TXN106507,2025-09-03,CUST0402,North,Grocery,1,1511.38,1511.38
TXN106564,2025-09-03,CUST0302,Central,Beauty,1,766.32,766.32
TXN113875,2025-09-03,CUST0070,Central,Apparel,1,1504.07,1504.07
TXN105810,2025-09-03,CUST0346,West,Beauty,1,1708.52,1708.52
TXN114296,2025-09-03,CUST0533,North,Apparel,1,7547.94,7547.94
TXN106413,2025-09-03,CUST0185,West,Electronics,1,23710.85,23710.85
TXN110613,2025-09-03,CUST0791,West,Apparel,1,1567.81,1567.81
TXN104481,2025-09-03,CUST0777,North,Home & Living,1,5377.58,5377.58
TXN107264,2025-09-03,CUST0010,North,Grocery,1,782.86,782.86
TXN112163,2025-09-03,CUST0787,West,Apparel,1,1267.03,1267.03
TXN113818,2025-09-03,CUST0392,East,Apparel,1,2614.39,2614.39
TXN112629,2025-09-03,CUST0082,East,Grocery,1,212.89,212.89
TXN111382,2025-09-03,CUST0078,East,Apparel,2,1226.6,2453.2
TXN100380,2025-09-03,CUST0155,South,Apparel,2,2154.12,4308.25
TXN106198,2025-09-04,CUST0193,North,Grocery,1,135.47,135.47
TXN102267,2025-09-04,CUST0532,West,Grocery,2,220.0,439.99
TXN112871,2025-09-04,CUST0797,North,Apparel,1,6002.99,6002.99
TXN102488,2025-09-04,CUST0681,West,Apparel,1,3807.06,3807.06
TXN114344,2025-09-04,CUST0212,Central,Grocery,1,327.43,327.43
TXN105014,2025-09-04,CUST0087,East,Apparel,2,501.1,1002.2
TXN102569,2025-09-04,CUST0081,North,Apparel,1,1075.72,1075.72
TXN101264,2025-09-04,CUST0358,Central,Beauty,1,241.56,241.56
TXN105701,2025-09-04,CUST0352,West,Apparel,1,1225.17,1225.17
TXN114983,2025-09-04,CUST0654,East,Apparel,1,2065.59,2065.59
TXN109026,2025-09-04,CUST0673,West,Electronics,1,4536.79,4536.79
TXN100742,2025-09-04,CUST0068,North,Home & Living,1,3620.48,3620.48
TXN107058,2025-09-04,CUST0130,North,Home & Living,1,597.02,597.02
TXN109950,2025-09-04,CUST0151,East,Home & Living,2,4626.46,9252.92
TXN107600,2025-09-04,CUST0759,West,Apparel,1,7882.34,7882.34
TXN107272,2025-09-04,CUST0528,West,Home & Living,1,3839.68,3839.68
TXN107740,2025-09-04,CUST0531,East,Home & Living,1,6929.46,6929.46
TXN100946,2025-09-04,CUST0065,South,Apparel,1,2413.36,2413.36
TXN114438,2025-09-04,CUST0470,South,Beauty,2,3300.04,6600.08
TXN103641,2025-09-04,CUST0342,South,Apparel,1,1040.81,1040.81
TXN109154,2025-09-04,CUST0128,East,Grocery,1,154.67,154.67
TXN100683,2025-09-05,CUST0040,East,Apparel,1,1510.98,1510.98
TXN106639,2025-09-05,CUST0127,North,Home & Living,2,5930.77,11861.53
TXN105638,2025-09-05,CUST0521,North,Home & Living,1,3799.98,3799.98
TXN113555,2025-09-05,CUST0533,North,Grocery,1,1240.18,1240.18
TXN112910,2025-09-05,CUST0752,East,Home & Living,1,4123.59,4123.59
TXN101993,2025-09-05,CUST0466,North,Apparel,2,2686.07,5372.14
TXN110884,2025-09-05,CUST0578,East,Home & Living,1,12104.98,12104.98
TXN114491,2025-09-05,CUST0476,North,Apparel,1,5848.36,5848.36
TXN107814,2025-09-05,CUST0383,East,Apparel,1,3950.1,3950.1
TXN103816,2025-09-05,CUST0279,North,Apparel,1,1778.59,1778.59
TXN103963,2025-09-05,CUST0229,South,Beauty,1,2199.55,2199.55
TXN111310,2025-09-05,CUST0446,East,Home & Living,1,6968.51,6968.51
TXN109817,2025-09-05,CUST0301,North,Home & Living,1,2862.34,2862.34
TXN109465,2025-09-05,CUST0076,North,Beauty,1,1213.73,1213.73
TXN105403,2025-09-05,CUST0607,West,Grocery,1,369.94,369.94
TXN110719,2025-09-05,CUST0781,North,Grocery,1,567.75,567.75
TXN104527,2025-09-05,CUST0243,South,Beauty,1,2547.31,2547.31
TXN109591,2025-09-05,CUST0128,East,Grocery,1,782.22,782.22
TXN108630,2025-09-06,CUST0413,North,Home & Living,2,5399.03,10798.06
TXN111256,2025-09-06,CUST0637,South,Apparel,1,1465.89,1465.89
TXN100329,2025-09-06,CUST0054,Central,Beauty,1,4963.75,4963.75
TXN100991,2025-09-06,CUST0642,North,Grocery,2,542.95,1085.9
TXN114905,2025-09-06,CUST0294,East,Grocery,1,135.28,135.28
TXN107945,2025-09-06,CUST0090,North,Grocery,1,520.57,520.57
TXN100486,2025-09-06,CUST0089,North,Apparel,1,4290.11,4290.11
TXN105882,2025-09-06,CUST0359,West,Grocery,1,1511.83,1511.83
TXN105221,2025-09-06,CUST0419,East,Grocery,1,499.47,499.47
TXN100148,2025-09-06,CUST0598,North,Beauty,1,924.66,924.66
TXN113827,2025-09-06,CUST0056,North,Apparel,1,3023.59,3023.59
TXN100764,2025-09-06,CUST0465,North,Grocery,1,1807.23,1807.23
TXN104352,2025-09-06,CUST0628,Central,Apparel,1,1136.86,1136.86
TXN107137,2025-09-06,CUST0068,North,Apparel,1,1622.75,1622.75
TXN108434,2025-09-06,CUST0519,North,Electronics,1,22153.38,22153.38
TXN106209,2025-09-07,CUST0018,South,Grocery,2,156.3,312.61
TXN114134,2025-09-07,CUST0409,North,Apparel,2,6671.66,13343.33
TXN105888,2025-09-07,CUST0479,North,Home & Living,1,10832.05,10832.05
TXN106385,2025-09-07,CUST0619,South,Grocery,1,183.87,183.87
TXN101097,2025-09-07,CUST0249,West,Apparel,1,7437.63,7437.63
TXN103483,2025-09-07,CUST0198,North,Beauty,1,4739.4,4739.4
TXN110739,2025-09-07,CUST0124,West,Apparel,1,2134.36,2134.36
TXN114703,2025-09-07,CUST0268,North,Grocery,1,436.57,436.57
TXN112160,2025-09-07,CUST0012,West,Apparel,2,3811.75,7623.51
TXN108109,2025-09-07,CUST0447,North,Apparel,1,3055.16,3055.16
TXN113581,2025-09-07,CUST0147,North,Grocery,1,281.54,281.54
TXN109529,2025-09-07,CUST0683,East,Electronics,2,11410.56,22821.11
TXN100707,2025-09-07,CUST0490,North,Grocery,1,1281.56,1281.56
TXN101365,2025-09-07,CUST0548,South,Electronics,2,28890.91,57781.82
TXN109379,2025-09-07,CUST0459,North,Apparel,1,2499.31,2499.31
TXN101715,2025-09-07,CUST0520,North,Apparel,2,849.38,1698.76
TXN103255,2025-09-07,CUST0160,West,Apparel,1,2117.82,2117.82
TXN105309,2025-09-07,CUST0393,South,Home & Living,1,3803.11,3803.11
TXN104523,2025-09-08,CUST0800,Central,Home & Living,2,6921.99,13843.97
TXN101800,2025-09-08,CUST0055,North,Apparel,1,1513.63,1513.63
TXN107690,2025-09-08,CUST0412,South,Home & Living,2,10780.87,21561.74
TXN108599,2025-09-08,CUST0193,North,Grocery,1,1053.68,1053.68
TXN109129,2025-09-08,CUST0502,Central,Electronics,1,16257.46,16257.46
TXN107340,2025-09-08,CUST0377,West,Grocery,1,498.21,498.21
TXN112019,2025-09-08,CUST0032,South,Electronics,1,7093.45,7093.45
TXN113288,2025-09-08,CUST0760,Central,Apparel,1,3913.62,3913.62
TXN107850,2025-09-08,CUST0366,West,Electronics,1,18054.89,18054.89
TXN108955,2025-09-08,CUST0412,South,Grocery,1,92.6,92.6
TXN113195,2025-09-08,CUST0672,West,Apparel,1,5167.61,5167.61
TXN105416,2025-09-08,CUST0198,North,Apparel,1,6096.23,6096.23
TXN105428,2025-09-08,CUST0307,South,Home & Living,1,5445.32,5445.32
TXN103334,2025-09-08,CUST0397,Central,Electronics,1,44446.53,44446.53
TXN110212,2025-09-08,CUST0162,East,Electronics,2,32932.41,65864.82
TXN106673,2025-09-08,CUST0472,West,Apparel,2,1201.27,2402.54
TXN109614,2025-09-08,CUST0672,West,Home & Living,1,1560.66,1560.66
TXN110343,2025-09-08,CUST0688,West,Apparel,2,3072.42,6144.84
TXN103598,2025-09-08,CUST0311,West,Beauty,1,1711.66,1711.66
TXN102079,2025-09-08,CUST0315,East,Beauty,1,1092.36,1092.36
TXN114329,2025-09-08,CUST0293,East,Apparel,1,708.71,708.71
TXN111909,2025-09-08,CUST0474,North,Home & Living,1,10388.14,10388.14
TXN109689,2025-09-08,CUST0553,South,Grocery,1,167.35,167.35
TXN100627,2025-09-08,CUST0478,Central,Electronics,1,3129.44,3129.44
TXN106153,2025-09-08,CUST0347,West,Apparel,1,1764.14,1764.14
TXN106807,2025-09-08,CUST0199,Central,Apparel,1,7669.02,7669.02
TXN106337,2025-09-08,CUST0471,West,Apparel,2,2010.37,4020.74
TXN103018,2025-09-08,CUST0245,Central,Apparel,1,2726.57,2726.57
TXN100411,2025-09-08,CUST0053,North,Grocery,1,397.77,397.77
TXN107752,2025-09-09,CUST0706,South,Grocery,1,615.82,615.82
TXN108300,2025-09-09,CUST0021,West,Apparel,1,3864.83,3864.83
TXN112063,2025-09-09,CUST0537,North,Electronics,1,19978.25,19978.25
TXN110555,2025-09-09,CUST0241,East,Home & Living,1,7464.54,7464.54
TXN112935,2025-09-09,CUST0126,North,Grocery,1,770.77,770.77
TXN112323,2025-09-09,CUST0119,West,Apparel,1,5027.32,5027.32
TXN102491,2025-09-09,CUST0271,South,Home & Living,1,4981.77,4981.77
TXN102121,2025-09-09,CUST0671,East,Beauty,1,753.29,753.29
TXN103474,2025-09-09,CUST0783,East,Apparel,1,2027.51,2027.51
TXN112454,2025-09-09,CUST0187,West,Apparel,1,743.09,743.09
TXN103019,2025-09-09,CUST0687,South,Beauty,1,2051.83,2051.83
TXN104703,2025-09-09,CUST0616,Central,Apparel,2,5425.23,10850.45
TXN107135,2025-09-09,CUST0790,West,Home & Living,1,2490.39,2490.39
TXN104633,2025-09-09,CUST0146,North,Grocery,1,793.07,793.07
TXN109147,2025-09-09,CUST0698,South,Apparel,2,4364.79,8729.57
TXN100523,2025-09-10,CUST0338,South,Electronics,1,37414.98,37414.98
TXN105409,2025-09-10,CUST0177,East,Electronics,1,30045.38,30045.38
TXN101379,2025-09-10,CUST0781,North,Apparel,2,814.68,1629.37
TXN104929,2025-09-10,CUST0676,East,Apparel,1,7137.83,7137.83
TXN108898,2025-09-10,CUST0242,West,Grocery,1,521.92,521.92
TXN108776,2025-09-10,CUST0151,East,Home & Living,1,13899.92,13899.92
TXN110887,2025-09-10,CUST0054,Central,Apparel,1,2207.93,2207.93
TXN112601,2025-09-10,CUST0716,North,Grocery,1,2016.34,2016.34
TXN104705,2025-09-10,CUST0362,North,Beauty,2,2326.55,4653.1
TXN114596,2025-09-10,CUST0555,South,Electronics,1,12056.47,12056.47
TXN113027,2025-09-10,CUST0227,West,Home & Living,1,7356.98,7356.98
TXN100538,2025-09-11,CUST0157,East,Grocery,1,1105.27,1105.27
TXN109819,2025-09-11,CUST0428,North,Electronics,1,18155.53,18155.53
TXN102742,2025-09-11,CUST0657,West,Apparel,3,361.81,1085.43
TXN111240,2025-09-11,CUST0685,South,Home & Living,3,8201.36,24604.08
TXN112666,2025-09-11,CUST0763,West,Electronics,1,20597.67,20597.67
TXN112593,2025-09-11,CUST0649,Central,Grocery,1,366.66,366.66
TXN113459,2025-09-11,CUST0359,West,Grocery,1,1732.76,1732.76
TXN103734,2025-09-11,CUST0778,East,Apparel,1,547.97,547.97
TXN106562,2025-09-11,CUST0342,South,Apparel,1,1710.21,1710.21
TXN102650,2025-09-11,CUST0304,Central,Beauty,1,1981.94,1981.94
TXN105450,2025-09-11,CUST0708,East,Grocery,2,1171.65,2343.29
TXN111220,2025-09-11,CUST0122,South,Grocery,1,1620.14,1620.14
TXN114963,2025-09-11,CUST0412,South,Home & Living,1,8240.77,8240.77
TXN112179,2025-09-11,CUST0544,West,Apparel,1,2369.45,2369.45
TXN112573,2025-09-11,CUST0653,West,Electronics,1,44520.29,44520.29
TXN108919,2025-09-11,CUST0553,South,Home & Living,1,4193.78,4193.78
TXN114989,2025-09-11,CUST0289,Central,Electronics,1,26898.12,26898.12
TXN113711,2025-09-11,CUST0545,West,Beauty,1,2175.35,2175.35
TXN104517,2025-09-12,CUST0796,East,Apparel,1,7439.32,7439.32
TXN102564,2025-09-12,CUST0484,North,Grocery,1,382.54,382.54
TXN107699,2025-09-12,CUST0083,North,Electronics,2,6792.81,13585.62
TXN108763,2025-09-12,CUST0698,South,Apparel,2,1386.22,2772.44
TXN105513,2025-09-12,CUST0160,West,Apparel,1,2367.69,2367.69
TXN105423,2025-09-12,CUST0630,West,Home & Living,1,924.08,924.08
TXN114501,2025-09-12,CUST0039,East,Electronics,1,30323.45,30323.45
TXN109267,2025-09-12,CUST0593,North,Apparel,1,759.28,759.28
TXN110264,2025-09-12,CUST0626,Central,Apparel,1,406.73,406.73
TXN102692,2025-09-12,CUST0454,North,Apparel,1,6557.17,6557.17
TXN111561,2025-09-12,CUST0475,South,Home & Living,1,3499.27,3499.27
TXN114731,2025-09-12,CUST0505,West,Grocery,2,523.7,1047.41
TXN111425,2025-09-12,CUST0002,North,Home & Living,1,10648.51,10648.51
TXN109102,2025-09-12,CUST0140,East,Home & Living,1,6621.18,6621.18
TXN100427,2025-09-12,CUST0790,West,Electronics,1,56391.41,56391.41
TXN108657,2025-09-12,CUST0406,West,Home & Living,1,7370.45,7370.45
TXN102399,2025-09-12,CUST0135,North,Grocery,1,1844.25,1844.25
TXN100371,2025-09-12,CUST0667,Central,Apparel,1,1918.58,1918.58
TXN107804,2025-09-12,CUST0140,East,Beauty,1,4838.99,4838.99
TXN111975,2025-09-12,CUST0617,North,Electronics,2,20300.44,40600.88
TXN112024,2025-09-12,CUST0368,East,Grocery,2,766.28,1532.57
TXN108875,2025-09-13,CUST0357,North,Electronics,1,22340.12,22340.12
TXN113480,2025-09-13,CUST0526,South,Home & Living,1,2741.04,2741.04
TXN106634,2025-09-13,CUST0082,East,Apparel,1,3897.18,3897.18
TXN107845,2025-09-13,CUST0039,East,Beauty,1,237.26,237.26
TXN113817,2025-09-13,CUST0323,West,Apparel,1,2618.39,2618.39
TXN100725,2025-09-13,CUST0768,North,Electronics,1,51867.92,51867.92
TXN106860,2025-09-13,CUST0774,West,Grocery,1,179.44,179.44
TXN110628,2025-09-13,CUST0445,West,Grocery,1,723.69,723.69
TXN110470,2025-09-13,CUST0379,West,Electronics,1,5213.81,5213.81
TXN114795,2025-09-13,CUST0392,East,Home & Living,1,3221.9,3221.9
TXN102906,2025-09-13,CUST0576,West,Beauty,1,2458.95,2458.95
TXN107907,2025-09-13,CUST0486,East,Apparel,1,7190.44,7190.44
TXN100164,2025-09-13,CUST0124,West,Beauty,1,1509.54,1509.54
TXN102041,2025-09-13,CUST0731,South,Beauty,2,112.0,223.99
TXN111262,2025-09-13,CUST0418,West,Apparel,1,2317.27,2317.27
TXN114979,2025-09-14,CUST0409,North,Grocery,1,1992.99,1992.99
TXN100758,2025-09-14,CUST0431,Central,Apparel,2,2271.96,4543.92
TXN103219,2025-09-14,CUST0168,South,Grocery,1,572.46,572.46
TXN114517,2025-09-14,CUST0270,South,Electronics,1,2566.77,2566.77
TXN104381,2025-09-14,CUST0013,North,Grocery,1,430.25,430.25
TXN106201,2025-09-14,CUST0105,South,Apparel,1,3178.94,3178.94
TXN104837,2025-09-14,CUST0097,South,Apparel,2,1279.69,2559.37
TXN114826,2025-09-14,CUST0221,West,Grocery,1,1026.58,1026.58
TXN106824,2025-09-14,CUST0113,East,Grocery,1,2128.97,2128.97
TXN109200,2025-09-14,CUST0278,East,Electronics,1,38618.62,38618.62
TXN109487,2025-09-14,CUST0451,West,Home & Living,1,3310.86,3310.86
TXN102178,2025-09-14,CUST0518,West,Grocery,1,53.78,53.78
TXN107800,2025-09-14,CUST0536,East,Electronics,1,5599.65,5599.65
TXN110089,2025-09-14,CUST0514,West,Home & Living,1,1349.17,1349.17
TXN103540,2025-09-14,CUST0465,North,Electronics,1,26773.4,26773.4
TXN107821,2025-09-14,CUST0444,West,Apparel,1,2377.1,2377.1
TXN107219,2025-09-14,CUST0271,South,Electronics,1,22709.75,22709.75
TXN104118,2025-09-14,CUST0077,West,Electronics,1,41111.01,41111.01
TXN110214,2025-09-15,CUST0198,North,Home & Living,1,10967.37,10967.37
TXN107812,2025-09-15,CUST0593,North,Electronics,1,5124.06,5124.06
TXN108598,2025-09-15,CUST0170,South,Apparel,2,2373.71,4747.42
TXN102123,2025-09-15,CUST0155,South,Beauty,1,1292.63,1292.63
TXN112793,2025-09-15,CUST0500,West,Beauty,2,464.36,928.72
TXN112900,2025-09-15,CUST0586,South,Grocery,1,377.41,377.41
TXN103875,2025-09-15,CUST0329,South,Grocery,1,87.39,87.39
TXN112123,2025-09-15,CUST0184,North,Beauty,2,4689.76,9379.52
TXN101861,2025-09-15,CUST0131,North,Electronics,1,8897.68,8897.68
TXN107920,2025-09-15,CUST0257,West,Apparel,1,8066.94,8066.94
TXN112459,2025-09-15,CUST0792,Central,Apparel,1,1266.72,1266.72
TXN112022,2025-09-15,CUST0679,West,Apparel,2,7774.74,15549.48
TXN105321,2025-09-15,CUST0044,Central,Grocery,2,2044.63,4089.26
TXN100246,2025-09-15,CUST0105,South,Apparel,2,2284.79,4569.58
TXN104694,2025-09-15,CUST0698,South,Grocery,1,390.54,390.54
TXN103595,2025-09-15,CUST0633,South,Home & Living,1,3033.71,3033.71
TXN105364,2025-09-15,CUST0242,West,Apparel,1,7757.56,7757.56
TXN112011,2025-09-15,CUST0716,North,Home & Living,1,5952.1,5952.1
TXN100150,2025-09-16,CUST0432,North,Grocery,1,525.72,525.72
TXN106376,2025-09-16,CUST0743,East,Electronics,1,12755.49,12755.49
TXN100529,2025-09-16,CUST0350,West,Home & Living,1,2234.44,2234.44
TXN108577,2025-09-16,CUST0350,West,Grocery,1,876.89,876.89
TXN111225,2025-09-16,CUST0164,South,Electronics,1,26862.29,26862.29
TXN103567,2025-09-16,CUST0113,East,Home & Living,1,11243.16,11243.16
TXN111527,2025-09-16,CUST0454,North,Grocery,1,1852.09,1852.09
TXN109199,2025-09-16,CUST0082,East,Grocery,1,1090.16,1090.16
TXN101281,2025-09-16,CUST0685,South,Apparel,3,6112.41,18337.22
TXN111999,2025-09-16,CUST0756,North,Grocery,1,58.46,58.46
TXN114781,2025-09-16,CUST0479,North,Apparel,1,5402.11,5402.11
TXN103648,2025-09-16,CUST0371,East,Beauty,1,1644.92,1644.92
TXN107506,2025-09-16,CUST0121,West,Apparel,1,2241.99,2241.99
TXN113963,2025-09-16,CUST0181,South,Apparel,1,948.46,948.46
TXN113125,2025-09-16,CUST0684,North,Home & Living,1,3652.65,3652.65
TXN108474,2025-09-16,CUST0790,West,Electronics,1,76342.13,76342.13
TXN113554,2025-09-17,CUST0407,West,Apparel,1,1224.74,1224.74
TXN112237,2025-09-17,CUST0667,Central,Home & Living,2,1150.57,2301.13
TXN111124,2025-09-17,CUST0545,West,Electronics,1,4940.05,4940.05
TXN109965,2025-09-17,CUST0216,Central,Grocery,1,634.63,634.63
TXN111949,2025-09-17,CUST0087,East,Apparel,1,2853.3,2853.3
TXN103821,2025-09-17,CUST0248,North,Electronics,1,63282.1,63282.1
TXN106764,2025-09-17,CUST0415,West,Apparel,1,2714.64,2714.64
TXN103023,2025-09-17,CUST0540,North,Grocery,1,486.03,486.03
TXN101317,2025-09-17,CUST0680,South,Apparel,1,2638.92,2638.92
TXN108741,2025-09-17,CUST0454,North,Apparel,1,7441.25,7441.25
TXN106305,2025-09-17,CUST0797,North,Apparel,1,7287.17,7287.17
TXN110133,2025-09-17,CUST0387,West,Grocery,2,783.62,1567.24
TXN103195,2025-09-17,CUST0257,West,Home & Living,1,1759.48,1759.48
TXN108117,2025-09-17,CUST0223,Central,Beauty,1,1752.8,1752.8
TXN104594,2025-09-17,CUST0541,North,Apparel,1,883.39,883.39
TXN111809,2025-09-17,CUST0676,East,Apparel,1,7216.07,7216.07
TXN114392,2025-09-18,CUST0776,North,Apparel,2,2259.47,4518.94
TXN104613,2025-09-18,CUST0277,South,Electronics,1,43344.7,43344.7
TXN108098,2025-09-18,CUST0428,North,Electronics,1,71035.74,71035.74
TXN114236,2025-09-18,CUST0724,North,Electronics,1,36140.43,36140.43
TXN110318,2025-09-18,CUST0200,South,Apparel,2,4012.1,8024.2
TXN105501,2025-09-18,CUST0170,South,Grocery,2,1130.18,2260.36
TXN101865,2025-09-18,CUST0552,East,Electronics,1,17835.7,17835.7
TXN110879,2025-09-18,CUST0074,South,Home & Living,1,1307.74,1307.74
TXN109488,2025-09-18,CUST0367,West,Grocery,1,697.17,697.17
TXN111396,2025-09-18,CUST0541,North,Electronics,1,43118.0,43118.0
TXN101742,2025-09-18,CUST0500,West,Beauty,1,652.2,652.2
TXN113353,2025-09-18,CUST0265,South,Grocery,1,512.36,512.36
TXN100658,2025-09-18,CUST0253,Central,Grocery,1,529.0,529.0
TXN100691,2025-09-18,CUST0229,South,Electronics,2,42280.7,84561.41
TXN107019,2025-09-18,CUST0135,North,Home & Living,1,3696.51,3696.51
TXN108623,2025-09-18,CUST0213,Central,Beauty,2,2142.47,4284.94
TXN113994,2025-09-18,CUST0096,North,Apparel,2,2861.48,5722.97
TXN101434,2025-09-18,CUST0228,West,Home & Living,2,424.57,849.13
TXN101451,2025-09-18,CUST0393,South,Grocery,1,727.81,727.81
TXN111182,2025-09-19,CUST0116,South,Beauty,2,3862.2,7724.41
TXN108909,2025-09-19,CUST0225,Central,Beauty,1,1462.45,1462.45
TXN113988,2025-09-19,CUST0094,South,Grocery,1,84.28,84.28
TXN101562,2025-09-19,CUST0243,South,Home & Living,1,2549.5,2549.5
TXN110124,2025-09-19,CUST0459,North,Electronics,2,27693.64,55387.29
TXN111840,2025-09-19,CUST0304,Central,Home & Living,1,7520.32,7520.32
TXN104246,2025-09-19,CUST0179,South,Grocery,1,1849.78,1849.78
TXN110355,2025-09-19,CUST0679,West,Grocery,2,213.86,427.73
TXN110682,2025-09-19,CUST0181,South,Home & Living,1,3217.78,3217.78
TXN109669,2025-09-19,CUST0218,East,Home & Living,1,635.58,635.58
TXN107247,2025-09-19,CUST0518,West,Home & Living,1,1543.28,1543.28
TXN102113,2025-09-19,CUST0494,West,Grocery,1,36.12,36.12
TXN104055,2025-09-19,CUST0113,East,Beauty,1,947.99,947.99
TXN111335,2025-09-19,CUST0561,Central,Apparel,1,1392.97,1392.97
TXN108419,2025-09-19,CUST0213,Central,Grocery,1,811.96,811.96
TXN110224,2025-09-19,CUST0654,East,Grocery,1,852.34,852.34
TXN114895,2025-09-19,CUST0354,West,Apparel,1,1392.89,1392.89
TXN102317,2025-09-20,CUST0274,North,Electronics,1,28860.74,28860.74
TXN100266,2025-09-20,CUST0038,South,Electronics,1,8227.73,8227.73
TXN109036,2025-09-20,CUST0363,South,Beauty,1,854.17,854.17
TXN103435,2025-09-20,CUST0305,Central,Beauty,1,644.59,644.59
TXN105862,2025-09-20,CUST0736,North,Apparel,1,3922.24,3922.24
TXN102586,2025-09-20,CUST0111,East,Home & Living,1,2309.91,2309.91
TXN107922,2025-09-20,CUST0755,North,Apparel,1,1492.48,1492.48
TXN114365,2025-09-20,CUST0285,Central,Electronics,1,41384.23,41384.23
TXN113595,2025-09-20,CUST0304,Central,Home & Living,1,7496.82,7496.82
TXN100281,2025-09-20,CUST0705,South,Grocery,1,772.18,772.18
TXN112397,2025-09-20,CUST0403,North,Apparel,2,2513.44,5026.87
TXN103337,2025-09-20,CUST0458,South,Electronics,1,17921.28,17921.28
TXN105667,2025-09-20,CUST0310,North,Electronics,1,27090.78,27090.78
TXN100400,2025-09-20,CUST0215,West,Apparel,1,2311.72,2311.72
TXN105519,2025-09-20,CUST0462,West,Apparel,1,3175.24,3175.24
TXN100464,2025-09-20,CUST0046,South,Apparel,1,1236.08,1236.08
TXN105954,2025-09-21,CUST0500,West,Beauty,1,915.26,915.26
TXN102357,2025-09-21,CUST0341,West,Grocery,1,492.35,492.35
TXN100125,2025-09-21,CUST0053,North,Electronics,1,40621.77,40621.77
TXN113978,2025-09-21,CUST0632,East,Grocery,1,1645.75,1645.75
TXN112692,2025-09-21,CUST0183,North,Beauty,1,3987.02,3987.02
TXN104701,2025-09-21,CUST0362,North,Electronics,1,28850.64,28850.64
TXN114916,2025-09-21,CUST0391,North,Apparel,2,6147.49,12294.98
TXN110337,2025-09-21,CUST0337,West,Grocery,2,165.4,330.8
TXN110564,2025-09-21,CUST0272,North,Electronics,1,4671.55,4671.55
TXN107877,2025-09-21,CUST0710,West,Home & Living,1,7309.75,7309.75
TXN110426,2025-09-21,CUST0587,West,Electronics,1,29117.89,29117.89
TXN101161,2025-09-21,CUST0006,West,Grocery,1,135.08,135.08
TXN111152,2025-09-21,CUST0144,West,Apparel,1,1910.13,1910.13
TXN103691,2025-09-21,CUST0155,South,Grocery,1,787.71,787.71
TXN112929,2025-09-21,CUST0368,East,Home & Living,1,11481.04,11481.04
TXN106366,2025-09-21,CUST0227,West,Electronics,1,47405.8,47405.8
TXN104296,2025-09-21,CUST0736,North,Beauty,1,863.62,863.62
TXN101519,2025-09-22,CUST0182,West,Home & Living,1,2915.27,2915.27
TXN112817,2025-09-22,CUST0492,North,Home & Living,1,814.63,814.63
TXN107290,2025-09-22,CUST0224,Central,Apparel,1,1481.89,1481.89
TXN105007,2025-09-22,CUST0433,North,Grocery,2,1039.1,2078.2
TXN103371,2025-09-22,CUST0721,North,Home & Living,1,3181.25,3181.25
TXN105775,2025-09-22,CUST0066,East,Electronics,1,9950.97,9950.97
TXN104209,2025-09-22,CUST0337,West,Beauty,2,2113.75,4227.5
TXN112385,2025-09-22,CUST0305,Central,Electronics,1,32250.89,32250.89
TXN102209,2025-09-22,CUST0046,South,Apparel,1,3927.85,3927.85
TXN100775,2025-09-22,CUST0227,West,Grocery,1,2000.99,2000.99
TXN108256,2025-09-22,CUST0066,East,Electronics,1,25917.72,25917.72
TXN111389,2025-09-22,CUST0022,North,Home & Living,1,4651.79,4651.79
TXN104340,2025-09-22,CUST0332,South,Home & Living,1,4699.02,4699.02
TXN100021,2025-09-22,CUST0052,West,Grocery,1,1052.21,1052.21
TXN109836,2025-09-22,CUST0402,North,Apparel,1,7087.49,7087.49
TXN109075,2025-09-22,CUST0612,North,Home & Living,1,2469.8,2469.8
TXN109824,2025-09-22,CUST0666,North,Apparel,1,662.29,662.29
TXN108021,2025-09-22,CUST0057,North,Apparel,1,680.43,680.43
TXN114404,2025-09-22,CUST0786,North,Apparel,1,4000.26,4000.26
TXN114995,2025-09-22,CUST0046,South,Grocery,1,771.81,771.81
TXN114141,2025-09-22,CUST0557,Central,Grocery,2,70.77,141.54
TXN104030,2025-09-22,CUST0595,South,Beauty,1,4910.05,4910.05
TXN114864,2025-09-22,CUST0187,West,Grocery,1,809.86,809.86
TXN109062,2025-09-22,CUST0711,West,Grocery,1,846.37,846.37
TXN102892,2025-09-22,CUST0456,South,Grocery,2,339.52,679.03
TXN109735,2025-09-23,CUST0454,North,Apparel,2,5469.03,10938.06
TXN109160,2025-09-23,CUST0043,North,Home & Living,2,477.83,955.66
TXN109371,2025-09-23,CUST0760,Central,Grocery,1,196.28,196.28
TXN113141,2025-09-23,CUST0476,North,Apparel,1,7877.16,7877.16
TXN101169,2025-09-23,CUST0533,North,Grocery,1,1851.41,1851.41
TXN105874,2025-09-23,CUST0322,Central,Home & Living,2,1436.4,2872.8
TXN113456,2025-09-23,CUST0118,Central,Grocery,1,653.24,653.24
TXN102107,2025-09-23,CUST0228,West,Apparel,1,2550.53,2550.53
TXN113525,2025-09-23,CUST0225,Central,Grocery,1,722.08,722.08
TXN109898,2025-09-23,CUST0222,South,Grocery,1,982.96,982.96
TXN104342,2025-09-23,CUST0016,East,Electronics,1,16402.25,16402.25
TXN112686,2025-09-23,CUST0056,North,Electronics,1,68858.55,68858.55
TXN108696,2025-09-23,CUST0706,South,Apparel,1,7432.72,7432.72
TXN106031,2025-09-23,CUST0481,East,Electronics,3,31603.68,94811.04
TXN106898,2025-09-23,CUST0141,North,Apparel,1,3185.86,3185.86
TXN112110,2025-09-23,CUST0333,North,Electronics,1,28464.17,28464.17
TXN110727,2025-09-23,CUST0095,East,Apparel,2,739.67,1479.35
TXN113851,2025-09-23,CUST0197,Central,Electronics,1,11124.41,11124.41
TXN112373,2025-09-23,CUST0720,Central,Electronics,1,6937.19,6937.19
TXN111605,2025-09-23,CUST0737,North,Grocery,1,126.82,126.82
TXN105341,2025-09-23,CUST0697,East,Apparel,1,1024.56,1024.56
TXN109532,2025-09-23,CUST0258,South,Apparel,1,4025.63,4025.63
TXN114013,2025-09-23,CUST0279,North,Electronics,2,9908.71,19817.42
TXN108812,2025-09-24,CUST0197,Central,Home & Living,1,2953.89,2953.89
TXN106848,2025-09-24,CUST0101,North,Home & Living,1,442.89,442.89
TXN104425,2025-09-24,CUST0215,West,Home & Living,1,6741.62,6741.62
TXN104939,2025-09-24,CUST0484,North,Apparel,3,1129.48,3388.45
TXN105640,2025-09-24,CUST0656,Central,Grocery,1,198.82,198.82
TXN107941,2025-09-24,CUST0274,North,Grocery,1,1472.82,1472.82
TXN105312,2025-09-24,CUST0169,East,Grocery,1,134.2,134.2
TXN104947,2025-09-24,CUST0406,West,Beauty,1,1185.2,1185.2
TXN111983,2025-09-24,CUST0607,West,Grocery,1,277.27,277.27
TXN100219,2025-09-24,CUST0306,North,Electronics,1,31093.44,31093.44
TXN103623,2025-09-24,CUST0280,Central,Electronics,1,12876.0,12876.0
TXN109630,2025-09-24,CUST0632,East,Beauty,1,4697.35,4697.35
TXN106726,2025-09-24,CUST0108,South,Electronics,2,3871.45,7742.89
TXN114817,2025-09-24,CUST0486,East,Grocery,1,2151.14,2151.14
TXN101220,2025-09-24,CUST0746,South,Beauty,1,3827.68,3827.68
TXN108846,2025-09-24,CUST0316,East,Apparel,1,3777.57,3777.57
TXN100697,2025-09-24,CUST0034,North,Beauty,1,4704.53,4704.53
TXN102205,2025-09-24,CUST0780,East,Electronics,1,36827.51,36827.51
TXN107329,2025-09-24,CUST0790,West,Electronics,1,6958.71,6958.71
TXN106857,2025-09-24,CUST0306,North,Electronics,1,67678.87,67678.87
TXN112949,2025-09-24,CUST0514,West,Apparel,1,1029.54,1029.54
TXN113769,2025-09-24,CUST0324,West,Home & Living,2,552.63,1105.25
TXN113464,2025-09-24,CUST0085,West,Apparel,1,1303.97,1303.97
TXN113148,2025-09-24,CUST0089,North,Apparel,1,1681.53,1681.53
TXN109646,2025-09-24,CUST0386,Central,Home & Living,1,6818.64,6818.64
TXN111091,2025-09-25,CUST0576,West,Apparel,1,4637.5,4637.5
TXN112411,2025-09-25,CUST0734,North,Apparel,1,1402.81,1402.81
TXN101603,2025-09-25,CUST0687,South,Grocery,1,599.37,599.37
TXN105997,2025-09-25,CUST0010,North,Electronics,2,42763.38,85526.75
TXN113684,2025-09-25,CUST0433,North,Grocery,1,532.68,532.68
TXN111102,2025-09-25,CUST0594,East,Grocery,1,644.24,644.24
TXN113697,2025-09-25,CUST0184,North,Grocery,1,1336.95,1336.95
TXN110986,2025-09-25,CUST0177,East,Grocery,2,991.57,1983.13
TXN110909,2025-09-25,CUST0693,North,Beauty,1,700.15,700.15
TXN103924,2025-09-25,CUST0427,South,Grocery,1,456.79,456.79
TXN106243,2025-09-25,CUST0379,West,Apparel,2,2820.29,5640.57
TXN107411,2025-09-25,CUST0292,East,Home & Living,1,794.99,794.99
TXN104702,2025-09-25,CUST0395,North,Home & Living,2,1890.79,3781.59
TXN110895,2025-09-25,CUST0797,North,Grocery,2,1864.24,3728.48
TXN112875,2025-09-25,CUST0421,Central,Apparel,1,2227.5,2227.5
TXN104709,2025-09-25,CUST0646,North,Home & Living,1,2413.64,2413.64
TXN105960,2025-09-25,CUST0576,West,Grocery,1,412.68,412.68
TXN112991,2025-09-25,CUST0798,North,Home & Living,1,2755.35,2755.35
TXN114191,2025-09-25,CUST0374,North,Beauty,1,2724.82,2724.82
TXN107803,2025-09-25,CUST0243,South,Grocery,1,1518.09,1518.09
TXN113993,2025-09-25,CUST0519,North,Home & Living,1,9623.99,9623.99
TXN106381,2025-09-26,CUST0179,South,Grocery,3,1207.7,3623.11
TXN109987,2025-09-26,CUST0039,East,Grocery,1,876.71,876.71
TXN100648,2025-09-26,CUST0479,North,Home & Living,1,8565.86,8565.86
TXN111977,2025-09-26,CUST0391,North,Apparel,3,6236.33,18709.0
TXN106891,2025-09-26,CUST0115,East,Electronics,1,24298.64,24298.64
TXN102306,2025-09-26,CUST0413,North,Home & Living,2,3387.93,6775.86
TXN110320,2025-09-26,CUST0660,East,Grocery,1,991.98,991.98
TXN108710,2025-09-26,CUST0786,North,Electronics,1,30301.19,30301.19
TXN106737,2025-09-26,CUST0396,West,Grocery,2,522.64,1045.28
TXN111261,2025-09-26,CUST0771,East,Home & Living,1,1847.44,1847.44
TXN106389,2025-09-26,CUST0673,West,Beauty,1,758.14,758.14
TXN105081,2025-09-26,CUST0193,North,Beauty,1,408.96,408.96
TXN107654,2025-09-26,CUST0612,North,Apparel,1,3928.26,3928.26
TXN111177,2025-09-26,CUST0746,South,Home & Living,1,12223.04,12223.04
TXN108335,2025-09-26,CUST0092,West,Home & Living,1,4651.21,4651.21
TXN107375,2025-09-26,CUST0447,North,Home & Living,1,3715.84,3715.84
TXN113415,2025-09-26,CUST0680,South,Beauty,1,876.81,876.81
TXN114124,2025-09-26,CUST0743,East,Apparel,1,2307.18,2307.18
TXN111213,2025-09-26,CUST0050,East,Electronics,1,3030.15,3030.15
TXN110709,2025-09-26,CUST0564,East,Apparel,1,803.79,803.79
TXN114340,2025-09-26,CUST0358,Central,Apparel,1,1790.55,1790.55
TXN106803,2025-09-26,CUST0435,East,Electronics,1,3832.1,3832.1
TXN101914,2025-09-27,CUST0684,North,Apparel,2,3087.07,6174.14
TXN105861,2025-09-27,CUST0292,East,Home & Living,1,3310.44,3310.44
TXN111464,2025-09-27,CUST0285,Central,Beauty,1,1309.52,1309.52
TXN107238,2025-09-27,CUST0742,North,Beauty,1,1157.13,1157.13
TXN111132,2025-09-27,CUST0499,East,Apparel,1,5270.5,5270.5
TXN107195,2025-09-27,CUST0325,East,Grocery,1,492.24,492.24
TXN113063,2025-09-27,CUST0432,North,Beauty,1,1454.75,1454.75
TXN107139,2025-09-27,CUST0474,North,Electronics,1,50337.94,50337.94
TXN102754,2025-09-27,CUST0438,South,Grocery,2,257.5,514.99
TXN105647,2025-09-27,CUST0692,South,Home & Living,2,5130.37,10260.73
TXN114343,2025-09-27,CUST0119,West,Apparel,1,2474.54,2474.54
TXN113568,2025-09-27,CUST0469,East,Apparel,1,1009.5,1009.5
TXN109435,2025-09-27,CUST0759,West,Beauty,1,4794.51,4794.51
TXN103779,2025-09-27,CUST0197,Central,Apparel,1,2889.5,2889.5
TXN113758,2025-09-27,CUST0322,Central,Apparel,1,1970.15,1970.15
TXN104167,2025-09-27,CUST0055,North,Beauty,1,2860.31,2860.31
TXN101399,2025-09-27,CUST0702,South,Beauty,1,1593.1,1593.1
TXN108981,2025-09-27,CUST0796,East,Beauty,2,3887.95,7775.9
TXN110269,2025-09-27,CUST0500,West,Grocery,2,1069.5,2138.99
TXN114593,2025-09-27,CUST0499,East,Apparel,1,6250.0,6250.0
TXN103343,2025-09-28,CUST0287,East,Apparel,1,2114.73,2114.73
TXN109188,2025-09-28,CUST0560,East,Grocery,1,556.76,556.76
TXN111314,2025-09-28,CUST0681,West,Apparel,1,1711.82,1711.82
TXN111950,2025-09-28,CUST0274,North,Electronics,1,74830.58,74830.58
TXN100319,2025-09-28,CUST0333,North,Apparel,1,557.3,557.3
TXN113528,2025-09-28,CUST0687,South,Apparel,1,3706.78,3706.78
TXN111688,2025-09-28,CUST0239,North,Grocery,1,983.11,983.11
TXN102381,2025-09-28,CUST0644,South,Beauty,1,538.05,538.05
TXN112955,2025-09-28,CUST0327,North,Home & Living,1,4042.61,4042.61
TXN114873,2025-09-28,CUST0304,Central,Apparel,1,3319.64,3319.64
TXN110265,2025-09-28,CUST0113,East,Apparel,1,3523.28,3523.28
TXN103671,2025-09-28,CUST0112,North,Grocery,1,801.72,801.72
TXN106082,2025-09-28,CUST0489,North,Electronics,2,55299.86,110599.71
TXN102179,2025-09-28,CUST0721,North,Grocery,1,790.14,790.14
TXN109306,2025-09-28,CUST0386,Central,Electronics,1,22129.49,22129.49
TXN113824,2025-09-28,CUST0752,East,Grocery,1,311.0,311.0
TXN100039,2025-09-28,CUST0747,West,Apparel,1,548.51,548.51
TXN101452,2025-09-28,CUST0220,North,Electronics,3,26258.36,78775.09
TXN113062,2025-09-28,CUST0262,Central,Home & Living,1,4765.8,4765.8
TXN111195,2025-09-28,CUST0766,South,Beauty,1,2287.13,2287.13
TXN101039,2025-09-28,CUST0550,North,Grocery,1,489.35,489.35
TXN109607,2025-09-28,CUST0192,West,Home & Living,1,9897.07,9897.07
TXN105686,2025-09-29,CUST0441,West,Electronics,1,31196.74,31196.74
TXN107020,2025-09-29,CUST0799,North,Apparel,1,2283.55,2283.55
TXN101412,2025-09-29,CUST0248,North,Beauty,1,819.58,819.58
TXN105684,2025-09-29,CUST0177,East,Apparel,2,4466.26,8932.52
TXN105944,2025-09-29,CUST0140,East,Apparel,1,5362.09,5362.09
TXN109185,2025-09-29,CUST0071,South,Apparel,1,2580.57,2580.57
TXN110490,2025-09-29,CUST0225,Central,Grocery,1,455.71,455.71
TXN111143,2025-09-29,CUST0155,South,Home & Living,1,8777.5,8777.5
TXN103652,2025-09-29,CUST0544,West,Beauty,1,1470.42,1470.42
TXN103117,2025-09-29,CUST0799,North,Beauty,1,2095.67,2095.67
TXN107256,2025-09-29,CUST0182,West,Apparel,3,1929.54,5788.63
TXN103980,2025-09-29,CUST0035,South,Apparel,2,5199.66,10399.32
TXN110047,2025-09-29,CUST0325,East,Electronics,1,65886.37,65886.37
TXN100242,2025-09-29,CUST0359,West,Home & Living,2,2119.35,4238.7
TXN108565,2025-09-29,CUST0108,South,Beauty,2,2319.07,4638.13
TXN107790,2025-09-29,CUST0763,West,Electronics,1,18162.1,18162.1
TXN110691,2025-09-29,CUST0330,North,Grocery,1,240.37,240.37
TXN113787,2025-09-29,CUST0204,West,Electronics,1,73856.93,73856.93
TXN104396,2025-09-29,CUST0406,West,Home & Living,1,2313.23,2313.23
TXN104412,2025-09-30,CUST0788,South,Electronics,1,14241.73,14241.73
TXN109769,2025-09-30,CUST0743,East,Home & Living,1,692.96,692.96
TXN110852,2025-09-30,CUST0012,West,Apparel,1,3691.63,3691.63
TXN114780,2025-09-30,CUST0059,East,Electronics,1,16481.0,16481.0
TXN111387,2025-09-30,CUST0004,East,Grocery,1,423.5,423.5
TXN113632,2025-09-30,CUST0738,West,Home & Living,2,1285.14,2570.29
TXN102110,2025-09-30,CUST0009,South,Electronics,2,41438.17,82876.34
TXN102710,2025-09-30,CUST0227,West,Home & Living,3,12630.37,37891.1
TXN113406,2025-09-30,CUST0211,North,Home & Living,1,4855.19,4855.19
TXN111457,2025-09-30,CUST0031,North,Apparel,1,4259.57,4259.57
TXN112213,2025-09-30,CUST0146,North,Electronics,1,16886.51,16886.51
TXN112057,2025-09-30,CUST0316,East,Apparel,1,3042.34,3042.34
TXN101484,2025-09-30,CUST0548,South,Grocery,1,468.68,468.68
TXN111071,2025-09-30,CUST0079,North,Apparel,2,1995.18,3990.37
TXN113610,2025-09-30,CUST0731,South,Electronics,1,15961.69,15961.69
TXN104386,2025-09-30,CUST0455,West,Electronics,1,20594.98,20594.98
TXN108385,2025-10-01,CUST0448,North,Grocery,1,1137.23,1137.23
TXN105730,2025-10-01,CUST0183,North,Grocery,2,2097.28,4194.55
TXN112501,2025-10-01,CUST0576,West,Beauty,1,4491.91,4491.91
TXN109765,2025-10-01,CUST0572,North,Beauty,2,2316.89,4633.78
TXN112536,2025-10-01,CUST0252,East,Grocery,1,396.45,396.45
TXN110273,2025-10-01,CUST0497,North,Home & Living,2,4029.98,8059.95
TXN109510,2025-10-01,CUST0507,West,Grocery,1,1332.01,1332.01
TXN106758,2025-10-01,CUST0045,North,Electronics,3,11052.83,33158.5
TXN103757,2025-10-01,CUST0787,West,Grocery,3,701.07,2103.22
TXN106268,2025-10-01,CUST0281,West,Electronics,1,61838.92,61838.92
TXN101798,2025-10-01,CUST0204,West,Apparel,1,1789.35,1789.35
TXN114925,2025-10-01,CUST0500,West,Apparel,1,1197.4,1197.4
TXN109273,2025-10-01,CUST0229,South,Apparel,1,1627.21,1627.21
TXN111868,2025-10-01,CUST0194,East,Grocery,2,796.39,1592.77
TXN100036,2025-10-01,CUST0322,Central,Apparel,1,1792.39,1792.39
TXN100258,2025-10-01,CUST0676,East,Beauty,1,1738.5,1738.5
TXN104902,2025-10-01,CUST0386,Central,Electronics,1,26013.44,26013.44
TXN111820,2025-10-01,CUST0752,East,Apparel,1,4534.31,4534.31
TXN108271,2025-10-01,CUST0415,West,Grocery,3,947.13,2841.38
TXN102038,2025-10-01,CUST0239,North,Grocery,1,274.69,274.69
TXN110579,2025-10-01,CUST0089,North,Apparel,1,1112.26,1112.26
TXN113997,2025-10-01,CUST0676,East,Apparel,1,5660.82,5660.82
TXN103230,2025-10-01,CUST0632,East,Grocery,1,1662.89,1662.89
TXN106125,2025-10-01,CUST0117,South,Home & Living,3,4670.42,14011.25
TXN109164,2025-10-01,CUST0632,East,Beauty,1,4763.56,4763.56
TXN106841,2025-10-01,CUST0175,North,Grocery,1,1050.08,1050.08
TXN113343,2025-10-01,CUST0273,North,Grocery,1,148.59,148.59
TXN111375,2025-10-02,CUST0554,West,Grocery,1,468.62,468.62
TXN105241,2025-10-02,CUST0140,East,Grocery,1,1863.81,1863.81
TXN112137,2025-10-02,CUST0662,East,Home & Living,3,12289.24,36867.73
TXN112268,2025-10-02,CUST0490,North,Electronics,1,59676.15,59676.15
TXN100364,2025-10-02,CUST0462,West,Beauty,1,2375.07,2375.07
TXN111173,2025-10-02,CUST0302,Central,Beauty,1,1438.11,1438.11
TXN108753,2025-10-02,CUST0658,East,Apparel,2,343.14,686.28
TXN100202,2025-10-02,CUST0279,North,Beauty,1,785.0,785.0
TXN112958,2025-10-02,CUST0519,North,Beauty,1,4144.34,4144.34
TXN103632,2025-10-02,CUST0548,South,Apparel,1,409.11,409.11
TXN110310,2025-10-02,CUST0746,South,Apparel,1,3896.37,3896.37
TXN107225,2025-10-02,CUST0244,East,Apparel,1,2171.96,2171.96
TXN106006,2025-10-02,CUST0157,East,Apparel,1,897.68,897.68
TXN112243,2025-10-02,CUST0135,North,Apparel,1,2209.42,2209.42
TXN106506,2025-10-02,CUST0167,West,Grocery,1,672.63,672.63
TXN113689,2025-10-02,CUST0800,Central,Electronics,3,61135.08,183405.25
TXN111158,2025-10-02,CUST0180,East,Home & Living,1,3045.22,3045.22
TXN113304,2025-10-02,CUST0560,East,Electronics,2,22858.48,45716.95
TXN100509,2025-10-03,CUST0791,West,Home & Living,2,4937.24,9874.48
TXN101688,2025-10-03,CUST0725,South,Apparel,1,2060.84,2060.84
TXN105026,2025-10-03,CUST0646,North,Electronics,1,57845.1,57845.1
TXN113883,2025-10-03,CUST0567,West,Home & Living,1,709.45,709.45
TXN112099,2025-10-03,CUST0112,North,Home & Living,1,3063.67,3063.67
TXN100704,2025-10-03,CUST0750,East,Electronics,1,15356.36,15356.36
TXN104746,2025-10-03,CUST0226,South,Grocery,1,561.57,561.57
TXN104008,2025-10-03,CUST0367,West,Grocery,2,1288.56,2577.13
TXN112038,2025-10-03,CUST0488,South,Home & Living,1,3686.29,3686.29
TXN113944,2025-10-03,CUST0584,North,Grocery,1,109.81,109.81
TXN101983,2025-10-03,CUST0688,West,Grocery,1,506.16,506.16
TXN109176,2025-10-03,CUST0243,South,Grocery,2,448.8,897.61
TXN101171,2025-10-03,CUST0227,West,Grocery,1,439.96,439.96
TXN102524,2025-10-03,CUST0630,West,Beauty,1,2046.06,2046.06
TXN102483,2025-10-03,CUST0585,East,Beauty,1,1490.17,1490.17
TXN106320,2025-10-03,CUST0510,West,Beauty,1,1318.67,1318.67
TXN102580,2025-10-03,CUST0325,East,Electronics,1,53556.72,53556.72
TXN102227,2025-10-03,CUST0391,North,Beauty,1,687.9,687.9
TXN103507,2025-10-03,CUST0085,West,Home & Living,1,865.17,865.17
TXN114359,2025-10-03,CUST0052,West,Grocery,2,1001.1,2002.2
TXN102693,2025-10-03,CUST0731,South,Beauty,1,204.5,204.5
TXN110004,2025-10-03,CUST0304,Central,Apparel,2,1606.19,3212.38
TXN107243,2025-10-03,CUST0706,South,Beauty,1,3214.09,3214.09
TXN105543,2025-10-04,CUST0218,East,Home & Living,1,2030.86,2030.86
TXN108521,2025-10-04,CUST0204,West,Apparel,1,3060.01,3060.01
TXN104300,2025-10-04,CUST0500,West,Beauty,2,2052.0,4103.99
TXN110201,2025-10-04,CUST0288,North,Beauty,1,742.7,742.7
TXN107055,2025-10-04,CUST0367,West,Apparel,1,5867.4,5867.4
TXN100293,2025-10-04,CUST0172,Central,Home & Living,2,457.7,915.41
TXN104088,2025-10-04,CUST0122,South,Electronics,1,50992.06,50992.06
TXN113073,2025-10-04,CUST0629,East,Apparel,1,1686.27,1686.27
TXN103511,2025-10-04,CUST0695,East,Electronics,1,22025.13,22025.13
TXN104911,2025-10-04,CUST0619,South,Grocery,1,1130.34,1130.34
TXN110519,2025-10-04,CUST0597,South,Electronics,1,43337.42,43337.42
TXN101470,2025-10-04,CUST0553,South,Apparel,1,3076.46,3076.46
TXN111147,2025-10-04,CUST0589,Central,Grocery,2,357.83,715.66
TXN111701,2025-10-04,CUST0180,East,Grocery,1,114.72,114.72
TXN111993,2025-10-04,CUST0709,East,Apparel,2,1410.98,2821.95
TXN101776,2025-10-04,CUST0599,East,Home & Living,1,499.47,499.47
TXN102201,2025-10-04,CUST0754,Central,Apparel,1,2917.12,2917.12
TXN113700,2025-10-04,CUST0796,East,Grocery,1,922.36,922.36
TXN101654,2025-10-05,CUST0267,North,Apparel,1,2572.38,2572.38
TXN111038,2025-10-05,CUST0332,South,Grocery,1,217.85,217.85
TXN101622,2025-10-05,CUST0070,Central,Apparel,1,2276.66,2276.66
TXN100500,2025-10-05,CUST0736,North,Electronics,1,29007.99,29007.99
TXN103532,2025-10-05,CUST0085,West,Home & Living,2,568.38,1136.76
TXN102044,2025-10-05,CUST0598,North,Apparel,2,1623.74,3247.49
TXN113795,2025-10-05,CUST0350,West,Grocery,1,463.75,463.75
TXN108202,2025-10-05,CUST0113,East,Beauty,1,1812.31,1812.31
TXN106574,2025-10-05,CUST0505,West,Beauty,1,926.22,926.22
TXN107248,2025-10-05,CUST0359,West,Apparel,1,4774.81,4774.81
TXN101817,2025-10-05,CUST0514,West,Grocery,1,1090.36,1090.36
TXN104904,2025-10-05,CUST0071,South,Apparel,1,2236.78,2236.78
TXN109393,2025-10-05,CUST0391,North,Apparel,1,7562.52,7562.52
TXN109948,2025-10-05,CUST0443,West,Beauty,1,1452.09,1452.09
TXN110780,2025-10-05,CUST0250,North,Beauty,1,795.73,795.73
TXN100556,2025-10-05,CUST0119,West,Electronics,1,8674.57,8674.57
TXN104853,2025-10-05,CUST0257,West,Beauty,1,2086.26,2086.26
TXN104792,2025-10-05,CUST0589,Central,Apparel,1,2128.71,2128.71
TXN114564,2025-10-05,CUST0343,East,Apparel,3,2518.81,7556.43
TXN107762,2025-10-05,CUST0340,East,Home & Living,1,1880.92,1880.92
TXN110022,2025-10-06,CUST0054,Central,Electronics,2,15471.52,30943.03
TXN104794,2025-10-06,CUST0796,East,Home & Living,3,9586.7,28760.1
TXN100435,2025-10-06,CUST0276,South,Apparel,1,2156.17,2156.17
TXN103614,2025-10-06,CUST0316,East,Apparel,1,4235.33,4235.33
TXN102039,2025-10-06,CUST0176,North,Apparel,1,347.54,347.54
TXN102986,2025-10-06,CUST0316,East,Beauty,1,542.59,542.59
TXN100579,2025-10-06,CUST0413,North,Beauty,1,2771.74,2771.74
TXN100609,2025-10-06,CUST0733,West,Home & Living,1,4893.15,4893.15
TXN103709,2025-10-06,CUST0719,North,Electronics,1,28908.23,28908.23
TXN100138,2025-10-06,CUST0293,East,Grocery,2,404.53,809.05
TXN111198,2025-10-06,CUST0531,East,Electronics,1,41227.65,41227.65
TXN111704,2025-10-06,CUST0489,North,Apparel,1,914.1,914.1
TXN111754,2025-10-06,CUST0017,East,Home & Living,1,4059.8,4059.8
TXN110020,2025-10-06,CUST0446,East,Apparel,2,7883.19,15766.39
TXN100568,2025-10-06,CUST0532,West,Home & Living,2,9504.03,19008.07
TXN104290,2025-10-06,CUST0562,North,Grocery,1,524.54,524.54
TXN112307,2025-10-06,CUST0034,North,Beauty,1,3130.84,3130.84
TXN111846,2025-10-06,CUST0312,North,Beauty,1,522.5,522.5
TXN114063,2025-10-06,CUST0304,Central,Grocery,1,905.94,905.94
TXN104524,2025-10-06,CUST0640,East,Apparel,1,2748.73,2748.73
TXN110046,2025-10-06,CUST0278,East,Home & Living,2,867.21,1734.41
TXN107958,2025-10-07,CUST0544,West,Beauty,1,466.61,466.61
TXN103047,2025-10-07,CUST0205,West,Electronics,1,3314.85,3314.85
TXN101176,2025-10-07,CUST0039,East,Home & Living,2,1295.93,2591.85
TXN114467,2025-10-07,CUST0171,East,Beauty,1,1675.65,1675.65
TXN110532,2025-10-07,CUST0226,South,Home & Living,1,5311.09,5311.09
TXN110498,2025-10-07,CUST0582,South,Apparel,1,1175.27,1175.27
TXN102006,2025-10-07,CUST0662,East,Home & Living,1,10518.04,10518.04
TXN103650,2025-10-07,CUST0310,North,Apparel,2,2960.65,5921.29
TXN114300,2025-10-07,CUST0259,South,Beauty,1,2922.76,2922.76
TXN111564,2025-10-07,CUST0256,South,Apparel,1,4402.15,4402.15
TXN109020,2025-10-07,CUST0281,West,Electronics,2,71292.59,142585.19
TXN101694,2025-10-07,CUST0779,East,Grocery,1,567.87,567.87
TXN103837,2025-10-07,CUST0676,East,Grocery,1,1236.77,1236.77
TXN112107,2025-10-07,CUST0201,North,Electronics,1,12684.78,12684.78
TXN111810,2025-10-07,CUST0105,South,Home & Living,1,4507.2,4507.2
TXN112102,2025-10-07,CUST0581,North,Apparel,1,915.52,915.52
TXN103689,2025-10-07,CUST0565,West,Beauty,1,617.4,617.4
TXN114006,2025-10-07,CUST0620,Central,Beauty,1,1864.77,1864.77
TXN113265,2025-10-08,CUST0037,Central,Apparel,1,2143.15,2143.15
TXN105913,2025-10-08,CUST0095,East,Beauty,1,1534.53,1534.53
TXN114509,2025-10-08,CUST0134,East,Grocery,1,623.26,623.26
TXN109360,2025-10-08,CUST0252,East,Grocery,1,581.02,581.02
TXN113340,2025-10-08,CUST0395,North,Home & Living,1,2203.51,2203.51
TXN101053,2025-10-08,CUST0046,South,Grocery,1,347.66,347.66
TXN107182,2025-10-08,CUST0248,North,Apparel,1,6221.6,6221.6
TXN106488,2025-10-08,CUST0046,South,Apparel,1,1321.6,1321.6
TXN103088,2025-10-08,CUST0440,North,Apparel,1,2984.59,2984.59
TXN111730,2025-10-08,CUST0153,North,Apparel,1,1933.83,1933.83
TXN113796,2025-10-08,CUST0290,North,Home & Living,1,7078.54,7078.54
TXN105193,2025-10-08,CUST0253,Central,Grocery,1,991.76,991.76
TXN105603,2025-10-08,CUST0095,East,Home & Living,1,7832.75,7832.75
TXN108856,2025-10-08,CUST0204,West,Home & Living,1,1294.2,1294.2
TXN114586,2025-10-08,CUST0249,West,Grocery,1,378.97,378.97
TXN104640,2025-10-08,CUST0741,West,Grocery,1,257.62,257.62
TXN111966,2025-10-08,CUST0190,West,Apparel,2,2396.92,4793.83
TXN107989,2025-10-08,CUST0628,Central,Beauty,1,2635.59,2635.59
TXN106793,2025-10-09,CUST0560,East,Electronics,1,4878.74,4878.74
TXN110792,2025-10-09,CUST0522,North,Grocery,1,126.99,126.99
TXN108038,2025-10-09,CUST0359,West,Apparel,1,3815.16,3815.16
TXN105520,2025-10-09,CUST0730,East,Beauty,1,453.1,453.1
TXN114804,2025-10-09,CUST0709,East,Grocery,1,633.4,633.4
TXN110615,2025-10-09,CUST0362,North,Grocery,2,777.45,1554.9
TXN113473,2025-10-09,CUST0026,Central,Apparel,2,3514.67,7029.34
TXN113677,2025-10-09,CUST0513,East,Apparel,1,4281.92,4281.92
TXN112017,2025-10-09,CUST0347,West,Electronics,1,28128.22,28128.22
TXN112035,2025-10-09,CUST0680,South,Electronics,1,39127.32,39127.32
TXN103884,2025-10-09,CUST0541,North,Apparel,1,7832.03,7832.03
TXN113021,2025-10-09,CUST0274,North,Grocery,2,888.77,1777.55
TXN103638,2025-10-09,CUST0035,South,Beauty,3,5114.02,15342.05
TXN108372,2025-10-09,CUST0768,North,Apparel,1,6762.08,6762.08
TXN109904,2025-10-09,CUST0439,Central,Grocery,1,484.36,484.36
TXN102284,2025-10-09,CUST0716,North,Home & Living,2,6701.66,13403.32
TXN110246,2025-10-10,CUST0725,South,Apparel,1,4214.83,4214.83
TXN114674,2025-10-10,CUST0627,North,Electronics,1,13504.81,13504.81
TXN111011,2025-10-10,CUST0034,North,Electronics,2,42275.92,84551.84
TXN100233,2025-10-10,CUST0586,South,Apparel,1,1086.61,1086.61
TXN108134,2025-10-10,CUST0584,North,Grocery,1,715.91,715.91
TXN108439,2025-10-10,CUST0085,West,Grocery,1,827.62,827.62
TXN114710,2025-10-10,CUST0499,East,Electronics,1,5927.44,5927.44
TXN108865,2025-10-10,CUST0293,East,Apparel,1,3049.55,3049.55
TXN105005,2025-10-10,CUST0100,North,Apparel,1,1365.85,1365.85
TXN108743,2025-10-10,CUST0552,East,Home & Living,1,7025.46,7025.46
TXN100998,2025-10-10,CUST0232,East,Home & Living,2,5356.05,10712.11
TXN104045,2025-10-10,CUST0226,South,Apparel,1,510.54,510.54
TXN111990,2025-10-10,CUST0194,East,Apparel,1,2693.08,2693.08
TXN112175,2025-10-10,CUST0753,West,Grocery,1,85.82,85.82
TXN104793,2025-10-10,CUST0541,North,Home & Living,1,4994.56,4994.56
TXN104748,2025-10-10,CUST0476,North,Apparel,1,3218.33,3218.33
TXN113103,2025-10-10,CUST0463,South,Home & Living,1,3667.06,3667.06
TXN100923,2025-10-10,CUST0282,North,Grocery,1,249.36,249.36
TXN108997,2025-10-10,CUST0486,East,Grocery,1,1429.21,1429.21
TXN114494,2025-10-11,CUST0709,East,Apparel,1,1378.25,1378.25
TXN103660,2025-10-11,CUST0172,Central,Grocery,3,796.52,2389.56
TXN102699,2025-10-11,CUST0476,North,Electronics,1,64617.97,64617.97
TXN113552,2025-10-11,CUST0768,North,Electronics,1,14758.31,14758.31
TXN102056,2025-10-11,CUST0270,South,Grocery,1,430.62,430.62
TXN112042,2025-10-11,CUST0509,South,Apparel,1,3710.61,3710.61
TXN109588,2025-10-11,CUST0231,North,Home & Living,1,6775.06,6775.06
TXN106530,2025-10-11,CUST0616,Central,Grocery,2,1205.77,2411.54
TXN107918,2025-10-11,CUST0428,North,Apparel,1,4203.59,4203.59
TXN103798,2025-10-11,CUST0316,East,Apparel,1,2308.89,2308.89
TXN112542,2025-10-11,CUST0434,North,Electronics,2,7596.38,15192.75
TXN112876,2025-10-11,CUST0736,North,Grocery,1,1785.29,1785.29
TXN105130,2025-10-11,CUST0374,North,Home & Living,2,2977.53,5955.07
TXN113112,2025-10-11,CUST0445,West,Grocery,1,1157.48,1157.48
TXN105156,2025-10-11,CUST0672,West,Electronics,1,36865.98,36865.98
TXN101123,2025-10-11,CUST0373,East,Grocery,1,801.19,801.19
TXN101769,2025-10-12,CUST0542,South,Home & Living,1,3134.76,3134.76
TXN107242,2025-10-12,CUST0199,Central,Electronics,1,18961.76,18961.76
TXN112046,2025-10-12,CUST0563,East,Home & Living,1,5294.74,5294.74
TXN111488,2025-10-12,CUST0542,South,Grocery,1,991.72,991.72
TXN104771,2025-10-12,CUST0268,North,Electronics,1,7868.83,7868.83
TXN112283,2025-10-12,CUST0088,North,Home & Living,1,4063.98,4063.98
TXN113206,2025-10-12,CUST0239,North,Beauty,1,1305.21,1305.21
TXN106537,2025-10-12,CUST0775,North,Beauty,1,2814.33,2814.33
TXN114427,2025-10-12,CUST0583,Central,Grocery,1,183.93,183.93
TXN105065,2025-10-12,CUST0595,South,Electronics,1,70458.63,70458.63
TXN109411,2025-10-12,CUST0532,West,Apparel,1,1231.48,1231.48
TXN107770,2025-10-12,CUST0617,North,Apparel,2,1234.86,2469.73
TXN101334,2025-10-12,CUST0555,South,Grocery,1,2057.8,2057.8
TXN104581,2025-10-12,CUST0179,South,Home & Living,1,8065.64,8065.64
TXN105530,2025-10-12,CUST0231,North,Grocery,1,701.65,701.65
TXN109777,2025-10-12,CUST0382,South,Home & Living,2,1289.76,2579.53
TXN112214,2025-10-12,CUST0473,West,Home & Living,2,603.63,1207.26
TXN113187,2025-10-12,CUST0435,East,Apparel,1,1477.88,1477.88
TXN105685,2025-10-12,CUST0408,South,Apparel,1,1983.37,1983.37
TXN107150,2025-10-12,CUST0486,East,Electronics,1,31868.13,31868.13
TXN111471,2025-10-13,CUST0691,North,Apparel,1,1847.78,1847.78
TXN106163,2025-10-13,CUST0558,South,Grocery,1,749.76,749.76
TXN104120,2025-10-13,CUST0089,North,Electronics,1,61798.27,61798.27
TXN114810,2025-10-13,CUST0257,West,Grocery,2,949.76,1899.53
TXN111841,2025-10-13,CUST0585,East,Electronics,1,30634.86,30634.86
TXN113096,2025-10-13,CUST0113,East,Electronics,1,16588.57,16588.57
TXN113371,2025-10-13,CUST0400,North,Apparel,1,2288.46,2288.46
TXN107588,2025-10-13,CUST0767,East,Home & Living,2,613.28,1226.56
TXN101807,2025-10-13,CUST0800,Central,Grocery,1,849.81,849.81
TXN111568,2025-10-13,CUST0452,South,Electronics,1,28264.55,28264.55
TXN111576,2025-10-13,CUST0595,South,Grocery,2,1707.04,3414.09
TXN110997,2025-10-13,CUST0359,West,Apparel,1,6767.65,6767.65
TXN113770,2025-10-13,CUST0156,South,Beauty,1,1326.92,1326.92
TXN114677,2025-10-13,CUST0428,North,Home & Living,3,12846.44,38539.31
TXN101249,2025-10-13,CUST0282,North,Apparel,1,331.59,331.59
TXN106443,2025-10-13,CUST0552,East,Home & Living,2,1882.14,3764.28
TXN105706,2025-10-13,CUST0669,West,Grocery,1,61.75,61.75
TXN109791,2025-10-13,CUST0141,North,Grocery,1,490.18,490.18
TXN107872,2025-10-14,CUST0712,West,Apparel,1,1181.16,1181.16
TXN104174,2025-10-14,CUST0026,Central,Grocery,2,76.28,152.57
TXN102461,2025-10-14,CUST0179,South,Apparel,3,3461.77,10385.31
TXN114605,2025-10-14,CUST0063,East,Electronics,2,29514.07,59028.13
TXN101428,2025-10-14,CUST0528,West,Beauty,1,1552.74,1552.74
TXN112469,2025-10-14,CUST0179,South,Apparel,1,6903.4,6903.4
TXN101366,2025-10-14,CUST0570,North,Grocery,1,825.2,825.2
TXN100146,2025-10-14,CUST0015,West,Apparel,1,670.08,670.08
TXN105691,2025-10-14,CUST0065,South,Apparel,1,2045.97,2045.97
TXN109390,2025-10-14,CUST0519,North,Electronics,1,10733.81,10733.81
TXN103315,2025-10-14,CUST0737,North,Grocery,1,484.89,484.89
TXN102519,2025-10-14,CUST0559,North,Apparel,1,3808.18,3808.18
TXN103257,2025-10-14,CUST0754,Central,Grocery,1,388.23,388.23
TXN110092,2025-10-14,CUST0613,North,Apparel,1,3286.83,3286.83
TXN110870,2025-10-14,CUST0552,East,Apparel,1,3988.42,3988.42
TXN113078,2025-10-14,CUST0326,East,Apparel,2,3522.13,7044.26
TXN104158,2025-10-14,CUST0359,West,Grocery,1,1807.62,1807.62
TXN110778,2025-10-14,CUST0425,South,Grocery,1,489.16,489.16
TXN103678,2025-10-14,CUST0756,North,Apparel,1,4230.51,4230.51
TXN112520,2025-10-14,CUST0521,North,Electronics,1,25128.91,25128.91
TXN114410,2025-10-14,CUST0039,East,Grocery,1,927.06,927.06
TXN101871,2025-10-14,CUST0616,Central,Grocery,1,937.45,937.45
TXN103080,2025-10-15,CUST0222,South,Home & Living,2,855.3,1710.6
TXN104032,2025-10-15,CUST0156,South,Electronics,2,12736.89,25473.78
TXN105030,2025-10-15,CUST0332,South,Apparel,1,4217.48,4217.48
TXN114148,2025-10-15,CUST0081,North,Apparel,1,2227.9,2227.9
TXN107760,2025-10-15,CUST0418,West,Grocery,2,700.81,1401.63
TXN101444,2025-10-15,CUST0578,East,Home & Living,1,8435.76,8435.76
TXN106371,2025-10-15,CUST0505,West,Apparel,2,2738.0,5476.0
TXN102169,2025-10-15,CUST0100,North,Apparel,1,543.61,543.61
TXN104431,2025-10-15,CUST0281,West,Beauty,1,2543.01,2543.01
TXN108552,2025-10-15,CUST0229,South,Apparel,1,6384.66,6384.66
TXN107379,2025-10-15,CUST0265,South,Grocery,1,2142.37,2142.37
TXN111669,2025-10-15,CUST0691,North,Grocery,1,733.76,733.76
TXN108580,2025-10-15,CUST0533,North,Electronics,1,56807.72,56807.72
TXN109719,2025-10-15,CUST0760,Central,Beauty,1,1440.04,1440.04
TXN103700,2025-10-15,CUST0620,Central,Home & Living,1,6830.67,6830.67
TXN108045,2025-10-15,CUST0529,East,Electronics,1,30914.84,30914.84
TXN104786,2025-10-15,CUST0448,North,Electronics,1,18852.82,18852.82
TXN102755,2025-10-15,CUST0482,West,Electronics,1,36709.68,36709.68
TXN106693,2025-10-15,CUST0158,North,Electronics,1,23566.09,23566.09
TXN109240,2025-10-15,CUST0685,South,Electronics,1,32343.24,32343.24
TXN103880,2025-10-16,CUST0648,West,Apparel,2,3540.36,7080.72
TXN102916,2025-10-16,CUST0419,East,Apparel,1,676.52,676.52
TXN100042,2025-10-16,CUST0419,East,Apparel,3,1104.07,3312.2
TXN106843,2025-10-16,CUST0337,West,Home & Living,1,6940.73,6940.73
TXN103833,2025-10-16,CUST0054,Central,Beauty,1,3136.09,3136.09
TXN112890,2025-10-16,CUST0700,West,Grocery,1,218.97,218.97
TXN111521,2025-10-16,CUST0038,South,Beauty,1,1184.16,1184.16
TXN106396,2025-10-16,CUST0178,North,Electronics,1,5287.58,5287.58
TXN101143,2025-10-16,CUST0119,West,Beauty,1,4501.75,4501.75
TXN110385,2025-10-16,CUST0473,West,Apparel,2,2343.2,4686.4
TXN104683,2025-10-16,CUST0558,South,Grocery,2,414.23,828.47
TXN113687,2025-10-16,CUST0718,Central,Apparel,1,7117.49,7117.49
TXN105112,2025-10-16,CUST0555,South,Apparel,1,3262.08,3262.08
TXN102740,2025-10-16,CUST0362,North,Beauty,1,308.31,308.31
TXN101475,2025-10-16,CUST0696,East,Apparel,1,4348.83,4348.83
TXN104092,2025-10-16,CUST0535,Central,Electronics,1,6357.86,6357.86
TXN104945,2025-10-17,CUST0071,South,Apparel,2,1546.85,3093.71
TXN110963,2025-10-17,CUST0725,South,Apparel,1,3399.23,3399.23
TXN113342,2025-10-17,CUST0106,Central,Home & Living,1,4147.19,4147.19
TXN105022,2025-10-17,CUST0395,North,Electronics,2,2617.09,5234.17
TXN106194,2025-10-17,CUST0570,North,Beauty,1,231.52,231.52
TXN106227,2025-10-17,CUST0266,West,Electronics,2,34795.23,69590.47
TXN114234,2025-10-17,CUST0640,East,Electronics,1,11488.72,11488.72
TXN112490,2025-10-17,CUST0768,North,Apparel,1,8070.58,8070.58
TXN104525,2025-10-17,CUST0624,North,Beauty,2,507.22,1014.43
TXN110836,2025-10-17,CUST0393,South,Apparel,1,362.06,362.06
TXN105699,2025-10-17,CUST0507,West,Home & Living,1,12543.56,12543.56
TXN107480,2025-10-17,CUST0267,North,Grocery,3,677.2,2031.6
TXN105046,2025-10-17,CUST0721,North,Electronics,1,44561.29,44561.29
TXN102101,2025-10-17,CUST0533,North,Apparel,1,1706.69,1706.69
TXN102972,2025-10-17,CUST0198,North,Beauty,2,2791.17,5582.34
TXN104458,2025-10-17,CUST0679,West,Apparel,1,1471.71,1471.71
TXN112534,2025-10-17,CUST0552,East,Home & Living,1,7913.02,7913.02
TXN106950,2025-10-17,CUST0736,North,Beauty,1,1027.68,1027.68
TXN103569,2025-10-17,CUST0610,West,Apparel,3,1126.01,3378.02
TXN104424,2025-10-17,CUST0076,North,Grocery,1,664.02,664.02
TXN113607,2025-10-18,CUST0603,North,Electronics,2,15496.03,30992.06
TXN109302,2025-10-18,CUST0627,North,Electronics,2,16550.64,33101.28
TXN112181,2025-10-18,CUST0012,West,Home & Living,2,8381.45,16762.9
TXN104798,2025-10-18,CUST0360,North,Electronics,1,33027.99,33027.99
TXN109714,2025-10-18,CUST0759,West,Beauty,1,1927.67,1927.67
TXN108388,2025-10-18,CUST0031,North,Apparel,2,1427.87,2855.73
TXN106586,2025-10-18,CUST0198,North,Apparel,1,5652.02,5652.02
TXN106349,2025-10-18,CUST0229,South,Home & Living,1,7072.03,7072.03
TXN100433,2025-10-18,CUST0783,East,Apparel,1,1290.56,1290.56
TXN102130,2025-10-18,CUST0125,South,Apparel,1,617.07,617.07
TXN104074,2025-10-18,CUST0769,East,Home & Living,1,838.37,838.37
TXN112313,2025-10-18,CUST0716,North,Electronics,1,72431.68,72431.68
TXN105478,2025-10-18,CUST0447,North,Beauty,1,4742.7,4742.7
TXN106780,2025-10-18,CUST0413,North,Beauty,1,1198.42,1198.42
TXN111510,2025-10-18,CUST0186,South,Home & Living,2,1991.17,3982.34
TXN105339,2025-10-18,CUST0249,West,Beauty,2,2928.87,5857.74
TXN109632,2025-10-18,CUST0093,West,Apparel,1,2809.43,2809.43
TXN101218,2025-10-19,CUST0008,Central,Electronics,1,30471.64,30471.64
TXN106064,2025-10-19,CUST0281,West,Home & Living,1,1771.53,1771.53
TXN108082,2025-10-19,CUST0250,North,Apparel,1,2901.24,2901.24
TXN109343,2025-10-19,CUST0257,West,Apparel,1,3603.73,3603.73
TXN101446,2025-10-19,CUST0345,North,Grocery,1,232.22,232.22
TXN114100,2025-10-19,CUST0243,South,Home & Living,1,3504.21,3504.21
TXN114687,2025-10-19,CUST0494,West,Electronics,2,11082.06,22164.12
TXN103382,2025-10-19,CUST0522,North,Beauty,1,1126.88,1126.88
TXN104065,2025-10-19,CUST0618,North,Apparel,1,699.73,699.73
TXN106152,2025-10-19,CUST0111,East,Apparel,1,937.54,937.54
TXN106246,2025-10-19,CUST0667,Central,Apparel,2,3091.98,6183.97
TXN105660,2025-10-19,CUST0209,North,Electronics,1,7119.73,7119.73
TXN100544,2025-10-19,CUST0384,Central,Apparel,1,7456.27,7456.27
TXN112993,2025-10-19,CUST0447,North,Electronics,1,25887.43,25887.43
TXN109766,2025-10-19,CUST0341,West,Apparel,1,1373.36,1373.36
TXN112907,2025-10-19,CUST0285,Central,Beauty,1,1140.35,1140.35
TXN112062,2025-10-19,CUST0486,East,Home & Living,1,8839.41,8839.41
TXN102394,2025-10-19,CUST0400,North,Apparel,1,2726.61,2726.61
TXN100501,2025-10-19,CUST0429,Central,Beauty,1,1218.39,1218.39
TXN111196,2025-10-20,CUST0660,East,Home & Living,1,5894.9,5894.9
TXN107977,2025-10-20,CUST0582,South,Beauty,1,3604.39,3604.39
TXN104622,2025-10-20,CUST0159,North,Apparel,2,1138.78,2277.57
TXN102040,2025-10-20,CUST0197,Central,Apparel,1,2143.11,2143.11
TXN100383,2025-10-20,CUST0393,South,Grocery,2,312.92,625.84
TXN102359,2025-10-20,CUST0035,South,Electronics,1,64086.62,64086.62
TXN111322,2025-10-20,CUST0348,East,Home & Living,1,4809.64,4809.64
TXN113043,2025-10-20,CUST0490,North,Apparel,1,2298.56,2298.56
TXN100469,2025-10-20,CUST0262,Central,Home & Living,1,5298.8,5298.8
TXN100241,2025-10-20,CUST0353,West,Electronics,1,18107.5,18107.5
TXN104927,2025-10-20,CUST0672,West,Electronics,2,15591.69,31183.37
TXN100888,2025-10-20,CUST0472,West,Electronics,1,14735.81,14735.81
TXN108102,2025-10-20,CUST0560,East,Apparel,1,1514.85,1514.85
TXN103289,2025-10-20,CUST0539,North,Home & Living,1,2833.39,2833.39
TXN104996,2025-10-20,CUST0101,North,Grocery,1,831.57,831.57
TXN113567,2025-10-20,CUST0164,South,Beauty,1,1646.27,1646.27
TXN100937,2025-10-20,CUST0119,West,Home & Living,2,3131.34,6262.69
TXN113882,2025-10-20,CUST0489,North,Apparel,1,1090.76,1090.76
TXN108087,2025-10-20,CUST0242,West,Home & Living,1,1636.65,1636.65
TXN113626,2025-10-20,CUST0122,South,Grocery,1,163.24,163.24
TXN108127,2025-10-20,CUST0173,West,Apparel,1,450.93,450.93
TXN114597,2025-10-20,CUST0051,North,Apparel,2,3948.71,7897.41
TXN101951,2025-10-21,CUST0116,South,Beauty,2,4158.69,8317.37
TXN109639,2025-10-21,CUST0229,South,Apparel,1,8097.71,8097.71
TXN108089,2025-10-21,CUST0672,West,Apparel,1,7881.73,7881.73
TXN111599,2025-10-21,CUST0155,South,Home & Living,2,7472.18,14944.36
TXN112918,2025-10-21,CUST0768,North,Apparel,1,4604.84,4604.84
TXN105943,2025-10-21,CUST0796,East,Apparel,1,4326.22,4326.22
TXN107271,2025-10-21,CUST0115,East,Apparel,2,2308.86,4617.72
TXN100100,2025-10-21,CUST0778,East,Grocery,1,267.84,267.84
TXN103069,2025-10-21,CUST0544,West,Electronics,1,39953.56,39953.56
TXN113367,2025-10-21,CUST0264,South,Apparel,1,1687.24,1687.24
TXN112482,2025-10-21,CUST0783,East,Home & Living,1,1298.27,1298.27
TXN104958,2025-10-21,CUST0595,South,Home & Living,1,7673.81,7673.81
TXN109736,2025-10-21,CUST0249,West,Grocery,1,1258.85,1258.85
TXN109139,2025-10-21,CUST0163,North,Apparel,1,1389.99,1389.99
TXN105853,2025-10-21,CUST0482,West,Electronics,1,2995.21,2995.21
TXN114771,2025-10-21,CUST0595,South,Apparel,1,968.07,968.07
TXN101387,2025-10-21,CUST0409,North,Apparel,1,3294.48,3294.48
TXN104000,2025-10-21,CUST0220,North,Grocery,1,406.24,406.24
TXN109214,2025-10-21,CUST0552,East,Grocery,1,680.33,680.33
TXN112533,2025-10-21,CUST0382,South,Home & Living,3,633.77,1901.32
TXN102073,2025-10-21,CUST0094,South,Apparel,1,449.58,449.58
TXN106555,2025-10-21,CUST0151,East,Apparel,1,2341.49,2341.49
TXN102761,2025-10-21,CUST0482,West,Apparel,1,3400.9,3400.9
TXN113205,2025-10-21,CUST0448,North,Home & Living,1,6959.96,6959.96
TXN109259,2025-10-21,CUST0484,North,Apparel,1,2651.57,2651.57
TXN111116,2025-10-22,CUST0058,South,Grocery,1,669.19,669.19
TXN100273,2025-10-22,CUST0676,East,Apparel,1,5555.6,5555.6
TXN111223,2025-10-22,CUST0486,East,Apparel,1,2480.12,2480.12
TXN102479,2025-10-22,CUST0189,North,Electronics,1,24262.81,24262.81
TXN100909,2025-10-22,CUST0718,Central,Grocery,1,2125.38,2125.38
TXN113144,2025-10-22,CUST0095,East,Home & Living,1,6809.84,6809.84
TXN109501,2025-10-22,CUST0706,South,Electronics,1,73367.11,73367.11
TXN106961,2025-10-22,CUST0721,North,Apparel,2,1290.94,2581.89
TXN108789,2025-10-22,CUST0718,Central,Apparel,1,6366.77,6366.77
TXN109048,2025-10-22,CUST0797,North,Beauty,1,5110.2,5110.2
TXN101087,2025-10-22,CUST0334,North,Beauty,1,823.49,823.49
TXN114299,2025-10-22,CUST0057,North,Apparel,2,2734.79,5469.58
TXN102864,2025-10-22,CUST0532,West,Grocery,3,1667.36,5002.09
TXN101329,2025-10-22,CUST0315,East,Apparel,1,3388.45,3388.45
TXN101623,2025-10-22,CUST0015,West,Grocery,1,298.32,298.32
TXN103698,2025-10-23,CUST0350,West,Electronics,1,14307.99,14307.99
TXN112004,2025-10-23,CUST0014,Central,Home & Living,1,3859.66,3859.66
TXN112708,2025-10-23,CUST0173,West,Home & Living,1,5097.55,5097.55
TXN104360,2025-10-23,CUST0323,West,Apparel,2,1683.67,3367.34
TXN106053,2025-10-23,CUST0649,Central,Apparel,3,4428.56,13285.68
TXN106816,2025-10-23,CUST0615,East,Apparel,1,5166.79,5166.79
TXN108215,2025-10-23,CUST0544,West,Home & Living,1,2821.71,2821.71
TXN109595,2025-10-23,CUST0218,East,Grocery,1,831.16,831.16
TXN101745,2025-10-23,CUST0560,East,Grocery,1,1157.69,1157.69
TXN100426,2025-10-23,CUST0574,South,Electronics,1,15419.06,15419.06
TXN110430,2025-10-23,CUST0406,West,Apparel,1,4605.06,4605.06
TXN114724,2025-10-23,CUST0728,South,Grocery,1,135.6,135.6
TXN110698,2025-10-23,CUST0081,North,Apparel,1,3702.67,3702.67
TXN109358,2025-10-23,CUST0447,North,Grocery,1,2076.65,2076.65
TXN112738,2025-10-23,CUST0298,North,Apparel,1,2674.89,2674.89
TXN105688,2025-10-23,CUST0762,North,Apparel,1,832.64,832.64
TXN101045,2025-10-23,CUST0284,West,Apparel,1,299.5,299.5
TXN105467,2025-10-23,CUST0403,North,Apparel,1,1084.58,1084.58
TXN105245,2025-10-23,CUST0162,East,Electronics,2,40095.98,80191.96
TXN110330,2025-10-23,CUST0539,North,Beauty,1,143.23,143.23
TXN100239,2025-10-24,CUST0188,South,Apparel,1,2431.34,2431.34
TXN114237,2025-10-24,CUST0402,North,Grocery,2,1022.24,2044.48
TXN112922,2025-10-24,CUST0706,South,Apparel,1,4776.06,4776.06
TXN114970,2025-10-24,CUST0259,South,Apparel,1,3720.13,3720.13
TXN109739,2025-10-24,CUST0325,East,Electronics,1,38401.78,38401.78
TXN101948,2025-10-24,CUST0245,Central,Home & Living,1,2646.65,2646.65
TXN106844,2025-10-24,CUST0151,East,Electronics,3,33049.56,99148.68
TXN107931,2025-10-24,CUST0752,East,Beauty,1,2900.97,2900.97
TXN109635,2025-10-24,CUST0412,South,Grocery,1,1956.32,1956.32
TXN100170,2025-10-24,CUST0374,North,Electronics,1,29501.12,29501.12
TXN114419,2025-10-24,CUST0779,East,Home & Living,2,2085.98,4171.95
TXN108769,2025-10-24,CUST0484,North,Apparel,1,4095.4,4095.4
TXN108499,2025-10-24,CUST0140,East,Apparel,1,3255.13,3255.13
TXN108468,2025-10-24,CUST0407,West,Beauty,1,596.46,596.46
TXN109090,2025-10-24,CUST0569,North,Grocery,2,814.63,1629.25
TXN106513,2025-10-25,CUST0522,North,Electronics,2,24093.41,48186.82
TXN105774,2025-10-25,CUST0105,South,Grocery,1,1650.82,1650.82
TXN106921,2025-10-25,CUST0346,West,Grocery,2,1023.41,2046.81
TXN101684,2025-10-25,CUST0382,South,Grocery,1,1135.55,1135.55
TXN105351,2025-10-25,CUST0386,Central,Apparel,1,1418.38,1418.38
TXN104806,2025-10-25,CUST0262,Central,Beauty,1,3832.36,3832.36
TXN111333,2025-10-25,CUST0268,North,Home & Living,1,5132.19,5132.19
TXN107577,2025-10-25,CUST0633,South,Apparel,2,892.49,1784.97
TXN100671,2025-10-25,CUST0308,West,Apparel,1,3111.72,3111.72
TXN111946,2025-10-25,CUST0470,South,Apparel,1,7859.23,7859.23
TXN107065,2025-10-25,CUST0449,Central,Grocery,1,225.11,225.11
TXN106174,2025-10-25,CUST0265,South,Grocery,1,740.92,740.92
TXN100948,2025-10-25,CUST0327,North,Grocery,2,1062.18,2124.37
TXN106030,2025-10-25,CUST0396,West,Beauty,1,450.31,450.31
TXN103777,2025-10-25,CUST0271,South,Home & Living,1,1275.49,1275.49
TXN113004,2025-10-25,CUST0609,East,Home & Living,1,3831.95,3831.95
TXN103755,2025-10-25,CUST0326,East,Grocery,1,987.33,987.33
TXN113382,2025-10-25,CUST0796,East,Home & Living,2,2855.76,5711.51
TXN109464,2025-10-26,CUST0031,North,Apparel,1,4378.91,4378.91
TXN102656,2025-10-26,CUST0800,Central,Beauty,1,1282.39,1282.39
TXN108872,2025-10-26,CUST0645,West,Home & Living,2,1102.48,2204.97
TXN102646,2025-10-26,CUST0204,West,Grocery,1,92.68,92.68
TXN107618,2025-10-26,CUST0679,West,Apparel,1,4799.1,4799.1
TXN103445,2025-10-26,CUST0481,East,Grocery,1,993.4,993.4
TXN107781,2025-10-26,CUST0243,South,Grocery,1,1892.08,1892.08
TXN111394,2025-10-26,CUST0307,South,Apparel,1,1608.38,1608.38
TXN108246,2025-10-26,CUST0680,South,Home & Living,1,2973.76,2973.76
TXN105293,2025-10-26,CUST0307,South,Electronics,1,8577.87,8577.87
TXN113804,2025-10-26,CUST0750,East,Home & Living,1,7029.96,7029.96
TXN110392,2025-10-26,CUST0771,East,Electronics,1,16620.59,16620.59
TXN103882,2025-10-26,CUST0365,North,Apparel,1,2760.2,2760.2
TXN108877,2025-10-27,CUST0044,Central,Apparel,2,8099.55,16199.11
TXN107100,2025-10-27,CUST0748,East,Beauty,1,1520.92,1520.92
TXN108486,2025-10-27,CUST0560,East,Apparel,2,4149.56,8299.12
TXN110339,2025-10-27,CUST0394,East,Apparel,1,4312.36,4312.36
TXN110516,2025-10-27,CUST0385,North,Home & Living,1,6090.73,6090.73
TXN103850,2025-10-27,CUST0238,West,Beauty,2,306.34,612.68
TXN108924,2025-10-27,CUST0333,North,Grocery,1,459.84,459.84
TXN107884,2025-10-27,CUST0722,Central,Beauty,1,1683.75,1683.75
TXN108543,2025-10-27,CUST0321,Central,Beauty,1,999.16,999.16
TXN101711,2025-10-27,CUST0518,West,Home & Living,1,6553.55,6553.55
TXN100134,2025-10-27,CUST0113,East,Apparel,2,6618.99,13237.98
TXN102731,2025-10-27,CUST0113,East,Apparel,1,3714.14,3714.14
TXN112887,2025-10-27,CUST0672,West,Apparel,1,3119.46,3119.46
TXN107166,2025-10-27,CUST0629,East,Electronics,1,16531.63,16531.63
TXN109701,2025-10-27,CUST0166,South,Beauty,1,1062.8,1062.8
TXN103243,2025-10-27,CUST0037,Central,Home & Living,1,4508.02,4508.02
TXN111492,2025-10-27,CUST0141,North,Home & Living,1,4075.69,4075.69
TXN106345,2025-10-28,CUST0119,West,Apparel,1,1198.17,1198.17
TXN104304,2025-10-28,CUST0084,North,Apparel,1,328.83,328.83
TXN114286,2025-10-28,CUST0537,North,Home & Living,1,6893.13,6893.13
TXN114656,2025-10-28,CUST0577,South,Apparel,1,2367.82,2367.82
TXN112779,2025-10-28,CUST0034,North,Home & Living,3,3236.84,9710.53
TXN113005,2025-10-28,CUST0684,North,Apparel,1,2396.83,2396.83
TXN104942,2025-10-28,CUST0779,East,Grocery,1,104.7,104.7
TXN105302,2025-10-28,CUST0034,North,Grocery,3,768.04,2304.12
TXN113212,2025-10-28,CUST0406,West,Apparel,1,3563.65,3563.65
TXN107623,2025-10-28,CUST0219,Central,Grocery,1,180.17,180.17
TXN105471,2025-10-28,CUST0354,West,Apparel,1,2193.92,2193.92
TXN113566,2025-10-28,CUST0043,North,Grocery,1,185.3,185.3
TXN105099,2025-10-28,CUST0241,East,Home & Living,1,12491.82,12491.82
TXN101240,2025-10-28,CUST0315,East,Apparel,1,1933.35,1933.35
TXN103988,2025-10-28,CUST0749,North,Electronics,1,68069.7,68069.7
TXN103991,2025-10-28,CUST0422,North,Apparel,1,2918.19,2918.19
TXN113524,2025-10-28,CUST0160,West,Home & Living,1,5882.83,5882.83
TXN102386,2025-10-28,CUST0081,North,Apparel,1,3030.95,3030.95
TXN109724,2025-10-28,CUST0759,West,Grocery,2,127.11,254.23
TXN102096,2025-10-29,CUST0773,West,Apparel,1,2540.19,2540.19
TXN111148,2025-10-29,CUST0147,North,Apparel,1,1838.09,1838.09
TXN111212,2025-10-29,CUST0242,West,Grocery,1,1511.8,1511.8
TXN107964,2025-10-29,CUST0305,Central,Home & Living,2,4259.86,8519.72
TXN114511,2025-10-29,CUST0192,West,Apparel,1,3829.19,3829.19
TXN103793,2025-10-29,CUST0470,South,Grocery,1,1277.83,1277.83
TXN105648,2025-10-29,CUST0137,North,Beauty,3,1258.39,3775.16
TXN110389,2025-10-29,CUST0760,Central,Electronics,1,11965.24,11965.24
TXN111274,2025-10-29,CUST0770,South,Apparel,1,533.79,533.79
TXN114908,2025-10-29,CUST0183,North,Grocery,1,538.14,538.14
TXN105494,2025-10-29,CUST0281,West,Electronics,1,59478.94,59478.94
TXN100617,2025-10-29,CUST0230,West,Grocery,2,334.58,669.16
TXN103198,2025-10-29,CUST0105,South,Apparel,1,3875.15,3875.15
TXN103621,2025-10-29,CUST0386,Central,Apparel,1,3622.03,3622.03
TXN100494,2025-10-29,CUST0235,North,Electronics,1,5256.38,5256.38
TXN102131,2025-10-29,CUST0779,East,Grocery,1,922.98,922.98
TXN111039,2025-10-29,CUST0584,North,Apparel,1,2022.88,2022.88
TXN105013,2025-10-29,CUST0034,North,Apparel,1,5258.96,5258.96
TXN114691,2025-10-30,CUST0164,South,Apparel,1,1126.67,1126.67
TXN100299,2025-10-30,CUST0620,Central,Electronics,1,30798.7,30798.7
TXN104919,2025-10-30,CUST0130,North,Grocery,2,689.46,1378.93
TXN114994,2025-10-30,CUST0513,East,Home & Living,1,7496.79,7496.79
TXN110419,2025-10-30,CUST0056,North,Home & Living,3,4723.96,14171.87
TXN105626,2025-10-30,CUST0688,West,Home & Living,1,2300.76,2300.76
TXN104969,2025-10-30,CUST0342,South,Grocery,1,808.4,808.4
TXN105288,2025-10-30,CUST0123,Central,Electronics,1,19034.46,19034.46
TXN103685,2025-10-30,CUST0555,South,Home & Living,1,9278.21,9278.21
TXN107578,2025-10-30,CUST0453,North,Grocery,1,276.84,276.84
TXN112682,2025-10-30,CUST0538,West,Apparel,2,1634.75,3269.5
TXN106690,2025-10-30,CUST0780,East,Grocery,1,154.22,154.22
TXN104602,2025-10-30,CUST0741,West,Apparel,1,472.62,472.62
TXN110308,2025-10-30,CUST0352,West,Beauty,1,1629.76,1629.76
TXN113654,2025-10-30,CUST0507,West,Grocery,1,90.35,90.35
TXN103057,2025-10-30,CUST0444,West,Electronics,1,29246.97,29246.97
TXN110989,2025-10-31,CUST0561,Central,Grocery,1,390.26,390.26
TXN108781,2025-10-31,CUST0554,West,Grocery,1,558.82,558.82
TXN107887,2025-10-31,CUST0155,South,Grocery,1,1468.18,1468.18
TXN114948,2025-10-31,CUST0399,West,Electronics,1,34331.84,34331.84
TXN106512,2025-10-31,CUST0785,Central,Grocery,1,827.94,827.94
TXN106397,2025-10-31,CUST0369,North,Apparel,1,1784.12,1784.12
TXN107903,2025-10-31,CUST0749,North,Beauty,1,4847.73,4847.73
TXN108199,2025-10-31,CUST0749,North,Home & Living,2,3334.13,6668.26
TXN110859,2025-10-31,CUST0237,South,Beauty,1,1696.36,1696.36
TXN110492,2025-10-31,CUST0116,South,Apparel,1,3006.59,3006.59
TXN113238,2025-10-31,CUST0147,North,Grocery,1,790.91,790.91
TXN112502,2025-10-31,CUST0239,North,Grocery,1,667.85,667.85
TXN110311,2025-10-31,CUST0481,East,Apparel,1,3276.73,3276.73
TXN108069,2025-10-31,CUST0619,South,Electronics,1,35156.85,35156.85
TXN105109,2025-10-31,CUST0726,North,Grocery,1,132.67,132.67
TXN110400,2025-10-31,CUST0514,West,Beauty,2,2810.58,5621.16
TXN101112,2025-10-31,CUST0274,North,Beauty,1,4708.57,4708.57
TXN114287,2025-11-01,CUST0276,South,Home & Living,1,1019.02,1019.02
TXN101814,2025-11-01,CUST0620,Central,Grocery,1,1060.38,1060.38
TXN109984,2025-11-01,CUST0507,West,Beauty,1,1228.23,1228.23
TXN105872,2025-11-01,CUST0701,East,Home & Living,1,5244.24,5244.24
TXN107908,2025-11-01,CUST0236,West,Home & Living,2,6488.59,12977.19
TXN104222,2025-11-01,CUST0554,West,Grocery,1,684.53,684.53
TXN106875,2025-11-01,CUST0552,East,Home & Living,1,6185.45,6185.45
TXN104568,2025-11-01,CUST0050,East,Apparel,1,1307.64,1307.64
TXN102602,2025-11-01,CUST0108,South,Apparel,1,934.16,934.16
TXN109190,2025-11-01,CUST0624,North,Apparel,1,2232.06,2232.06
TXN113540,2025-11-01,CUST0555,South,Grocery,1,1440.13,1440.13
TXN111998,2025-11-01,CUST0046,South,Electronics,1,32556.36,32556.36
TXN114987,2025-11-01,CUST0222,South,Home & Living,2,1966.43,3932.86
TXN113115,2025-11-01,CUST0115,East,Home & Living,2,7588.83,15177.66
TXN107827,2025-11-01,CUST0678,West,Grocery,1,330.9,330.9
TXN102380,2025-11-01,CUST0668,South,Beauty,1,688.87,688.87
TXN111640,2025-11-01,CUST0194,East,Electronics,1,37113.36,37113.36
TXN100405,2025-11-01,CUST0597,South,Apparel,1,961.51,961.51
TXN105578,2025-11-01,CUST0179,South,Beauty,1,1484.8,1484.8
TXN102879,2025-11-01,CUST0465,North,Beauty,2,5005.18,10010.36
TXN104935,2025-11-01,CUST0204,West,Apparel,1,2328.43,2328.43
TXN103661,2025-11-01,CUST0662,East,Grocery,1,1678.5,1678.5
TXN100791,2025-11-01,CUST0140,East,Electronics,2,69590.78,139181.57
TXN112504,2025-11-01,CUST0619,South,Grocery,3,1066.45,3199.36
TXN105001,2025-11-02,CUST0476,North,Apparel,2,5360.59,10721.17
TXN105027,2025-11-02,CUST0541,North,Electronics,1,61074.46,61074.46
TXN109956,2025-11-02,CUST0689,South,Apparel,1,3823.51,3823.51
TXN113642,2025-11-02,CUST0386,Central,Home & Living,1,3647.31,3647.31
TXN105773,2025-11-02,CUST0482,West,Electronics,1,43175.34,43175.34
TXN109894,2025-11-02,CUST0442,West,Grocery,1,1047.16,1047.16
TXN101472,2025-11-02,CUST0249,West,Beauty,2,3464.58,6929.16
TXN101473,2025-11-02,CUST0222,South,Electronics,1,13188.71,13188.71
TXN113772,2025-11-02,CUST0533,North,Home & Living,1,2605.64,2605.64
TXN114424,2025-11-02,CUST0646,North,Apparel,1,742.63,742.63
TXN107283,2025-11-02,CUST0256,South,Electronics,1,44431.78,44431.78
TXN108777,2025-11-02,CUST0413,North,Electronics,1,33573.74,33573.74
TXN103604,2025-11-02,CUST0786,North,Electronics,2,60731.0,121462.01
TXN109661,2025-11-02,CUST0245,Central,Electronics,1,25865.84,25865.84
TXN103070,2025-11-02,CUST0287,East,Electronics,1,24134.26,24134.26
TXN102784,2025-11-02,CUST0708,East,Apparel,1,1777.61,1777.61
TXN112041,2025-11-02,CUST0388,North,Apparel,2,1281.71,2563.41
TXN104038,2025-11-02,CUST0013,North,Grocery,1,621.87,621.87
TXN106241,2025-11-02,CUST0359,West,Electronics,1,71816.75,71816.75
TXN103373,2025-11-02,CUST0554,West,Apparel,2,2071.93,4143.86
TXN110397,2025-11-02,CUST0248,North,Home & Living,1,4427.43,4427.43
TXN112660,2025-11-02,CUST0353,West,Home & Living,2,5144.76,10289.52
TXN100062,2025-11-02,CUST0740,East,Home & Living,3,678.97,2036.9
TXN105896,2025-11-02,CUST0059,East,Apparel,1,1248.06,1248.06
TXN104140,2025-11-02,CUST0718,Central,Apparel,1,7401.62,7401.62
TXN106283,2025-11-02,CUST0716,North,Electronics,1,51159.79,51159.79
TXN100884,2025-11-02,CUST0378,North,Apparel,1,682.0,682.0
TXN106544,2025-11-02,CUST0765,West,Beauty,1,1500.99,1500.99
TXN103375,2025-11-02,CUST0365,North,Home & Living,1,6777.22,6777.22
TXN103576,2025-11-03,CUST0714,North,Grocery,1,695.07,695.07
TXN103308,2025-11-03,CUST0581,North,Grocery,1,716.08,716.08
TXN105474,2025-11-03,CUST0407,West,Apparel,1,420.93,420.93
TXN104848,2025-11-03,CUST0054,Central,Apparel,1,3807.33,3807.33
TXN113628,2025-11-03,CUST0664,East,Grocery,1,712.26,712.26
TXN108707,2025-11-03,CUST0195,South,Beauty,1,273.59,273.59
TXN108165,2025-11-03,CUST0182,West,Grocery,1,329.57,329.57
TXN105892,2025-11-03,CUST0266,West,Apparel,1,626.12,626.12
TXN110177,2025-11-03,CUST0442,West,Home & Living,1,3845.43,3845.43
TXN107003,2025-11-03,CUST0129,East,Apparel,1,1845.23,1845.23
TXN100346,2025-11-03,CUST0360,North,Home & Living,1,7241.4,7241.4
TXN108232,2025-11-03,CUST0137,North,Apparel,1,2561.66,2561.66
TXN104487,2025-11-03,CUST0175,North,Apparel,1,465.83,465.83
TXN106940,2025-11-03,CUST0471,West,Beauty,1,1707.8,1707.8
TXN105940,2025-11-03,CUST0160,West,Home & Living,1,4958.8,4958.8
TXN102245,2025-11-03,CUST0517,East,Apparel,2,3014.99,6029.97
TXN110839,2025-11-03,CUST0199,Central,Electronics,1,61020.21,61020.21
TXN101462,2025-11-03,CUST0479,North,Home & Living,1,13931.53,13931.53
TXN103058,2025-11-03,CUST0158,North,Home & Living,1,7050.22,7050.22
TXN104444,2025-11-03,CUST0548,South,Home & Living,1,7956.37,7956.37
TXN113604,2025-11-03,CUST0396,West,Grocery,1,1655.34,1655.34
TXN108242,2025-11-03,CUST0241,East,Grocery,1,156.65,156.65
TXN109297,2025-11-03,CUST0183,North,Electronics,1,7648.81,7648.81
TXN110162,2025-11-03,CUST0454,North,Grocery,1,99.75,99.75
TXN101391,2025-11-03,CUST0636,North,Electronics,1,28975.26,28975.26
TXN106139,2025-11-03,CUST0066,East,Grocery,1,524.15,524.15
TXN101703,2025-11-03,CUST0257,West,Apparel,1,6338.75,6338.75
TXN114599,2025-11-04,CUST0604,West,Electronics,1,6053.55,6053.55
TXN101520,2025-11-04,CUST0222,South,Beauty,2,2616.86,5233.71
TXN110791,2025-11-04,CUST0757,East,Home & Living,1,747.35,747.35
TXN113668,2025-11-04,CUST0193,North,Grocery,1,1912.44,1912.44
TXN104125,2025-11-04,CUST0509,South,Electronics,1,63051.55,63051.55
TXN102616,2025-11-04,CUST0036,South,Home & Living,1,5658.95,5658.95
TXN109543,2025-11-04,CUST0612,North,Electronics,1,25103.18,25103.18
TXN107078,2025-11-04,CUST0430,South,Home & Living,3,1488.47,4465.4
TXN111234,2025-11-04,CUST0243,South,Grocery,1,1709.85,1709.85
TXN101854,2025-11-04,CUST0757,East,Grocery,1,453.76,453.76
TXN112426,2025-11-04,CUST0518,West,Apparel,2,485.69,971.39
TXN108337,2025-11-04,CUST0532,West,Apparel,1,5082.53,5082.53
TXN104268,2025-11-04,CUST0649,Central,Grocery,1,813.81,813.81
TXN103318,2025-11-04,CUST0597,South,Electronics,1,25971.46,25971.46
TXN104619,2025-11-04,CUST0126,North,Home & Living,1,2059.54,2059.54
TXN104596,2025-11-04,CUST0199,Central,Apparel,1,2588.1,2588.1
TXN114678,2025-11-04,CUST0148,Central,Beauty,1,2044.55,2044.55
TXN100054,2025-11-04,CUST0074,South,Apparel,1,4141.3,4141.3
TXN109963,2025-11-04,CUST0353,West,Electronics,1,37881.67,37881.67
TXN113029,2025-11-04,CUST0103,North,Electronics,1,4163.8,4163.8
TXN104189,2025-11-04,CUST0179,South,Electronics,1,67522.86,67522.86
TXN101297,2025-11-04,CUST0230,West,Grocery,1,134.05,134.05
TXN113498,2025-11-04,CUST0525,Central,Apparel,1,2550.43,2550.43
TXN108039,2025-11-04,CUST0019,North,Apparel,1,2888.77,2888.77
TXN111855,2025-11-04,CUST0668,South,Grocery,1,416.44,416.44
TXN109870,2025-11-04,CUST0051,North,Apparel,1,1136.86,1136.86
TXN112178,2025-11-04,CUST0628,Central,Electronics,1,14786.87,14786.87
TXN102933,2025-11-05,CUST0247,North,Home & Living,1,5015.75,5015.75
TXN112596,2025-11-05,CUST0128,East,Grocery,1,1022.91,1022.91
TXN112985,2025-11-05,CUST0280,Central,Apparel,1,1548.68,1548.68
TXN114360,2025-11-05,CUST0447,North,Electronics,2,20934.52,41869.05
TXN112540,2025-11-05,CUST0276,South,Electronics,1,24301.38,24301.38
TXN101536,2025-11-05,CUST0582,South,Home & Living,1,2028.44,2028.44
TXN101029,2025-11-05,CUST0312,North,Apparel,1,1304.87,1304.87
TXN108523,2025-11-05,CUST0562,North,Beauty,1,746.04,746.04
TXN104711,2025-11-05,CUST0421,Central,Electronics,1,43230.59,43230.59
TXN107961,2025-11-05,CUST0058,South,Home & Living,1,2486.14,2486.14
TXN103744,2025-11-05,CUST0772,North,Home & Living,1,1662.78,1662.78
TXN101099,2025-11-05,CUST0613,North,Apparel,1,3294.07,3294.07
TXN113124,2025-11-05,CUST0736,North,Home & Living,1,5712.22,5712.22
TXN106080,2025-11-05,CUST0753,West,Home & Living,1,5719.74,5719.74
TXN102688,2025-11-05,CUST0274,North,Apparel,1,7615.11,7615.11
TXN104759,2025-11-05,CUST0530,South,Apparel,1,1303.8,1303.8
TXN113164,2025-11-05,CUST0746,South,Apparel,1,3201.54,3201.54
TXN112825,2025-11-05,CUST0610,West,Electronics,1,23177.96,23177.96
TXN100696,2025-11-05,CUST0184,North,Grocery,2,1582.65,3165.3
TXN106669,2025-11-05,CUST0543,West,Electronics,1,3396.66,3396.66
TXN110204,2025-11-05,CUST0798,North,Beauty,1,584.13,584.13
TXN102198,2025-11-05,CUST0143,East,Electronics,1,14693.93,14693.93
TXN107611,2025-11-05,CUST0757,East,Beauty,1,2701.99,2701.99
TXN106016,2025-11-05,CUST0257,West,Electronics,1,44381.27,44381.27
TXN107702,2025-11-05,CUST0679,West,Home & Living,3,2566.74,7700.21
TXN114028,2025-11-05,CUST0712,West,Home & Living,1,1092.36,1092.36
TXN107422,2025-11-05,CUST0395,North,Grocery,1,835.47,835.47
TXN113220,2025-11-06,CUST0265,South,Home & Living,1,4676.04,4676.04
TXN114295,2025-11-06,CUST0321,Central,Apparel,2,338.06,676.12
TXN106332,2025-11-06,CUST0477,North,Home & Living,1,3884.64,3884.64
TXN105778,2025-11-06,CUST0472,West,Home & Living,1,11385.64,11385.64
TXN107364,2025-11-06,CUST0447,North,Electronics,1,16156.05,16156.05
TXN100338,2025-11-06,CUST0404,South,Grocery,1,1020.72,1020.72
TXN114823,2025-11-06,CUST0559,North,Home & Living,1,7926.14,7926.14
TXN114947,2025-11-06,CUST0048,Central,Grocery,1,474.9,474.9
TXN106093,2025-11-06,CUST0475,South,Apparel,1,3140.31,3140.31
TXN105584,2025-11-06,CUST0192,West,Electronics,2,30578.58,61157.17
TXN107168,2025-11-06,CUST0322,Central,Beauty,2,2303.65,4607.31
TXN110481,2025-11-06,CUST0497,North,Electronics,1,21605.38,21605.38
TXN112282,2025-11-06,CUST0515,South,Electronics,1,19073.67,19073.67
TXN104663,2025-11-06,CUST0786,North,Grocery,1,1629.15,1629.15
TXN110026,2025-11-06,CUST0598,North,Beauty,2,2012.49,4024.97
TXN101580,2025-11-06,CUST0093,West,Apparel,1,2049.23,2049.23
TXN101415,2025-11-06,CUST0265,South,Home & Living,3,10837.22,32511.65
TXN107871,2025-11-06,CUST0539,North,Beauty,1,1548.66,1548.66
TXN109431,2025-11-06,CUST0002,North,Grocery,1,1668.38,1668.38
TXN109834,2025-11-06,CUST0654,East,Apparel,1,3003.26,3003.26
TXN102822,2025-11-06,CUST0479,North,Home & Living,1,5521.62,5521.62
TXN110969,2025-11-06,CUST0113,East,Apparel,2,6911.57,13823.15
TXN109055,2025-11-06,CUST0752,East,Grocery,1,1570.69,1570.69
TXN112270,2025-11-06,CUST0619,South,Home & Living,1,6377.65,6377.65
TXN103395,2025-11-06,CUST0721,North,Apparel,1,4146.6,4146.6
TXN112453,2025-11-06,CUST0472,West,Apparel,1,3745.96,3745.96
TXN101404,2025-11-06,CUST0462,West,Home & Living,1,6980.24,6980.24
TXN101339,2025-11-07,CUST0036,South,Apparel,1,4112.13,4112.13
TXN110688,2025-11-07,CUST0069,West,Electronics,1,7527.07,7527.07
TXN102228,2025-11-07,CUST0676,East,Grocery,1,1417.42,1417.42
TXN100792,2025-11-07,CUST0352,West,Electronics,1,11557.7,11557.7
TXN108539,2025-11-07,CUST0446,East,Home & Living,1,1443.15,1443.15
TXN113942,2025-11-07,CUST0044,Central,Grocery,1,1163.39,1163.39
TXN103357,2025-11-07,CUST0503,North,Home & Living,1,4242.87,4242.87
TXN107311,2025-11-07,CUST0615,East,Apparel,1,7421.45,7421.45
TXN112550,2025-11-07,CUST0507,West,Apparel,1,2609.24,2609.24
TXN108003,2025-11-07,CUST0039,East,Apparel,1,1609.21,1609.21
TXN105839,2025-11-07,CUST0110,South,Electronics,1,21966.96,21966.96
TXN114542,2025-11-07,CUST0719,North,Grocery,2,120.68,241.35
TXN100188,2025-11-07,CUST0054,Central,Beauty,1,2834.13,2834.13
TXN106872,2025-11-07,CUST0362,North,Apparel,2,3810.2,7620.41
TXN104241,2025-11-07,CUST0121,West,Electronics,2,26656.55,53313.1
TXN110379,2025-11-07,CUST0227,West,Home & Living,2,8637.88,17275.77
TXN105739,2025-11-07,CUST0430,South,Apparel,1,2786.99,2786.99
TXN103637,2025-11-07,CUST0520,North,Electronics,2,16296.8,32593.6
TXN110163,2025-11-07,CUST0203,West,Apparel,1,2971.52,2971.52
TXN108418,2025-11-07,CUST0086,North,Grocery,3,678.09,2034.27
TXN108317,2025-11-08,CUST0179,South,Grocery,1,734.58,734.58
TXN109174,2025-11-08,CUST0181,South,Grocery,1,172.74,172.74
TXN107414,2025-11-08,CUST0206,East,Apparel,2,919.35,1838.69
TXN109211,2025-11-08,CUST0595,South,Home & Living,1,7450.11,7450.11
TXN111731,2025-11-08,CUST0249,West,Apparel,1,3595.24,3595.24
TXN106468,2025-11-08,CUST0367,West,Home & Living,1,12315.72,12315.72
TXN102375,2025-11-08,CUST0726,North,Beauty,1,284.48,284.48
TXN105614,2025-11-08,CUST0122,South,Beauty,1,3907.85,3907.85
TXN111792,2025-11-08,CUST0193,North,Grocery,1,1091.68,1091.68
TXN101108,2025-11-08,CUST0013,North,Apparel,1,3686.92,3686.92
TXN110891,2025-11-08,CUST0176,North,Apparel,1,519.02,519.02
TXN102952,2025-11-08,CUST0128,East,Grocery,1,128.83,128.83
TXN114036,2025-11-08,CUST0454,North,Grocery,1,1491.66,1491.66
TXN104850,2025-11-08,CUST0676,East,Home & Living,2,12862.96,25725.92
TXN104266,2025-11-08,CUST0575,North,Home & Living,1,7432.41,7432.41
TXN104066,2025-11-08,CUST0550,North,Apparel,1,2280.63,2280.63
TXN108892,2025-11-08,CUST0194,East,Beauty,1,2815.56,2815.56
TXN110367,2025-11-08,CUST0085,West,Electronics,1,4674.16,4674.16
TXN112912,2025-11-08,CUST0088,North,Home & Living,1,6704.03,6704.03
TXN106655,2025-11-08,CUST0688,West,Apparel,1,2732.65,2732.65
TXN105038,2025-11-08,CUST0071,South,Beauty,1,516.16,516.16
TXN104831,2025-11-08,CUST0757,East,Grocery,1,703.05,703.05
TXN102233,2025-11-08,CUST0308,West,Apparel,1,2706.87,2706.87
TXN104230,2025-11-08,CUST0799,North,Apparel,2,2650.09,5300.17
TXN103170,2025-11-08,CUST0005,South,Electronics,1,9492.92,9492.92
TXN101965,2025-11-08,CUST0569,North,Home & Living,1,4772.36,4772.36
TXN101210,2025-11-08,CUST0201,North,Home & Living,1,1777.83,1777.83
TXN105915,2025-11-08,CUST0657,West,Apparel,2,2407.73,4815.47
TXN111142,2025-11-08,CUST0396,West,Apparel,1,6666.22,6666.22
TXN101319,2025-11-09,CUST0245,Central,Electronics,1,19342.38,19342.38
TXN112728,2025-11-09,CUST0242,West,Grocery,1,172.97,172.97
TXN102785,2025-11-09,CUST0448,North,Home & Living,1,6893.65,6893.65
TXN102539,2025-11-09,CUST0447,North,Apparel,1,4873.33,4873.33
TXN106067,2025-11-09,CUST0541,North,Electronics,1,4910.5,4910.5
TXN100693,2025-11-09,CUST0414,West,Electronics,1,27435.46,27435.46
TXN108575,2025-11-09,CUST0054,Central,Home & Living,1,12698.55,12698.55
TXN101950,2025-11-09,CUST0642,North,Grocery,2,594.63,1189.26
TXN106335,2025-11-09,CUST0105,South,Electronics,1,21700.67,21700.67
TXN104100,2025-11-09,CUST0241,East,Apparel,1,969.9,969.9
TXN101882,2025-11-09,CUST0227,West,Home & Living,2,8985.52,17971.03
TXN109156,2025-11-09,CUST0153,North,Home & Living,1,2139.46,2139.46
TXN110557,2025-11-09,CUST0065,South,Grocery,1,315.08,315.08
TXN112060,2025-11-09,CUST0613,North,Electronics,1,13212.79,13212.79
TXN109053,2025-11-09,CUST0458,South,Home & Living,2,4370.05,8740.1
TXN104284,2025-11-09,CUST0391,North,Home & Living,2,6792.14,13584.28
TXN110934,2025-11-09,CUST0123,Central,Electronics,1,3870.84,3870.84
TXN114178,2025-11-09,CUST0031,North,Beauty,3,1481.65,4444.95
TXN105903,2025-11-09,CUST0113,East,Electronics,1,45134.35,45134.35
TXN102242,2025-11-09,CUST0388,North,Grocery,1,310.04,310.04
TXN114701,2025-11-09,CUST0500,West,Grocery,3,1430.33,4290.99
TXN101806,2025-11-09,CUST0687,South,Home & Living,1,3905.35,3905.35
TXN101537,2025-11-09,CUST0578,East,Apparel,2,1901.55,3803.1
TXN101441,2025-11-09,CUST0781,North,Electronics,2,23740.27,47480.53
TXN100204,2025-11-09,CUST0276,South,Home & Living,1,2779.95,2779.95
TXN114755,2025-11-09,CUST0790,West,Grocery,1,291.19,291.19
TXN104258,2025-11-09,CUST0016,East,Grocery,1,297.44,297.44
TXN102665,2025-11-09,CUST0361,West,Grocery,2,757.6,1515.19
TXN113645,2025-11-09,CUST0158,North,Apparel,1,3037.75,3037.75
TXN114393,2025-11-09,CUST0462,West,Apparel,1,568.84,568.84
TXN103506,2025-11-09,CUST0291,Central,Beauty,1,265.27,265.27
TXN101890,2025-11-09,CUST0070,Central,Electronics,2,14209.92,28419.83
TXN111414,2025-11-09,CUST0770,South,Grocery,2,520.82,1041.64
TXN101574,2025-11-09,CUST0056,North,Electronics,2,67471.53,134943.06
TXN107222,2025-11-10,CUST0109,North,Beauty,2,1118.6,2237.2
TXN110722,2025-11-10,CUST0118,Central,Electronics,1,15792.56,15792.56
TXN113056,2025-11-10,CUST0532,West,Grocery,1,1731.11,1731.11
TXN106868,2025-11-10,CUST0241,East,Home & Living,1,1610.55,1610.55
TXN106162,2025-11-10,CUST0314,East,Grocery,3,1473.53,4420.6
TXN113337,2025-11-10,CUST0674,South,Electronics,2,23299.44,46598.89
TXN107285,2025-11-10,CUST0539,North,Apparel,1,448.9,448.9
TXN104021,2025-11-10,CUST0733,West,Grocery,1,708.19,708.19
TXN112857,2025-11-10,CUST0096,North,Grocery,1,754.27,754.27
TXN108994,2025-11-10,CUST0688,West,Home & Living,1,4881.21,4881.21
TXN103549,2025-11-10,CUST0113,East,Electronics,1,59190.83,59190.83
TXN108214,2025-11-10,CUST0768,North,Electronics,1,59029.38,59029.38
TXN102866,2025-11-10,CUST0114,South,Apparel,1,919.28,919.28
TXN104288,2025-11-10,CUST0638,West,Apparel,2,2872.85,5745.69
TXN110043,2025-11-10,CUST0570,North,Electronics,1,23761.15,23761.15
TXN103985,2025-11-10,CUST0049,East,Grocery,1,568.4,568.4
TXN102839,2025-11-10,CUST0198,North,Beauty,2,317.84,635.68
TXN110548,2025-11-10,CUST0112,North,Apparel,1,1564.26,1564.26
TXN110980,2025-11-10,CUST0639,North,Electronics,1,14287.95,14287.95
TXN109361,2025-11-10,CUST0421,Central,Home & Living,1,2747.28,2747.28
TXN114022,2025-11-10,CUST0644,South,Grocery,1,49.55,49.55
TXN110309,2025-11-10,CUST0009,South,Apparel,2,1768.1,3536.19
TXN102164,2025-11-10,CUST0400,North,Home & Living,1,5034.07,5034.07
TXN114776,2025-11-10,CUST0129,East,Apparel,1,2630.09,2630.09
TXN111299,2025-11-10,CUST0009,South,Beauty,1,532.34,532.34
TXN100083,2025-11-10,CUST0659,North,Grocery,3,1085.93,3257.8
TXN100928,2025-11-10,CUST0008,Central,Apparel,1,1293.71,1293.71
TXN105768,2025-11-10,CUST0158,North,Grocery,1,50.12,50.12
TXN104906,2025-11-10,CUST0612,North,Electronics,1,24780.65,24780.65
TXN114562,2025-11-10,CUST0485,South,Apparel,1,2665.8,2665.8
TXN101354,2025-11-10,CUST0743,East,Apparel,1,2628.5,2628.5
TXN108525,2025-11-10,CUST0658,East,Electronics,1,13099.58,13099.58
TXN101425,2025-11-11,CUST0299,West,Apparel,3,2970.31,8910.92
TXN105962,2025-11-11,CUST0095,East,Beauty,1,2162.42,2162.42
TXN108363,2025-11-11,CUST0445,West,Home & Living,1,7769.23,7769.23
TXN107350,2025-11-11,CUST0227,West,Electronics,1,13162.73,13162.73
TXN105203,2025-11-11,CUST0379,West,Grocery,1,759.33,759.33
TXN102184,2025-11-11,CUST0638,West,Electronics,1,19512.51,19512.51
TXN105375,2025-11-11,CUST0358,Central,Beauty,1,1076.51,1076.51
TXN106146,2025-11-11,CUST0141,North,Apparel,1,4027.63,4027.63
TXN109469,2025-11-11,CUST0428,North,Home & Living,2,3780.95,7561.9
TXN105331,2025-11-11,CUST0078,East,Home & Living,1,5288.8,5288.8
TXN110058,2025-11-11,CUST0297,North,Electronics,1,4350.16,4350.16
TXN102948,2025-11-11,CUST0525,Central,Apparel,1,2414.29,2414.29
TXN109637,2025-11-11,CUST0706,South,Grocery,1,1361.74,1361.74
TXN109209,2025-11-11,CUST0476,North,Beauty,1,5303.95,5303.95
TXN107614,2025-11-12,CUST0021,West,Beauty,1,553.41,553.41
TXN112288,2025-11-12,CUST0173,West,Apparel,1,2178.75,2178.75
TXN110503,2025-11-12,CUST0632,East,Apparel,2,3698.98,7397.97
TXN113820,2025-11-12,CUST0257,West,Home & Living,1,13383.39,13383.39
TXN101751,2025-11-12,CUST0347,West,Apparel,1,1153.93,1153.93
TXN101417,2025-11-12,CUST0325,East,Grocery,3,2018.87,6056.6
TXN106244,2025-11-12,CUST0658,East,Apparel,1,2475.7,2475.7
TXN107123,2025-11-12,CUST0313,North,Grocery,1,610.1,610.1
TXN107147,2025-11-12,CUST0089,North,Beauty,3,1254.91,3764.72
TXN101895,2025-11-12,CUST0179,South,Beauty,1,4839.76,4839.76
TXN104325,2025-11-12,CUST0561,Central,Electronics,1,20673.53,20673.53
TXN109805,2025-11-12,CUST0474,North,Beauty,2,3251.5,6503.0
TXN105682,2025-11-12,CUST0119,West,Grocery,1,1369.7,1369.7
TXN102135,2025-11-12,CUST0384,Central,Grocery,1,1074.89,1074.89
TXN114252,2025-11-12,CUST0134,East,Apparel,1,2550.64,2550.64
TXN108374,2025-11-12,CUST0362,North,Grocery,1,1120.26,1120.26
TXN110921,2025-11-12,CUST0676,East,Home & Living,1,7044.95,7044.95
TXN108416,2025-11-12,CUST0005,South,Apparel,2,2558.79,5117.57
TXN102274,2025-11-12,CUST0036,South,Apparel,1,908.73,908.73
TXN100402,2025-11-12,CUST0728,South,Apparel,1,3663.15,3663.15
TXN101456,2025-11-12,CUST0481,East,Beauty,1,2752.13,2752.13
TXN103239,2025-11-12,CUST0226,South,Grocery,1,434.75,434.75
TXN111255,2025-11-12,CUST0177,East,Grocery,1,179.82,179.82
TXN110053,2025-11-12,CUST0147,North,Home & Living,1,1959.02,1959.02
TXN113593,2025-11-12,CUST0199,Central,Apparel,1,4525.52,4525.52
TXN111982,2025-11-12,CUST0173,West,Home & Living,1,5323.91,5323.91
TXN109345,2025-11-12,CUST0533,North,Home & Living,1,1554.64,1554.64
TXN108751,2025-11-13,CUST0538,West,Home & Living,1,3403.45,3403.45
TXN114926,2025-11-13,CUST0359,West,Electronics,2,73788.43,147576.86
TXN108196,2025-11-13,CUST0746,South,Home & Living,2,8923.55,17847.1
TXN113323,2025-11-13,CUST0432,North,Beauty,2,1144.11,2288.22
TXN113741,2025-11-13,CUST0316,East,Electronics,1,28223.76,28223.76
TXN102230,2025-11-13,CUST0306,North,Electronics,1,46889.67,46889.67
TXN112612,2025-11-13,CUST0227,West,Apparel,2,5809.26,11618.52
TXN100358,2025-11-13,CUST0504,East,Apparel,1,3791.49,3791.49
TXN105812,2025-11-13,CUST0207,West,Electronics,1,2133.71,2133.71
TXN111662,2025-11-13,CUST0524,North,Apparel,1,458.01,458.01
TXN112356,2025-11-13,CUST0068,North,Home & Living,1,1631.14,1631.14
TXN102896,2025-11-13,CUST0396,West,Home & Living,1,13675.68,13675.68
TXN110902,2025-11-13,CUST0156,South,Apparel,2,598.96,1197.92
TXN112645,2025-11-13,CUST0082,East,Grocery,1,875.53,875.53
TXN105636,2025-11-13,CUST0488,South,Apparel,1,2930.86,2930.86
TXN100388,2025-11-13,CUST0358,Central,Apparel,3,1022.11,3066.32
TXN105796,2025-11-13,CUST0137,North,Grocery,1,75.96,75.96
TXN104201,2025-11-13,CUST0086,North,Home & Living,1,2462.2,2462.2
TXN102907,2025-11-13,CUST0021,West,Electronics,2,43749.19,87498.39
TXN110066,2025-11-13,CUST0464,South,Electronics,2,37322.24,74644.49
TXN100877,2025-11-13,CUST0628,Central,Home & Living,1,3594.06,3594.06
TXN107725,2025-11-13,CUST0758,South,Apparel,1,3053.35,3053.35
TXN113570,2025-11-13,CUST0141,North,Apparel,2,7305.97,14611.94
TXN113835,2025-11-13,CUST0052,West,Beauty,1,1427.5,1427.5
TXN107323,2025-11-13,CUST0663,North,Grocery,1,523.29,523.29
TXN109971,2025-11-13,CUST0363,South,Apparel,1,389.79,389.79
TXN112187,2025-11-13,CUST0071,South,Apparel,2,3059.45,6118.89
TXN103380,2025-11-13,CUST0787,West,Beauty,2,1912.91,3825.81
TXN102547,2025-11-13,CUST0325,East,Grocery,1,1101.23,1101.23
TXN114847,2025-11-13,CUST0686,South,Grocery,1,851.5,851.5
TXN105075,2025-11-13,CUST0687,South,Home & Living,2,5333.76,10667.53
TXN103867,2025-11-13,CUST0687,South,Apparel,3,838.62,2515.87
TXN102197,2025-11-13,CUST0088,North,Electronics,2,33765.63,67531.26
TXN109429,2025-11-13,CUST0012,West,Beauty,1,2434.13,2434.13
TXN111833,2025-11-13,CUST0419,East,Beauty,1,2395.27,2395.27
TXN109315,2025-11-13,CUST0063,East,Apparel,1,3669.52,3669.52
TXN113782,2025-11-13,CUST0011,Central,Beauty,1,802.54,802.54
TXN103818,2025-11-13,CUST0399,West,Home & Living,1,6433.47,6433.47
TXN105448,2025-11-13,CUST0174,North,Home & Living,2,3601.17,7202.34
TXN108491,2025-11-13,CUST0135,North,Apparel,1,1279.43,1279.43
TXN103144,2025-11-13,CUST0193,North,Electronics,1,76029.92,76029.92
TXN101600,2025-11-13,CUST0446,East,Apparel,1,1324.61,1324.61
TXN111705,2025-11-13,CUST0501,North,Grocery,1,174.58,174.58
TXN106439,2025-11-13,CUST0784,South,Grocery,1,164.99,164.99
TXN100881,2025-11-14,CUST0707,East,Apparel,1,3145.68,3145.68
TXN108304,2025-11-14,CUST0738,West,Grocery,1,221.39,221.39
TXN108239,2025-11-14,CUST0648,West,Beauty,1,2721.79,2721.79
TXN101461,2025-11-14,CUST0077,West,Apparel,1,3523.66,3523.66
TXN106543,2025-11-14,CUST0299,West,Apparel,1,3123.01,3123.01
TXN112207,2025-11-14,CUST0222,South,Home & Living,1,2792.79,2792.79
TXN108927,2025-11-14,CUST0056,North,Grocery,1,1535.13,1535.13
TXN114195,2025-11-14,CUST0179,South,Home & Living,2,8450.29,16900.59
TXN108953,2025-11-14,CUST0470,South,Apparel,1,4194.2,4194.2
TXN109483,2025-11-14,CUST0490,North,Apparel,1,2427.87,2427.87
TXN107901,2025-11-14,CUST0576,West,Beauty,1,1446.95,1446.95
TXN106755,2025-11-14,CUST0254,West,Beauty,1,380.63,380.63
TXN105945,2025-11-14,CUST0042,East,Apparel,2,1171.63,2343.26
TXN102965,2025-11-14,CUST0721,North,Beauty,3,4551.62,13654.87
TXN106825,2025-11-14,CUST0248,North,Home & Living,1,6554.6,6554.6
TXN103041,2025-11-14,CUST0249,West,Home & Living,1,14060.88,14060.88
TXN109990,2025-11-14,CUST0385,North,Home & Living,1,1880.18,1880.18
TXN105480,2025-11-14,CUST0266,West,Apparel,2,979.16,1958.32
TXN107098,2025-11-14,CUST0384,Central,Beauty,2,3313.58,6627.16
TXN102487,2025-11-15,CUST0484,North,Home & Living,1,1292.86,1292.86
TXN103438,2025-11-15,CUST0571,Central,Apparel,2,2355.52,4711.05
TXN111303,2025-11-15,CUST0680,South,Apparel,2,2724.88,5449.76
TXN114855,2025-11-15,CUST0796,East,Electronics,1,69598.29,69598.29
TXN106944,2025-11-15,CUST0321,Central,Grocery,1,259.32,259.32
TXN108004,2025-11-15,CUST0514,West,Home & Living,1,1813.18,1813.18
TXN109115,2025-11-15,CUST0034,North,Apparel,1,4519.74,4519.74
TXN103188,2025-11-15,CUST0400,North,Home & Living,1,1318.38,1318.38
TXN103686,2025-11-15,CUST0791,West,Electronics,1,5880.35,5880.35
TXN100462,2025-11-15,CUST0645,West,Home & Living,1,3143.19,3143.19
TXN114425,2025-11-15,CUST0409,North,Beauty,1,4925.67,4925.67
TXN109592,2025-11-15,CUST0175,North,Grocery,2,712.96,1425.92
TXN114309,2025-11-15,CUST0201,North,Home & Living,1,1427.34,1427.34
TXN106529,2025-11-15,CUST0193,North,Home & Living,1,10351.69,10351.69
TXN109626,2025-11-15,CUST0550,North,Apparel,1,2536.25,2536.25
TXN111487,2025-11-15,CUST0780,East,Apparel,1,792.89,792.89
TXN109685,2025-11-15,CUST0168,South,Apparel,1,1934.73,1934.73
TXN100404,2025-11-15,CUST0223,Central,Home & Living,2,4903.38,9806.75
TXN105633,2025-11-15,CUST0440,North,Electronics,1,4521.75,4521.75
TXN109150,2025-11-15,CUST0348,East,Apparel,1,3049.51,3049.51
TXN107566,2025-11-15,CUST0685,South,Electronics,1,5733.01,5733.01
TXN110917,2025-11-15,CUST0794,North,Beauty,1,1426.05,1426.05
TXN114990,2025-11-15,CUST0305,Central,Home & Living,1,5061.95,5061.95
TXN102790,2025-11-15,CUST0155,South,Grocery,1,232.69,232.69
TXN108209,2025-11-15,CUST0430,South,Home & Living,1,1707.16,1707.16
TXN112942,2025-11-15,CUST0155,South,Electronics,1,6226.45,6226.45
TXN112143,2025-11-15,CUST0514,West,Home & Living,1,5389.95,5389.95
TXN102920,2025-11-15,CUST0690,South,Apparel,1,579.97,579.97
TXN100171,2025-11-15,CUST0621,South,Electronics,2,29097.44,58194.87
TXN104884,2025-11-15,CUST0163,North,Home & Living,1,6981.38,6981.38
TXN104180,2025-11-15,CUST0513,East,Beauty,1,2698.28,2698.28
TXN107050,2025-11-15,CUST0165,South,Grocery,1,349.26,349.26
TXN113646,2025-11-15,CUST0646,North,Apparel,1,1855.66,1855.66
TXN108799,2025-11-15,CUST0399,West,Grocery,2,1198.82,2397.64
TXN101937,2025-11-15,CUST0280,Central,Apparel,3,4384.11,13152.32
TXN105752,2025-11-15,CUST0402,North,Apparel,1,4658.97,4658.97
TXN104150,2025-11-16,CUST0199,Central,Apparel,1,2823.61,2823.61
TXN108822,2025-11-16,CUST0479,North,Electronics,1,22471.31,22471.31
TXN101551,2025-11-16,CUST0203,West,Beauty,2,1873.39,3746.77
TXN102421,2025-11-16,CUST0198,North,Electronics,2,76036.39,152072.78
TXN102352,2025-11-16,CUST0786,North,Home & Living,1,6985.8,6985.8
TXN101539,2025-11-16,CUST0056,North,Electronics,1,43141.85,43141.85
TXN112349,2025-11-16,CUST0721,North,Apparel,1,4907.26,4907.26
TXN113694,2025-11-16,CUST0260,East,Electronics,2,16620.41,33240.81
TXN102757,2025-11-16,CUST0497,North,Electronics,2,12664.1,25328.21
TXN113791,2025-11-16,CUST0662,East,Grocery,1,416.36,416.36
TXN112013,2025-11-16,CUST0114,South,Beauty,1,2302.79,2302.79
TXN108857,2025-11-16,CUST0295,North,Apparel,1,2090.25,2090.25
TXN105097,2025-11-16,CUST0281,West,Home & Living,1,5723.2,5723.2
TXN100842,2025-11-16,CUST0600,West,Beauty,1,368.01,368.01
TXN106988,2025-11-16,CUST0413,North,Apparel,1,1249.06,1249.06
TXN112530,2025-11-16,CUST0027,South,Apparel,1,409.35,409.35
TXN103212,2025-11-16,CUST0011,Central,Apparel,1,1533.65,1533.65
TXN103385,2025-11-16,CUST0128,East,Electronics,1,25912.68,25912.68
TXN103006,2025-11-16,CUST0679,West,Apparel,1,1177.32,1177.32
TXN110230,2025-11-16,CUST0368,East,Apparel,2,5160.94,10321.88
TXN114934,2025-11-16,CUST0329,South,Electronics,1,16838.81,16838.81
TXN113598,2025-11-16,CUST0171,East,Home & Living,1,4896.56,4896.56
TXN112581,2025-11-16,CUST0252,East,Apparel,1,1377.61,1377.61
TXN100250,2025-11-16,CUST0233,North,Home & Living,1,6273.0,6273.0
TXN107130,2025-11-16,CUST0147,North,Grocery,1,128.24,128.24
TXN104267,2025-11-16,CUST0193,North,Apparel,1,1632.29,1632.29
TXN100935,2025-11-16,CUST0670,West,Apparel,1,1442.15,1442.15
TXN102708,2025-11-16,CUST0663,North,Apparel,2,4363.95,8727.89
TXN105255,2025-11-16,CUST0261,West,Electronics,3,12057.7,36173.09
TXN113411,2025-11-16,CUST0142,East,Apparel,1,2209.16,2209.16
TXN113098,2025-11-16,CUST0172,Central,Electronics,1,10487.7,10487.7
TXN113030,2025-11-16,CUST0709,East,Grocery,1,786.86,786.86
TXN104995,2025-11-16,CUST0224,Central,Apparel,1,2904.58,2904.58
TXN107983,2025-11-16,CUST0115,East,Grocery,3,720.55,2161.65
TXN106095,2025-11-16,CUST0532,West,Electronics,1,24985.89,24985.89
TXN103162,2025-11-16,CUST0594,East,Home & Living,1,634.85,634.85
TXN105736,2025-11-17,CUST0044,Central,Beauty,1,4881.36,4881.36
TXN112486,2025-11-17,CUST0585,East,Home & Living,1,1977.37,1977.37
TXN109873,2025-11-17,CUST0355,East,Beauty,1,329.45,329.45
TXN102462,2025-11-17,CUST0605,East,Electronics,2,10913.62,21827.23
TXN106321,2025-11-17,CUST0556,West,Apparel,2,2174.85,4349.71
TXN111191,2025-11-17,CUST0146,North,Apparel,3,1176.71,3530.12
TXN109171,2025-11-17,CUST0545,West,Electronics,1,12538.95,12538.95
TXN100967,2025-11-17,CUST0229,South,Apparel,1,5116.82,5116.82
TXN101190,2025-11-17,CUST0555,South,Electronics,1,20761.85,20761.85
TXN100564,2025-11-17,CUST0384,Central,Beauty,2,2558.75,5117.51
TXN114035,2025-11-17,CUST0024,South,Apparel,2,1420.19,2840.37
TXN102223,2025-11-17,CUST0262,Central,Apparel,3,7520.9,22562.7
TXN112770,2025-11-17,CUST0706,South,Grocery,2,2144.12,4288.25
TXN106567,2025-11-17,CUST0536,East,Grocery,2,1719.35,3438.7
TXN110589,2025-11-17,CUST0356,West,Electronics,1,31639.46,31639.46
TXN100157,2025-11-17,CUST0396,West,Apparel,2,4671.94,9343.87
TXN105516,2025-11-17,CUST0643,East,Apparel,1,2446.53,2446.53
TXN110641,2025-11-17,CUST0046,South,Electronics,1,41951.26,41951.26
TXN108952,2025-11-17,CUST0465,North,Home & Living,1,5050.63,5050.63
TXN100718,2025-11-17,CUST0344,East,Apparel,3,1493.36,4480.09
TXN103723,2025-11-17,CUST0800,Central,Grocery,1,1172.93,1172.93
TXN114337,2025-11-17,CUST0143,East,Home & Living,1,1170.04,1170.04
TXN106539,2025-11-17,CUST0236,West,Apparel,1,1577.71,1577.71
TXN113194,2025-11-17,CUST0179,South,Apparel,3,4453.73,13361.18
TXN114814,2025-11-17,CUST0454,North,Home & Living,1,8097.07,8097.07
TXN100308,2025-11-17,CUST0261,West,Apparel,1,3937.0,3937.0
TXN105779,2025-11-17,CUST0075,North,Apparel,1,4440.39,4440.39
TXN111864,2025-11-17,CUST0518,West,Home & Living,1,4803.65,4803.65
TXN103146,2025-11-17,CUST0158,North,Grocery,1,545.45,545.45
TXN102392,2025-11-17,CUST0592,North,Grocery,1,617.61,617.61
TXN110708,2025-11-17,CUST0143,East,Grocery,2,221.65,443.31
TXN112028,2025-11-17,CUST0718,Central,Electronics,1,52428.51,52428.51
TXN109141,2025-11-17,CUST0616,Central,Grocery,1,1262.84,1262.84
TXN100664,2025-11-17,CUST0484,North,Apparel,1,1189.44,1189.44
TXN100271,2025-11-18,CUST0181,South,Grocery,1,815.63,815.63
TXN104109,2025-11-18,CUST0729,West,Home & Living,1,1184.57,1184.57
TXN108702,2025-11-18,CUST0110,South,Electronics,1,17310.91,17310.91
TXN101912,2025-11-18,CUST0786,North,Electronics,1,21095.03,21095.03
TXN106919,2025-11-18,CUST0679,West,Home & Living,1,12802.99,12802.99
TXN114950,2025-11-18,CUST0135,North,Home & Living,1,12477.63,12477.63
TXN102145,2025-11-18,CUST0179,South,Grocery,2,1936.68,3873.35
TXN105729,2025-11-18,CUST0463,South,Home & Living,1,1155.65,1155.65
TXN108501,2025-11-18,CUST0490,North,Grocery,1,1832.14,1832.14
TXN105835,2025-11-18,CUST0721,North,Home & Living,1,4325.58,4325.58
TXN109295,2025-11-18,CUST0127,North,Apparel,3,3968.7,11906.09
TXN114711,2025-11-18,CUST0736,North,Apparel,1,5391.02,5391.02
TXN113145,2025-11-18,CUST0356,West,Electronics,1,2716.88,2716.88
TXN107992,2025-11-18,CUST0578,East,Grocery,1,1566.02,1566.02
TXN100067,2025-11-18,CUST0749,North,Apparel,1,3726.29,3726.29
TXN104810,2025-11-18,CUST0043,North,Home & Living,2,5288.67,10577.33
TXN112561,2025-11-18,CUST0077,West,Grocery,1,567.11,567.11
TXN101120,2025-11-18,CUST0721,North,Electronics,1,40066.47,40066.47
TXN103415,2025-11-18,CUST0179,South,Grocery,1,1268.4,1268.4
TXN107240,2025-11-18,CUST0463,South,Electronics,1,33717.04,33717.04
TXN107975,2025-11-18,CUST0267,North,Apparel,1,2325.23,2325.23
TXN105106,2025-11-18,CUST0749,North,Home & Living,1,4459.42,4459.42
TXN113105,2025-11-18,CUST0409,North,Home & Living,1,11102.49,11102.49
TXN106742,2025-11-18,CUST0151,East,Apparel,1,5658.37,5658.37
TXN106493,2025-11-18,CUST0786,North,Grocery,1,1948.03,1948.03
TXN109262,2025-11-18,CUST0092,West,Home & Living,2,3914.63,7829.26
TXN111421,2025-11-18,CUST0696,East,Apparel,1,3101.18,3101.18
TXN106830,2025-11-18,CUST0167,West,Grocery,1,44.25,44.25
TXN103394,2025-11-18,CUST0056,North,Home & Living,1,3112.68,3112.68
TXN107653,2025-11-18,CUST0246,East,Apparel,1,6547.27,6547.27
TXN101469,2025-11-18,CUST0532,West,Grocery,1,1006.24,1006.24
TXN111581,2025-11-18,CUST0040,East,Apparel,1,2707.43,2707.43
TXN106307,2025-11-18,CUST0632,East,Apparel,2,2758.76,5517.52
TXN104377,2025-11-18,CUST0124,West,Apparel,1,803.77,803.77
TXN104727,2025-11-19,CUST0328,South,Grocery,1,615.7,615.7
TXN108820,2025-11-19,CUST0157,East,Electronics,1,26587.47,26587.47
TXN106607,2025-11-19,CUST0051,North,Grocery,1,782.59,782.59
TXN108819,2025-11-19,CUST0450,East,Electronics,1,19474.62,19474.62
TXN110846,2025-11-19,CUST0410,Central,Grocery,1,661.08,661.08
TXN100513,2025-11-19,CUST0719,North,Grocery,1,627.3,627.3
TXN114862,2025-11-19,CUST0141,North,Beauty,1,2207.91,2207.91
TXN103319,2025-11-19,CUST0268,North,Grocery,1,607.11,607.11
TXN114408,2025-11-19,CUST0420,North,Apparel,2,1373.46,2746.93
TXN107152,2025-11-19,CUST0204,West,Home & Living,2,10785.09,21570.18
TXN113299,2025-11-19,CUST0346,West,Grocery,2,624.17,1248.35
TXN109742,2025-11-19,CUST0306,North,Apparel,1,6952.98,6952.98
TXN108251,2025-11-19,CUST0784,South,Apparel,1,2510.01,2510.01
TXN100023,2025-11-19,CUST0769,East,Beauty,2,388.55,777.1
TXN107799,2025-11-19,CUST0020,South,Grocery,1,558.13,558.13
TXN101302,2025-11-19,CUST0001,West,Grocery,1,86.58,86.58
TXN102355,2025-11-19,CUST0698,South,Grocery,2,480.58,961.15
TXN102733,2025-11-19,CUST0509,South,Home & Living,1,10257.6,10257.6
TXN113196,2025-11-19,CUST0238,West,Beauty,1,1712.69,1712.69
TXN110706,2025-11-19,CUST0409,North,Home & Living,1,10331.6,10331.6
TXN102782,2025-11-19,CUST0463,South,Electronics,3,35392.82,106178.46
TXN100199,2025-11-19,CUST0010,North,Electronics,2,15062.38,30124.76
TXN102571,2025-11-19,CUST0795,West,Beauty,1,395.69,395.69
TXN106684,2025-11-19,CUST0472,West,Grocery,1,1687.04,1687.04
TXN109988,2025-11-19,CUST0621,South,Apparel,1,1250.11,1250.11
TXN105327,2025-11-19,CUST0511,North,Electronics,2,33516.15,67032.3
TXN101925,2025-11-19,CUST0122,South,Grocery,1,701.14,701.14
TXN109347,2025-11-19,CUST0749,North,Home & Living,2,1428.73,2857.46
TXN110406,2025-11-19,CUST0351,West,Apparel,2,2907.75,5815.51
TXN112964,2025-11-19,CUST0367,West,Electronics,1,27040.32,27040.32
TXN103363,2025-11-19,CUST0587,West,Home & Living,1,1507.46,1507.46
TXN106175,2025-11-19,CUST0023,South,Apparel,2,1283.32,2566.63
TXN113488,2025-11-19,CUST0476,North,Home & Living,1,12038.79,12038.79
TXN109045,2025-11-19,CUST0061,West,Home & Living,1,3122.8,3122.8
TXN108985,2025-11-19,CUST0257,West,Grocery,1,1148.62,1148.62
TXN106085,2025-11-19,CUST0609,East,Beauty,1,477.65,477.65
TXN102582,2025-11-19,CUST0534,Central,Electronics,1,18259.05,18259.05
TXN114278,2025-11-19,CUST0060,North,Grocery,1,823.51,823.51
TXN114429,2025-11-19,CUST0706,South,Apparel,1,4642.83,4642.83
TXN106652,2025-11-19,CUST0009,South,Grocery,1,764.3,764.3
TXN111582,2025-11-19,CUST0094,South,Beauty,3,2424.43,7273.29
TXN108410,2025-11-20,CUST0715,North,Home & Living,1,2526.95,2526.95
TXN105844,2025-11-20,CUST0268,North,Apparel,1,2935.47,2935.47
TXN110247,2025-11-20,CUST0650,West,Apparel,2,3076.09,6152.18
TXN113673,2025-11-20,CUST0592,North,Beauty,3,1165.1,3495.31
TXN105996,2025-11-20,CUST0178,North,Home & Living,1,3590.52,3590.52
TXN102817,2025-11-20,CUST0021,West,Electronics,1,43722.09,43722.09
TXN109037,2025-11-20,CUST0595,South,Home & Living,1,6090.82,6090.82
TXN105194,2025-11-20,CUST0382,South,Grocery,1,339.54,339.54
TXN114389,2025-11-20,CUST0428,North,Apparel,2,7525.45,15050.9
TXN113602,2025-11-20,CUST0356,West,Apparel,1,4061.22,4061.22
TXN110573,2025-11-20,CUST0796,East,Electronics,2,68432.4,136864.8
TXN110518,2025-11-20,CUST0626,Central,Apparel,1,1893.09,1893.09
TXN106382,2025-11-20,CUST0537,North,Beauty,1,1511.03,1511.03
TXN111747,2025-11-20,CUST0166,South,Home & Living,1,7966.09,7966.09
TXN114189,2025-11-20,CUST0770,South,Electronics,1,29972.07,29972.07
TXN104012,2025-11-20,CUST0658,East,Beauty,1,1166.88,1166.88
TXN100141,2025-11-20,CUST0576,West,Grocery,1,199.24,199.24
TXN104846,2025-11-20,CUST0780,East,Apparel,1,3406.84,3406.84
TXN107874,2025-11-20,CUST0739,North,Apparel,2,2079.84,4159.69
TXN114211,2025-11-20,CUST0047,North,Grocery,2,418.38,836.77
TXN110449,2025-11-20,CUST0135,North,Apparel,1,5993.17,5993.17
TXN103681,2025-11-20,CUST0395,North,Electronics,1,20536.51,20536.51
TXN108497,2025-11-20,CUST0565,West,Grocery,1,314.45,314.45
TXN112162,2025-11-20,CUST0050,East,Apparel,1,1609.33,1609.33
TXN114622,2025-11-20,CUST0259,South,Apparel,1,1149.41,1149.41
TXN100733,2025-11-20,CUST0536,East,Apparel,1,2062.2,2062.2
TXN104899,2025-11-20,CUST0617,North,Grocery,1,786.79,786.79
TXN113537,2025-11-20,CUST0226,South,Apparel,1,1308.85,1308.85
TXN100483,2025-11-20,CUST0732,East,Apparel,1,4101.64,4101.64
TXN111424,2025-11-20,CUST0444,West,Apparel,1,1793.03,1793.03
TXN101874,2025-11-20,CUST0673,West,Grocery,1,741.05,741.05
TXN102987,2025-11-20,CUST0113,East,Apparel,2,2889.55,5779.09
TXN100927,2025-11-20,CUST0769,East,Apparel,1,2827.38,2827.38
TXN114503,2025-11-20,CUST0013,North,Electronics,1,15498.34,15498.34
TXN106645,2025-11-20,CUST0525,Central,Beauty,1,1812.54,1812.54
TXN102337,2025-11-20,CUST0135,North,Electronics,1,47352.66,47352.66
TXN100377,2025-11-20,CUST0352,West,Grocery,1,713.25,713.25
TXN105889,2025-11-20,CUST0646,North,Apparel,1,6102.22,6102.22
TXN106195,2025-11-20,CUST0002,North,Grocery,1,1679.69,1679.69
TXN112204,2025-11-20,CUST0634,East,Grocery,1,581.15,581.15
TXN101913,2025-11-21,CUST0653,West,Apparel,3,409.24,1227.71
TXN104618,2025-11-21,CUST0299,West,Apparel,1,3981.97,3981.97
TXN106112,2025-11-21,CUST0197,Central,Apparel,1,2844.5,2844.5
TXN100933,2025-11-21,CUST0012,West,Apparel,1,930.92,930.92
TXN100240,2025-11-21,CUST0297,North,Grocery,2,360.24,720.47
TXN111140,2025-11-21,CUST0523,West,Electronics,1,24547.89,24547.89
TXN112741,2025-11-21,CUST0154,Central,Grocery,3,825.12,2475.35
TXN106219,2025-11-21,CUST0455,West,Electronics,1,30087.58,30087.58
TXN106456,2025-11-21,CUST0266,West,Grocery,1,888.88,888.88
TXN114537,2025-11-21,CUST0507,West,Home & Living,1,9357.82,9357.82
TXN103500,2025-11-21,CUST0367,West,Grocery,1,1849.11,1849.11
TXN112379,2025-11-21,CUST0169,East,Electronics,2,11299.93,22599.87
TXN111376,2025-11-21,CUST0053,North,Home & Living,1,13989.76,13989.76
TXN104729,2025-11-21,CUST0046,South,Apparel,1,2092.13,2092.13
TXN102235,2025-11-21,CUST0246,East,Apparel,1,6685.48,6685.48
TXN103948,2025-11-21,CUST0211,North,Apparel,1,3065.0,3065.0
TXN101092,2025-11-21,CUST0008,Central,Electronics,1,7036.54,7036.54
TXN108467,2025-11-21,CUST0592,North,Electronics,1,23726.7,23726.7
TXN105407,2025-11-21,CUST0001,West,Beauty,1,1849.64,1849.64
TXN114303,2025-11-21,CUST0185,West,Grocery,2,251.94,503.88
TXN111233,2025-11-21,CUST0338,South,Electronics,1,6850.43,6850.43
TXN113290,2025-11-21,CUST0536,East,Apparel,1,7728.37,7728.37
TXN100212,2025-11-21,CUST0218,East,Electronics,1,11322.79,11322.79
TXN104103,2025-11-21,CUST0205,West,Electronics,1,15963.79,15963.79
TXN110655,2025-11-21,CUST0476,North,Beauty,3,2727.95,8183.86
TXN113725,2025-11-21,CUST0446,East,Beauty,1,2335.05,2335.05
TXN114740,2025-11-21,CUST0002,North,Electronics,1,73107.14,73107.14
TXN109927,2025-11-21,CUST0673,West,Beauty,1,1998.03,1998.03
TXN113087,2025-11-22,CUST0599,East,Home & Living,1,3464.11,3464.11
TXN113190,2025-11-22,CUST0369,North,Grocery,1,265.49,265.49
TXN100177,2025-11-22,CUST0359,West,Apparel,1,2340.99,2340.99
TXN106812,2025-11-22,CUST0277,South,Apparel,2,734.65,1469.31
TXN104206,2025-11-22,CUST0271,South,Home & Living,1,1535.5,1535.5
TXN114867,2025-11-22,CUST0141,North,Grocery,1,447.97,447.97
TXN106648,2025-11-22,CUST0736,North,Home & Living,1,3565.74,3565.74
TXN107664,2025-11-22,CUST0647,West,Electronics,2,44696.36,89392.71
TXN103328,2025-11-22,CUST0582,South,Apparel,1,2043.08,2043.08
TXN113536,2025-11-22,CUST0026,Central,Home & Living,1,3921.54,3921.54
TXN109747,2025-11-22,CUST0121,West,Grocery,1,1152.44,1152.44
TXN113344,2025-11-22,CUST0116,South,Grocery,1,697.87,697.87
TXN111345,2025-11-22,CUST0249,West,Beauty,1,3380.45,3380.45
TXN109840,2025-11-22,CUST0242,West,Beauty,1,1803.21,1803.21
TXN113041,2025-11-22,CUST0609,East,Apparel,2,2969.46,5938.93
TXN105753,2025-11-22,CUST0441,West,Home & Living,1,1569.04,1569.04
TXN107349,2025-11-22,CUST0465,North,Grocery,1,689.61,689.61
TXN110517,2025-11-22,CUST0639,North,Electronics,1,23873.07,23873.07
TXN105353,2025-11-22,CUST0005,South,Apparel,1,1124.19,1124.19
TXN100143,2025-11-22,CUST0009,South,Beauty,3,1331.4,3994.2
TXN110800,2025-11-22,CUST0582,South,Electronics,1,6089.78,6089.78
TXN112821,2025-11-22,CUST0435,East,Beauty,2,588.35,1176.7
TXN112651,2025-11-22,CUST0685,South,Home & Living,1,5385.67,5385.67
TXN114529,2025-11-22,CUST0360,North,Apparel,1,1490.71,1490.71
TXN103917,2025-11-23,CUST0609,East,Apparel,2,1651.55,3303.1
TXN104373,2025-11-23,CUST0681,West,Apparel,1,3082.69,3082.69
TXN109167,2025-11-23,CUST0279,North,Grocery,1,687.98,687.98
TXN110402,2025-11-23,CUST0199,Central,Beauty,1,4475.66,4475.66
TXN113336,2025-11-23,CUST0613,North,Grocery,1,760.1,760.1
TXN109918,2025-11-23,CUST0555,South,Grocery,1,509.32,509.32
TXN103032,2025-11-23,CUST0640,East,Electronics,1,28718.6,28718.6
TXN102275,2025-11-23,CUST0340,East,Apparel,2,2978.61,5957.23
TXN106813,2025-11-23,CUST0368,East,Grocery,1,1161.96,1161.96
TXN114964,2025-11-23,CUST0725,South,Grocery,1,281.33,281.33
TXN108427,2025-11-23,CUST0718,Central,Grocery,2,1280.56,2561.13
TXN104944,2025-11-23,CUST0402,North,Home & Living,2,11681.89,23363.79
TXN113357,2025-11-23,CUST0672,West,Home & Living,1,13313.67,13313.67
TXN111336,2025-11-23,CUST0448,North,Grocery,1,696.18,696.18
TXN113600,2025-11-23,CUST0505,West,Electronics,1,12171.92,12171.92
TXN110707,2025-11-23,CUST0770,South,Grocery,1,998.0,998.0
TXN109417,2025-11-23,CUST0750,East,Beauty,1,903.73,903.73
TXN108590,2025-11-23,CUST0500,West,Electronics,1,25922.06,25922.06
TXN104157,2025-11-23,CUST0352,West,Home & Living,1,4497.73,4497.73
TXN101194,2025-11-23,CUST0358,Central,Apparel,1,3638.86,3638.86
TXN101815,2025-11-23,CUST0454,North,Apparel,1,3046.33,3046.33
TXN103449,2025-11-23,CUST0417,North,Home & Living,1,2423.37,2423.37
TXN110291,2025-11-23,CUST0050,East,Beauty,1,1312.6,1312.6
TXN113834,2025-11-23,CUST0365,North,Beauty,1,2039.07,2039.07
TXN105127,2025-11-23,CUST0075,North,Home & Living,3,2945.56,8836.68
TXN114010,2025-11-23,CUST0454,North,Apparel,1,6617.57,6617.57
TXN109321,2025-11-23,CUST0476,North,Apparel,1,5418.3,5418.3
TXN105487,2025-11-23,CUST0490,North,Electronics,1,30827.37,30827.37
TXN109942,2025-11-24,CUST0647,West,Apparel,1,1890.61,1890.61
TXN104865,2025-11-24,CUST0050,East,Grocery,1,784.2,784.2
TXN103830,2025-11-24,CUST0484,North,Home & Living,1,3204.73,3204.73
TXN113947,2025-11-24,CUST0199,Central,Electronics,2,32486.1,64972.21
TXN108349,2025-11-24,CUST0360,North,Apparel,1,2256.79,2256.79
TXN105637,2025-11-24,CUST0698,South,Apparel,1,1782.91,1782.91
TXN114065,2025-11-24,CUST0654,East,Beauty,1,1649.22,1649.22
TXN103582,2025-11-24,CUST0114,South,Home & Living,1,7244.14,7244.14
TXN108159,2025-11-24,CUST0464,South,Electronics,1,27271.3,27271.3
TXN102538,2025-11-24,CUST0523,West,Apparel,1,3038.31,3038.31
TXN102017,2025-11-24,CUST0679,West,Electronics,1,6627.92,6627.92
TXN109926,2025-11-24,CUST0093,West,Apparel,1,1556.94,1556.94
TXN108990,2025-11-24,CUST0615,East,Beauty,1,1498.72,1498.72
TXN106113,2025-11-24,CUST0365,North,Grocery,1,2136.51,2136.51
TXN112286,2025-11-24,CUST0526,South,Home & Living,1,2371.11,2371.11
TXN104685,2025-11-24,CUST0458,South,Grocery,1,638.25,638.25
TXN103693,2025-11-24,CUST0019,North,Apparel,1,848.02,848.02
TXN104384,2025-11-24,CUST0119,West,Apparel,1,4106.81,4106.81
TXN111429,2025-11-24,CUST0208,West,Home & Living,2,2762.98,5525.95
TXN105102,2025-11-24,CUST0305,Central,Apparel,1,3929.6,3929.6
TXN104510,2025-11-24,CUST0786,North,Apparel,1,3034.95,3034.95
TXN103458,2025-11-24,CUST0448,North,Electronics,1,33258.84,33258.84
TXN100359,2025-11-24,CUST0622,East,Apparel,1,2956.94,2956.94
TXN104480,2025-11-24,CUST0365,North,Grocery,1,1125.57,1125.57
TXN114431,2025-11-24,CUST0179,South,Apparel,1,4193.23,4193.23
TXN101483,2025-11-24,CUST0472,West,Grocery,1,1935.81,1935.81
TXN114304,2025-11-24,CUST0164,South,Apparel,1,2007.52,2007.52
TXN107395,2025-11-24,CUST0413,North,Electronics,1,70378.14,70378.14
TXN104494,2025-11-24,CUST0174,North,Electronics,1,25175.39,25175.39
TXN114423,2025-11-24,CUST0360,North,Beauty,2,2141.69,4283.37
TXN114760,2025-11-24,CUST0285,Central,Apparel,1,1263.76,1263.76
TXN114155,2025-11-24,CUST0672,West,Home & Living,1,7682.61,7682.61
TXN100507,2025-11-24,CUST0728,South,Beauty,1,457.56,457.56
TXN111004,2025-11-24,CUST0657,West,Apparel,2,2602.09,5204.17
TXN107541,2025-11-24,CUST0166,South,Home & Living,1,1184.75,1184.75
TXN105029,2025-11-24,CUST0546,South,Grocery,2,366.09,732.17
TXN108807,2025-11-25,CUST0474,North,Grocery,3,963.46,2890.39
TXN110587,2025-11-25,CUST0489,North,Electronics,1,17162.69,17162.69
TXN111806,2025-11-25,CUST0511,North,Apparel,1,3384.11,3384.11
TXN108508,2025-11-25,CUST0256,South,Electronics,1,44075.72,44075.72
TXN112221,2025-11-25,CUST0201,North,Electronics,1,14130.3,14130.3
TXN107880,2025-11-25,CUST0094,South,Apparel,2,781.82,1563.65
TXN102664,2025-11-25,CUST0519,North,Apparel,3,5405.18,16215.53
TXN101589,2025-11-25,CUST0626,Central,Home & Living,1,972.61,972.61
TXN109258,2025-11-25,CUST0650,West,Electronics,1,18755.51,18755.51
TXN101059,2025-11-25,CUST0518,West,Grocery,2,303.03,606.06
TXN110222,2025-11-25,CUST0358,Central,Home & Living,1,793.57,793.57
TXN111546,2025-11-25,CUST0759,West,Grocery,1,735.79,735.79
TXN107015,2025-11-25,CUST0764,North,Home & Living,2,3955.07,7910.13
TXN105738,2025-11-25,CUST0514,West,Electronics,1,38779.74,38779.74
TXN113449,2025-11-25,CUST0402,North,Apparel,1,3734.85,3734.85
TXN105011,2025-11-25,CUST0603,North,Apparel,1,2842.62,2842.62
TXN100563,2025-11-25,CUST0676,East,Apparel,1,7478.41,7478.41
TXN101517,2025-11-25,CUST0012,West,Electronics,1,36872.71,36872.71
TXN106963,2025-11-25,CUST0711,West,Beauty,2,2759.98,5519.96
TXN111241,2025-11-25,CUST0462,West,Apparel,1,1204.39,1204.39
TXN109976,2025-11-25,CUST0510,West,Beauty,1,2747.91,2747.91
TXN108023,2025-11-25,CUST0581,North,Electronics,1,28507.32,28507.32
TXN114244,2025-11-25,CUST0040,East,Electronics,2,24446.41,48892.82
TXN105386,2025-11-25,CUST0352,West,Apparel,2,897.98,1795.95
TXN114001,2025-11-25,CUST0778,East,Electronics,1,26071.8,26071.8
TXN106204,2025-11-25,CUST0098,Central,Apparel,2,2763.06,5526.12
TXN102897,2025-11-25,CUST0114,South,Apparel,1,2355.21,2355.21
TXN100447,2025-11-25,CUST0554,West,Home & Living,2,6382.62,12765.24
TXN106975,2025-11-25,CUST0056,North,Grocery,2,488.24,976.48
TXN102030,2025-11-25,CUST0589,Central,Grocery,1,715.8,715.8
TXN102638,2025-11-25,CUST0549,Central,Grocery,1,189.34,189.34
TXN101575,2025-11-25,CUST0155,South,Apparel,3,1532.02,4596.06
TXN105356,2025-11-25,CUST0437,West,Home & Living,1,1898.79,1898.79
TXN112170,2025-11-25,CUST0457,North,Home & Living,2,4388.95,8777.9
TXN113090,2025-11-25,CUST0664,East,Electronics,1,12876.07,12876.07
TXN108250,2025-11-25,CUST0509,South,Home & Living,1,4155.01,4155.01
TXN114480,2025-11-26,CUST0447,North,Apparel,3,3182.25,9546.76
TXN100135,2025-11-26,CUST0716,North,Apparel,1,4876.41,4876.41
TXN103298,2025-11-26,CUST0075,North,Grocery,1,588.41,588.41
TXN111074,2025-11-26,CUST0267,North,Home & Living,1,1538.06,1538.06
TXN100113,2025-11-26,CUST0374,North,Grocery,3,462.81,1388.42
TXN102459,2025-11-26,CUST0797,North,Grocery,3,1967.34,5902.01
TXN103118,2025-11-26,CUST0357,North,Beauty,1,226.03,226.03
TXN106933,2025-11-26,CUST0625,Central,Beauty,2,2852.05,5704.1
TXN105938,2025-11-26,CUST0325,East,Apparel,1,7137.11,7137.11
TXN100479,2025-11-26,CUST0613,North,Apparel,1,2003.55,2003.55
TXN105751,2025-11-26,CUST0036,South,Home & Living,1,1268.43,1268.43
TXN112246,2025-11-26,CUST0546,South,Apparel,1,1377.85,1377.85
TXN108392,2025-11-26,CUST0384,Central,Apparel,1,1586.93,1586.93
TXN106151,2025-11-26,CUST0537,North,Grocery,1,751.29,751.29
TXN111418,2025-11-26,CUST0335,West,Beauty,1,1718.45,1718.45
TXN106783,2025-11-26,CUST0684,North,Home & Living,1,3456.34,3456.34
TXN105453,2025-11-26,CUST0394,East,Home & Living,1,4443.4,4443.4
TXN113693,2025-11-26,CUST0541,North,Home & Living,1,6454.7,6454.7
TXN112363,2025-11-26,CUST0034,North,Beauty,1,4856.84,4856.84
TXN110732,2025-11-26,CUST0711,West,Beauty,1,2519.81,2519.81
TXN105368,2025-11-26,CUST0519,North,Beauty,2,3084.66,6169.32
TXN102138,2025-11-26,CUST0593,North,Grocery,1,664.74,664.74
TXN100762,2025-11-27,CUST0241,East,Electronics,1,29975.35,29975.35
TXN110805,2025-11-27,CUST0057,North,Grocery,1,654.9,654.9
TXN101057,2025-11-27,CUST0681,West,Apparel,1,2072.81,2072.81
TXN107403,2025-11-27,CUST0358,Central,Beauty,3,1524.8,4574.39
TXN102584,2025-11-27,CUST0114,South,Apparel,1,3878.1,3878.1
TXN111890,2025-11-27,CUST0685,South,Apparel,1,3500.27,3500.27
TXN111183,2025-11-27,CUST0204,West,Beauty,2,2730.62,5461.25
TXN103949,2025-11-27,CUST0116,South,Beauty,1,1087.04,1087.04
TXN113534,2025-11-27,CUST0612,North,Apparel,1,2657.63,2657.63
TXN110988,2025-11-27,CUST0762,North,Beauty,1,1215.57,1215.57
TXN114105,2025-11-27,CUST0354,West,Grocery,2,754.84,1509.68
TXN113869,2025-11-27,CUST0672,West,Apparel,1,945.2,945.2
TXN104254,2025-11-27,CUST0327,North,Apparel,2,793.23,1586.46
TXN103806,2025-11-27,CUST0778,East,Electronics,1,2970.68,2970.68
TXN113495,2025-11-27,CUST0399,West,Home & Living,1,1156.71,1156.71
TXN105181,2025-11-27,CUST0391,North,Apparel,1,1947.0,1947.0
TXN106172,2025-11-27,CUST0204,West,Home & Living,1,12845.4,12845.4
TXN111903,2025-11-27,CUST0050,East,Home & Living,1,2842.63,2842.63
TXN113327,2025-11-27,CUST0373,East,Home & Living,1,1168.28,1168.28
TXN104293,2025-11-27,CUST0161,North,Grocery,2,107.16,214.31
TXN104933,2025-11-27,CUST0008,Central,Electronics,1,23845.67,23845.67
TXN109998,2025-11-27,CUST0183,North,Home & Living,1,8010.84,8010.84
TXN106161,2025-11-27,CUST0074,South,Electronics,1,42572.9,42572.9
TXN112054,2025-11-27,CUST0474,North,Home & Living,1,12752.63,12752.63
TXN105539,2025-11-27,CUST0108,South,Grocery,1,985.75,985.75
TXN110120,2025-11-27,CUST0105,South,Beauty,1,1635.04,1635.04
TXN101313,2025-11-28,CUST0778,East,Electronics,1,13514.53,13514.53
TXN100106,2025-11-28,CUST0507,West,Electronics,1,77746.03,77746.03
TXN103788,2025-11-28,CUST0461,North,Apparel,1,1229.43,1229.43
TXN110743,2025-11-28,CUST0521,North,Home & Living,1,6359.16,6359.16
TXN108947,2025-11-28,CUST0695,East,Grocery,1,229.15,229.15
TXN111847,2025-11-28,CUST0465,North,Home & Living,1,11274.49,11274.49
TXN110716,2025-11-28,CUST0341,West,Grocery,1,173.41,173.41
TXN102676,2025-11-28,CUST0324,West,Electronics,1,3482.16,3482.16
TXN105385,2025-11-28,CUST0246,East,Apparel,2,3673.25,7346.5
TXN103786,2025-11-28,CUST0365,North,Electronics,3,74972.46,224917.37
TXN112189,2025-11-28,CUST0541,North,Electronics,1,22814.2,22814.2
TXN104380,2025-11-28,CUST0509,South,Home & Living,1,3535.32,3535.32
TXN113068,2025-11-28,CUST0511,North,Beauty,1,890.55,890.55
TXN108713,2025-11-28,CUST0047,North,Beauty,1,341.33,341.33
TXN100815,2025-11-28,CUST0775,North,Beauty,1,1721.35,1721.35
TXN113071,2025-11-28,CUST0706,South,Home & Living,1,11433.13,11433.13
TXN110606,2025-11-28,CUST0721,North,Electronics,1,80653.82,80653.82
TXN105457,2025-11-28,CUST0201,North,Electronics,1,13764.97,13764.97
TXN111743,2025-11-28,CUST0533,North,Electronics,3,54732.26,164196.78
TXN109006,2025-11-28,CUST0511,North,Grocery,1,388.22,388.22
TXN105762,2025-11-28,CUST0437,West,Apparel,1,991.21,991.21
TXN113152,2025-11-28,CUST0424,Central,Apparel,1,1923.8,1923.8
TXN100902,2025-11-28,CUST0463,South,Electronics,1,31210.18,31210.18
TXN105468,2025-11-28,CUST0129,East,Grocery,1,239.94,239.94
TXN104830,2025-11-28,CUST0566,North,Apparel,1,2310.82,2310.82
TXN108389,2025-11-28,CUST0653,West,Apparel,3,2594.73,7784.19
TXN100954,2025-11-28,CUST0058,South,Home & Living,1,1834.41,1834.41
TXN106782,2025-11-28,CUST0521,North,Apparel,2,3490.71,6981.42
TXN106694,2025-11-28,CUST0612,North,Grocery,2,1085.64,2171.28
TXN106784,2025-11-28,CUST0211,North,Grocery,1,759.88,759.88
TXN109598,2025-11-28,CUST0396,West,Electronics,1,72061.74,72061.74
TXN110242,2025-11-28,CUST0716,North,Electronics,1,14838.81,14838.81
TXN108526,2025-11-28,CUST0400,North,Electronics,1,5920.41,5920.41
TXN105771,2025-11-28,CUST0501,North,Home & Living,2,5355.69,10711.37
TXN103464,2025-11-28,CUST0578,East,Grocery,1,1451.44,1451.44
TXN110678,2025-11-28,CUST0528,West,Home & Living,2,2058.56,4117.13
TXN104286,2025-11-29,CUST0454,North,Apparel,1,4442.26,4442.26
TXN102119,2025-11-29,CUST0214,North,Electronics,1,16194.37,16194.37
TXN107923,2025-11-29,CUST0528,West,Grocery,1,254.93,254.93
TXN105588,2025-11-29,CUST0406,West,Beauty,1,2311.72,2311.72
TXN100892,2025-11-29,CUST0600,West,Home & Living,1,1489.49,1489.49
TXN110913,2025-11-29,CUST0414,West,Apparel,1,1788.08,1788.08
TXN102549,2025-11-29,CUST0616,Central,Home & Living,1,6226.39,6226.39
TXN103083,2025-11-29,CUST0242,West,Home & Living,1,2467.39,2467.39
TXN108397,2025-11-29,CUST0760,Central,Home & Living,1,5078.93,5078.93
TXN114738,2025-11-29,CUST0439,Central,Grocery,1,713.93,713.93
TXN100830,2025-11-29,CUST0481,East,Apparel,3,1492.5,4477.49
TXN100161,2025-11-29,CUST0678,West,Apparel,1,1461.94,1461.94
TXN103849,2025-11-29,CUST0108,South,Apparel,1,1977.07,1977.07
TXN100820,2025-11-29,CUST0135,North,Apparel,1,6363.82,6363.82
TXN106099,2025-11-29,CUST0227,West,Home & Living,2,5983.09,11966.19
TXN105642,2025-11-29,CUST0103,North,Electronics,1,25528.56,25528.56
TXN104779,2025-11-29,CUST0717,East,Grocery,1,569.28,569.28
TXN111373,2025-11-29,CUST0258,South,Electronics,1,17120.74,17120.74
TXN101690,2025-11-29,CUST0055,North,Electronics,1,27196.51,27196.51
TXN109877,2025-11-29,CUST0569,North,Home & Living,2,13256.14,26512.27
TXN104324,2025-11-29,CUST0200,South,Apparel,1,3719.52,3719.52
TXN102302,2025-11-29,CUST0736,North,Home & Living,1,14320.82,14320.82
TXN113743,2025-11-29,CUST0002,North,Apparel,1,4034.16,4034.16
TXN110784,2025-11-29,CUST0370,South,Apparel,1,328.82,328.82
TXN105282,2025-11-29,CUST0257,West,Apparel,2,7691.62,15383.24
TXN102010,2025-11-29,CUST0461,North,Apparel,2,2396.56,4793.12
TXN102331,2025-11-29,CUST0151,East,Apparel,1,872.92,872.92
TXN106892,2025-11-29,CUST0383,East,Beauty,1,2974.37,2974.37
TXN100622,2025-11-29,CUST0081,North,Apparel,1,949.1,949.1
TXN113799,2025-11-29,CUST0536,East,Electronics,1,20460.81,20460.81
TXN112227,2025-11-30,CUST0061,West,Beauty,1,1289.76,1289.76
TXN103546,2025-11-30,CUST0511,North,Grocery,1,1141.66,1141.66
TXN106302,2025-11-30,CUST0221,West,Grocery,1,581.3,581.3
TXN100325,2025-11-30,CUST0077,West,Electronics,1,11169.74,11169.74
TXN113789,2025-11-30,CUST0721,North,Grocery,1,1827.62,1827.62
TXN111413,2025-11-30,CUST0151,East,Apparel,1,1638.34,1638.34
TXN104897,2025-11-30,CUST0024,South,Apparel,1,1854.1,1854.1
TXN102484,2025-11-30,CUST0184,North,Home & Living,1,10782.78,10782.78
TXN102500,2025-11-30,CUST0500,West,Apparel,1,7168.81,7168.81
TXN113494,2025-11-30,CUST0475,South,Grocery,1,584.2,584.2
TXN113538,2025-11-30,CUST0221,West,Grocery,2,942.27,1884.54
TXN113481,2025-11-30,CUST0384,Central,Grocery,1,1873.65,1873.65
TXN110408,2025-11-30,CUST0367,West,Electronics,1,47026.93,47026.93
TXN101571,2025-11-30,CUST0213,Central,Beauty,1,565.18,565.18
TXN102820,2025-11-30,CUST0083,North,Apparel,1,2515.12,2515.12
TXN104220,2025-11-30,CUST0676,East,Grocery,2,515.69,1031.38
TXN101995,2025-11-30,CUST0509,South,Apparel,1,4311.62,4311.62
TXN104483,2025-11-30,CUST0212,Central,Beauty,1,605.04,605.04
TXN102438,2025-11-30,CUST0519,North,Electronics,1,56443.08,56443.08
TXN112846,2025-11-30,CUST0719,North,Grocery,1,768.05,768.05
TXN102928,2025-11-30,CUST0462,West,Apparel,1,3921.9,3921.9
TXN106189,2025-12-01,CUST0468,South,Grocery,3,539.76,1619.28
TXN108031,2025-12-01,CUST0543,West,Home & Living,1,3030.77,3030.77
TXN103663,2025-12-01,CUST0048,Central,Apparel,1,1271.89,1271.89
TXN106407,2025-12-01,CUST0210,South,Apparel,1,1870.12,1870.12
TXN110414,2025-12-01,CUST0179,South,Grocery,1,1976.57,1976.57
TXN110899,2025-12-01,CUST0675,South,Apparel,1,924.15,924.15
TXN100970,2025-12-01,CUST0326,East,Apparel,1,2744.25,2744.25
TXN108347,2025-12-01,CUST0221,West,Grocery,1,604.25,604.25
TXN109566,2025-12-01,CUST0053,North,Beauty,1,4120.29,4120.29
TXN101753,2025-12-01,CUST0409,North,Electronics,1,38302.26,38302.26
TXN104364,2025-12-01,CUST0394,East,Beauty,2,2371.15,4742.31
TXN109511,2025-12-01,CUST0178,North,Electronics,3,9659.41,28978.22
TXN108817,2025-12-01,CUST0070,Central,Electronics,1,75296.55,75296.55
TXN103824,2025-12-01,CUST0364,West,Grocery,1,456.03,456.03
TXN110535,2025-12-01,CUST0274,North,Apparel,1,1463.51,1463.51
TXN105263,2025-12-01,CUST0065,South,Home & Living,1,2580.01,2580.01
TXN113719,2025-12-01,CUST0472,West,Apparel,1,3672.71,3672.71
TXN103171,2025-12-01,CUST0325,East,Home & Living,1,5444.6,5444.6
TXN113332,2025-12-01,CUST0451,West,Home & Living,1,4986.94,4986.94
TXN112399,2025-12-01,CUST0589,Central,Electronics,2,3174.2,6348.4
TXN102940,2025-12-01,CUST0142,East,Grocery,1,340.16,340.16
TXN109946,2025-12-01,CUST0412,South,Home & Living,1,9663.73,9663.73
TXN105197,2025-12-01,CUST0249,West,Home & Living,1,10860.9,10860.9
TXN108655,2025-12-01,CUST0010,North,Apparel,1,1596.32,1596.32
TXN100115,2025-12-01,CUST0798,North,Electronics,1,26622.4,26622.4
TXN102432,2025-12-01,CUST0069,West,Electronics,1,25254.05,25254.05
TXN106922,2025-12-01,CUST0132,West,Apparel,1,1539.88,1539.88
TXN105317,2025-12-01,CUST0733,West,Beauty,1,2971.6,2971.6
TXN105514,2025-12-01,CUST0415,West,Apparel,1,437.11,437.11
TXN107104,2025-12-01,CUST0215,West,Apparel,2,3483.9,6967.8
TXN112547,2025-12-01,CUST0237,South,Home & Living,1,5168.9,5168.9
TXN112557,2025-12-01,CUST0484,North,Apparel,1,2698.42,2698.42
TXN102120,2025-12-01,CUST0272,North,Home & Living,2,1374.86,2749.71
TXN114546,2025-12-01,CUST0622,East,Apparel,1,2105.19,2105.19
TXN102526,2025-12-02,CUST0533,North,Apparel,1,7839.38,7839.38
TXN100890,2025-12-02,CUST0233,North,Electronics,3,21521.46,64564.38
TXN106449,2025-12-02,CUST0117,South,Apparel,1,937.35,937.35
TXN114394,2025-12-02,CUST0753,West,Grocery,1,609.27,609.27
TXN111153,2025-12-02,CUST0048,Central,Apparel,1,1424.9,1424.9
TXN102133,2025-12-02,CUST0406,West,Apparel,1,2712.5,2712.5
TXN107774,2025-12-02,CUST0063,East,Apparel,2,2900.65,5801.31
TXN104551,2025-12-02,CUST0437,West,Electronics,1,24760.43,24760.43
TXN107497,2025-12-02,CUST0072,North,Home & Living,2,4283.38,8566.76
TXN111269,2025-12-02,CUST0523,West,Grocery,3,394.85,1184.56
TXN114505,2025-12-02,CUST0262,Central,Beauty,2,2708.45,5416.91
TXN106097,2025-12-02,CUST0539,North,Home & Living,2,1434.58,2869.16
TXN108558,2025-12-02,CUST0724,North,Grocery,1,184.39,184.39
TXN104980,2025-12-02,CUST0711,West,Electronics,1,3835.78,3835.78
TXN102639,2025-12-02,CUST0263,West,Beauty,2,1971.75,3943.5
TXN109232,2025-12-02,CUST0288,North,Home & Living,1,2130.16,2130.16
TXN113984,2025-12-02,CUST0093,West,Electronics,1,29808.75,29808.75
TXN103217,2025-12-02,CUST0656,Central,Beauty,1,874.91,874.91
TXN111083,2025-12-02,CUST0179,South,Home & Living,3,9615.61,28846.84
TXN105511,2025-12-02,CUST0739,North,Electronics,1,3853.82,3853.82
TXN106715,2025-12-02,CUST0243,South,Grocery,1,693.82,693.82
TXN102846,2025-12-02,CUST0151,East,Electronics,1,67064.21,67064.21
TXN100410,2025-12-02,CUST0032,South,Grocery,1,333.61,333.61
TXN106901,2025-12-02,CUST0248,North,Beauty,1,4132.95,4132.95
TXN111328,2025-12-02,CUST0500,West,Grocery,1,902.96,902.96
TXN113800,2025-12-02,CUST0494,West,Home & Living,1,4227.94,4227.94
TXN106883,2025-12-02,CUST0750,East,Home & Living,1,4354.62,4354.62
TXN113150,2025-12-02,CUST0199,Central,Apparel,1,1412.99,1412.99
TXN108555,2025-12-02,CUST0338,South,Grocery,1,411.49,411.49
TXN103754,2025-12-02,CUST0430,South,Grocery,1,538.93,538.93
TXN105090,2025-12-02,CUST0628,Central,Apparel,3,1288.83,3866.49
TXN111777,2025-12-03,CUST0781,North,Apparel,1,684.16,684.16
TXN105580,2025-12-03,CUST0193,North,Grocery,1,1167.84,1167.84
TXN105674,2025-12-03,CUST0352,West,Beauty,1,1976.18,1976.18
TXN100080,2025-12-03,CUST0274,North,Apparel,2,5647.53,11295.06
TXN101305,2025-12-03,CUST0049,East,Grocery,2,475.07,950.14
TXN102008,2025-12-03,CUST0747,West,Apparel,1,3113.33,3113.33
TXN109937,2025-12-03,CUST0409,North,Electronics,1,36684.68,36684.68
TXN110514,2025-12-03,CUST0799,North,Grocery,2,506.99,1013.97
TXN109365,2025-12-03,CUST0140,East,Apparel,1,6291.02,6291.02
TXN101407,2025-12-03,CUST0010,North,Apparel,1,1467.06,1467.06
TXN113940,2025-12-03,CUST0337,West,Home & Living,1,3956.95,3956.95
TXN107148,2025-12-03,CUST0105,South,Electronics,1,59062.85,59062.85
TXN112493,2025-12-03,CUST0780,East,Grocery,2,458.61,917.22
TXN103580,2025-12-03,CUST0312,North,Grocery,2,770.02,1540.04
TXN112835,2025-12-03,CUST0279,North,Home & Living,1,3663.44,3663.44
TXN104026,2025-12-03,CUST0359,West,Apparel,1,2425.63,2425.63
TXN103228,2025-12-03,CUST0249,West,Beauty,1,3376.55,3376.55
TXN104662,2025-12-03,CUST0132,West,Beauty,2,2041.99,4083.97
TXN100918,2025-12-03,CUST0537,North,Home & Living,1,5082.02,5082.02
TXN114399,2025-12-03,CUST0727,South,Home & Living,1,3034.27,3034.27
TXN105346,2025-12-03,CUST0116,South,Home & Living,1,3409.2,3409.2
TXN102430,2025-12-03,CUST0528,West,Apparel,1,2387.09,2387.09
TXN101125,2025-12-03,CUST0245,Central,Grocery,1,735.79,735.79
TXN109748,2025-12-03,CUST0149,West,Home & Living,1,5073.15,5073.15
TXN102954,2025-12-03,CUST0374,North,Apparel,2,3757.4,7514.8
TXN107619,2025-12-03,CUST0110,South,Grocery,1,221.08,221.08
TXN100408,2025-12-03,CUST0054,Central,Grocery,1,1276.56,1276.56
TXN102890,2025-12-03,CUST0214,North,Electronics,1,18855.55,18855.55
TXN107301,2025-12-03,CUST0735,South,Apparel,1,3002.66,3002.66
TXN108124,2025-12-03,CUST0116,South,Apparel,1,4020.86,4020.86
TXN109741,2025-12-03,CUST0141,North,Beauty,1,2322.03,2322.03
TXN100889,2025-12-03,CUST0301,North,Apparel,1,2798.71,2798.71
TXN104276,2025-12-03,CUST0697,East,Electronics,1,11861.79,11861.79
TXN106987,2025-12-03,CUST0601,North,Home & Living,1,5462.02,5462.02
TXN104166,2025-12-03,CUST0205,West,Apparel,1,4336.76,4336.76
TXN100934,2025-12-03,CUST0578,East,Electronics,1,25639.01,25639.01
TXN108824,2025-12-04,CUST0618,North,Home & Living,1,3690.96,3690.96
TXN107558,2025-12-04,CUST0519,North,Grocery,1,1718.33,1718.33
TXN112833,2025-12-04,CUST0687,South,Apparel,1,2098.15,2098.15
TXN100495,2025-12-04,CUST0631,South,Home & Living,1,5208.32,5208.32
TXN108885,2025-12-04,CUST0680,South,Home & Living,1,6258.63,6258.63
TXN106602,2025-12-04,CUST0753,West,Beauty,2,2200.94,4401.88
TXN109852,2025-12-04,CUST0022,North,Grocery,1,171.08,171.08
TXN104589,2025-12-04,CUST0121,West,Home & Living,1,5406.41,5406.41
TXN110366,2025-12-04,CUST0708,East,Electronics,1,16414.8,16414.8
TXN104196,2025-12-04,CUST0116,South,Electronics,1,69999.95,69999.95
TXN111058,2025-12-04,CUST0436,South,Grocery,3,320.48,961.45
TXN110983,2025-12-04,CUST0659,North,Home & Living,2,6785.16,13570.33
TXN100839,2025-12-04,CUST0128,East,Apparel,2,1244.6,2489.2
TXN111517,2025-12-04,CUST0439,Central,Grocery,1,1005.18,1005.18
TXN103261,2025-12-04,CUST0646,North,Electronics,2,41030.4,82060.8
TXN102187,2025-12-04,CUST0379,West,Electronics,1,35563.33,35563.33
TXN101449,2025-12-04,CUST0217,North,Electronics,1,6671.18,6671.18
TXN100899,2025-12-04,CUST0327,North,Home & Living,1,4267.67,4267.67
TXN112789,2025-12-04,CUST0246,East,Grocery,1,2017.92,2017.92
TXN108739,2025-12-04,CUST0687,South,Grocery,1,1111.27,1111.27
TXN107948,2025-12-04,CUST0384,Central,Home & Living,1,1673.25,1673.25
TXN108201,2025-12-04,CUST0169,East,Grocery,1,744.05,744.05
TXN112328,2025-12-04,CUST0667,Central,Home & Living,3,3307.6,9922.81
TXN114204,2025-12-04,CUST0357,North,Apparel,1,787.58,787.58
TXN107575,2025-12-04,CUST0168,South,Electronics,1,4527.71,4527.71
TXN109479,2025-12-04,CUST0655,North,Electronics,1,31097.61,31097.61
TXN101714,2025-12-04,CUST0183,North,Electronics,1,28536.61,28536.61
TXN111096,2025-12-04,CUST0125,South,Home & Living,2,1540.9,3081.81
TXN108522,2025-12-04,CUST0718,Central,Apparel,1,7245.74,7245.74
TXN105673,2025-12-04,CUST0021,West,Beauty,1,759.86,759.86
TXN100457,2025-12-04,CUST0332,South,Home & Living,1,3032.44,3032.44
TXN101959,2025-12-04,CUST0374,North,Home & Living,1,3609.73,3609.73
TXN102423,2025-12-04,CUST0662,East,Grocery,1,1957.36,1957.36
TXN103510,2025-12-04,CUST0781,North,Electronics,1,41401.18,41401.18
TXN104808,2025-12-04,CUST0412,South,Electronics,1,10567.07,10567.07
TXN106565,2025-12-05,CUST0287,East,Grocery,1,244.05,244.05
TXN113721,2025-12-05,CUST0584,North,Electronics,1,9643.22,9643.22
TXN114086,2025-12-05,CUST0749,North,Apparel,1,1467.27,1467.27
TXN110000,2025-12-05,CUST0309,West,Beauty,1,1381.1,1381.1
TXN104885,2025-12-05,CUST0399,West,Apparel,1,863.37,863.37
TXN113858,2025-12-05,CUST0533,North,Grocery,2,1601.66,3203.33
TXN100298,2025-12-05,CUST0281,West,Electronics,1,56686.66,56686.66
TXN112782,2025-12-05,CUST0242,West,Grocery,1,1577.79,1577.79
TXN109152,2025-12-05,CUST0448,North,Apparel,1,1705.93,1705.93
TXN103928,2025-12-05,CUST0357,North,Apparel,1,1712.37,1712.37
TXN113813,2025-12-05,CUST0248,North,Apparel,1,3305.13,3305.13
TXN109680,2025-12-05,CUST0215,West,Beauty,1,1981.53,1981.53
TXN110528,2025-12-05,CUST0526,South,Home & Living,1,5362.39,5362.39
TXN110111,2025-12-05,CUST0101,North,Home & Living,1,3522.41,3522.41
TXN105565,2025-12-05,CUST0046,South,Home & Living,1,3466.99,3466.99
TXN110936,2025-12-05,CUST0521,North,Apparel,1,1298.99,1298.99
TXN104179,2025-12-05,CUST0194,East,Home & Living,1,7254.36,7254.36
TXN102476,2025-12-05,CUST0351,West,Beauty,1,685.92,685.92
TXN106033,2025-12-05,CUST0791,West,Apparel,1,2256.14,2256.14
TXN109377,2025-12-05,CUST0577,South,Beauty,1,906.51,906.51
TXN114828,2025-12-05,CUST0363,South,Electronics,1,26109.66,26109.66
TXN107820,2025-12-05,CUST0746,South,Electronics,1,73511.46,73511.46
TXN112467,2025-12-05,CUST0259,South,Apparel,1,1632.1,1632.1
TXN106625,2025-12-05,CUST0446,East,Apparel,1,4056.13,4056.13
TXN108028,2025-12-05,CUST0043,North,Electronics,2,17478.75,34957.5
TXN104305,2025-12-05,CUST0495,West,Home & Living,1,829.21,829.21
TXN106974,2025-12-05,CUST0689,South,Home & Living,1,6438.34,6438.34
TXN114628,2025-12-05,CUST0070,Central,Electronics,1,6217.86,6217.86
TXN113348,2025-12-05,CUST0368,East,Electronics,2,12811.0,25622.0
TXN111282,2025-12-05,CUST0446,East,Grocery,1,1202.33,1202.33
TXN103766,2025-12-05,CUST0486,East,Electronics,1,33009.82,33009.82
TXN100373,2025-12-05,CUST0415,West,Home & Living,1,4351.86,4351.86
TXN103222,2025-12-06,CUST0303,Central,Electronics,1,24924.38,24924.38
TXN105788,2025-12-06,CUST0234,North,Apparel,2,577.83,1155.66
TXN109046,2025-12-06,CUST0718,Central,Grocery,1,1274.57,1274.57
TXN107885,2025-12-06,CUST0496,North,Grocery,3,159.79,479.38
TXN108733,2025-12-06,CUST0542,South,Grocery,1,310.96,310.96
TXN112491,2025-12-06,CUST0314,East,Apparel,2,991.81,1983.62
TXN114096,2025-12-06,CUST0684,North,Grocery,1,870.63,870.63
TXN112928,2025-12-06,CUST0662,East,Apparel,2,4402.23,8804.45
TXN107787,2025-12-06,CUST0219,Central,Home & Living,1,1285.81,1285.81
TXN110172,2025-12-06,CUST0198,North,Electronics,1,70823.5,70823.5
TXN110705,2025-12-06,CUST0226,South,Apparel,1,625.02,625.02
TXN105821,2025-12-06,CUST0539,North,Home & Living,1,3395.02,3395.02
TXN114165,2025-12-06,CUST0151,East,Electronics,1,44967.61,44967.61
TXN101471,2025-12-06,CUST0486,East,Grocery,1,1961.27,1961.27
TXN113114,2025-12-06,CUST0430,South,Electronics,1,23737.11,23737.11
TXN101357,2025-12-06,CUST0690,South,Home & Living,1,4392.33,4392.33
TXN104278,2025-12-06,CUST0365,North,Electronics,1,63699.55,63699.55
TXN105670,2025-12-06,CUST0257,West,Home & Living,3,9221.23,27663.7
TXN113231,2025-12-06,CUST0417,North,Apparel,1,1610.34,1610.34
TXN103642,2025-12-06,CUST0406,West,Beauty,1,4829.82,4829.82
TXN114633,2025-12-06,CUST0229,South,Apparel,1,2679.65,2679.65
TXN101663,2025-12-06,CUST0014,Central,Electronics,1,14969.89,14969.89
TXN106317,2025-12-06,CUST0105,South,Home & Living,1,11728.73,11728.73
TXN102830,2025-12-06,CUST0532,West,Apparel,1,4134.92,4134.92
TXN105857,2025-12-06,CUST0325,East,Apparel,1,6710.51,6710.51
TXN112525,2025-12-06,CUST0572,North,Electronics,1,25507.65,25507.65
TXN106409,2025-12-06,CUST0035,South,Electronics,1,69113.58,69113.58
TXN106333,2025-12-06,CUST0267,North,Beauty,2,2851.34,5702.67
TXN108456,2025-12-06,CUST0365,North,Grocery,1,1383.0,1383.0
TXN110510,2025-12-06,CUST0094,South,Electronics,1,26210.71,26210.71
TXN105650,2025-12-06,CUST0685,South,Electronics,1,67972.45,67972.45
TXN112847,2025-12-06,CUST0402,North,Home & Living,1,9124.17,9124.17
TXN100347,2025-12-06,CUST0122,South,Electronics,1,52744.93,52744.93
TXN104752,2025-12-06,CUST0034,North,Electronics,1,39888.97,39888.97
TXN113532,2025-12-06,CUST0733,West,Beauty,1,1358.43,1358.43
TXN110636,2025-12-06,CUST0612,North,Apparel,1,807.11,807.11
TXN106560,2025-12-06,CUST0774,West,Beauty,1,1619.7,1619.7
TXN101766,2025-12-07,CUST0259,South,Home & Living,2,2459.76,4919.53
TXN110767,2025-12-07,CUST0281,West,Home & Living,1,11455.05,11455.05
TXN112783,2025-12-07,CUST0123,Central,Home & Living,1,5397.52,5397.52
TXN102288,2025-12-07,CUST0500,West,Electronics,1,65632.42,65632.42
TXN107621,2025-12-07,CUST0473,West,Electronics,1,9408.62,9408.62
TXN105066,2025-12-07,CUST0264,South,Grocery,1,671.79,671.79
TXN113160,2025-12-07,CUST0460,East,Beauty,1,458.45,458.45
TXN110034,2025-12-07,CUST0256,South,Grocery,1,1038.79,1038.79
TXN104245,2025-12-07,CUST0196,North,Electronics,1,6201.33,6201.33
TXN102240,2025-12-07,CUST0428,North,Apparel,2,6429.5,12859.0
TXN107919,2025-12-07,CUST0318,West,Electronics,1,28016.65,28016.65
TXN103974,2025-12-07,CUST0510,West,Apparel,1,2577.37,2577.37
TXN107102,2025-12-07,CUST0257,West,Apparel,1,1083.08,1083.08
TXN100053,2025-12-07,CUST0284,West,Grocery,2,773.45,1546.91
TXN106021,2025-12-07,CUST0454,North,Electronics,1,63175.0,63175.0
TXN101292,2025-12-07,CUST0612,North,Apparel,1,4210.41,4210.41
TXN109899,2025-12-07,CUST0800,Central,Grocery,3,566.67,1700.0
TXN105932,2025-12-07,CUST0188,South,Electronics,1,31942.99,31942.99
TXN102343,2025-12-07,CUST0315,East,Apparel,2,414.34,828.68
TXN113981,2025-12-07,CUST0322,Central,Electronics,1,7813.48,7813.48
TXN113571,2025-12-07,CUST0092,West,Apparel,2,2928.28,5856.56
TXN104646,2025-12-07,CUST0140,East,Apparel,2,4236.0,8472.0
TXN104320,2025-12-07,CUST0092,West,Beauty,1,1955.37,1955.37
TXN106225,2025-12-07,CUST0686,South,Apparel,1,3407.12,3407.12
TXN113329,2025-12-07,CUST0354,West,Apparel,1,2833.81,2833.81
TXN100312,2025-12-07,CUST0799,North,Home & Living,2,923.86,1847.72
TXN105886,2025-12-07,CUST0342,South,Apparel,2,2002.2,4004.4
TXN100915,2025-12-07,CUST0746,South,Apparel,1,2232.16,2232.16
TXN101830,2025-12-07,CUST0468,South,Electronics,1,26134.58,26134.58
TXN101321,2025-12-07,CUST0557,Central,Beauty,2,257.74,515.49
TXN108433,2025-12-07,CUST0720,Central,Home & Living,1,3973.16,3973.16
TXN105946,2025-12-07,CUST0616,Central,Grocery,1,1259.89,1259.89
TXN110793,2025-12-07,CUST0702,South,Apparel,1,1826.7,1826.7
TXN114464,2025-12-08,CUST0047,North,Grocery,2,574.2,1148.39
TXN102453,2025-12-08,CUST0447,North,Grocery,1,1061.38,1061.38
TXN114851,2025-12-08,CUST0134,East,Grocery,2,276.1,552.2
TXN103802,2025-12-08,CUST0770,South,Apparel,1,2047.13,2047.13
TXN110489,2025-12-08,CUST0444,West,Apparel,1,1347.79,1347.79
TXN107818,2025-12-08,CUST0425,South,Apparel,2,561.11,1122.22
TXN113949,2025-12-08,CUST0646,North,Grocery,1,181.3,181.3
TXN104570,2025-12-08,CUST0046,South,Apparel,1,923.53,923.53
TXN113644,2025-12-08,CUST0131,North,Electronics,1,3420.01,3420.01
TXN104357,2025-12-08,CUST0293,East,Apparel,2,1545.2,3090.39
TXN112755,2025-12-08,CUST0350,West,Beauty,1,2451.75,2451.75
TXN111750,2025-12-08,CUST0724,North,Home & Living,1,3637.59,3637.59
TXN114062,2025-12-08,CUST0397,Central,Electronics,2,21698.63,43397.26
TXN108634,2025-12-08,CUST0636,North,Apparel,1,2411.35,2411.35
TXN112267,2025-12-08,CUST0210,South,Apparel,1,2977.45,2977.45
TXN104029,2025-12-08,CUST0076,North,Electronics,1,9934.88,9934.88
TXN105434,2025-12-08,CUST0365,North,Apparel,1,1142.7,1142.7
TXN101260,2025-12-08,CUST0696,East,Grocery,1,1041.7,1041.7
TXN104419,2025-12-08,CUST0075,North,Beauty,1,643.42,643.42
TXN114866,2025-12-08,CUST0391,North,Apparel,1,3913.98,3913.98
TXN101201,2025-12-08,CUST0730,East,Home & Living,1,825.78,825.78
TXN107468,2025-12-08,CUST0029,West,Apparel,1,2966.72,2966.72
TXN108821,2025-12-08,CUST0366,West,Grocery,2,510.96,1021.91
TXN102061,2025-12-08,CUST0406,West,Electronics,1,24750.36,24750.36
TXN109242,2025-12-08,CUST0698,South,Beauty,1,1172.71,1172.71
TXN105219,2025-12-08,CUST0555,South,Beauty,1,1943.62,1943.62
TXN105615,2025-12-08,CUST0486,East,Apparel,1,5791.03,5791.03
TXN111439,2025-12-08,CUST0662,East,Home & Living,1,11525.01,11525.01
TXN110797,2025-12-08,CUST0131,North,Beauty,2,1572.97,3145.95
TXN109497,2025-12-08,CUST0662,East,Apparel,1,4603.49,4603.49
TXN109849,2025-12-09,CUST0690,South,Grocery,2,547.86,1095.73
TXN108620,2025-12-09,CUST0533,North,Grocery,3,128.16,384.49
TXN106164,2025-12-09,CUST0519,North,Grocery,1,1657.26,1657.26
TXN103200,2025-12-09,CUST0106,Central,Grocery,1,417.45,417.45
TXN112523,2025-12-09,CUST0281,West,Electronics,1,47341.78,47341.78
TXN110733,2025-12-09,CUST0768,North,Apparel,1,3745.29,3745.29
TXN107924,2025-12-09,CUST0062,South,Apparel,1,1991.12,1991.12
TXN104406,2025-12-09,CUST0416,North,Apparel,1,1022.64,1022.64
TXN113049,2025-12-09,CUST0442,West,Apparel,1,6052.23,6052.23
TXN108531,2025-12-09,CUST0193,North,Electronics,1,8414.87,8414.87
TXN114452,2025-12-09,CUST0497,North,Home & Living,2,2347.9,4695.8
TXN103748,2025-12-09,CUST0367,West,Apparel,1,7804.06,7804.06
TXN107805,2025-12-09,CUST0327,North,Grocery,1,1074.77,1074.77
TXN114714,2025-12-09,CUST0162,East,Apparel,1,855.18,855.18
TXN104362,2025-12-09,CUST0327,North,Electronics,1,19285.38,19285.38
TXN111726,2025-12-09,CUST0400,North,Beauty,1,477.13,477.13
TXN107789,2025-12-09,CUST0444,West,Beauty,1,859.4,859.4
TXN100856,2025-12-09,CUST0363,South,Grocery,1,405.88,405.88
TXN102725,2025-12-09,CUST0764,North,Electronics,1,9015.6,9015.6
TXN110121,2025-12-09,CUST0694,North,Beauty,1,1273.22,1273.22
TXN107215,2025-12-09,CUST0555,South,Apparel,1,3550.88,3550.88
TXN102077,2025-12-09,CUST0305,Central,Electronics,1,20059.85,20059.85
TXN108621,2025-12-09,CUST0569,North,Apparel,1,7433.59,7433.59
TXN101773,2025-12-09,CUST0521,North,Beauty,1,1667.14,1667.14
TXN110685,2025-12-09,CUST0605,East,Apparel,1,1417.73,1417.73
TXN105619,2025-12-09,CUST0735,South,Beauty,1,542.06,542.06
TXN111942,2025-12-09,CUST0046,South,Electronics,1,6680.66,6680.66
TXN103280,2025-12-09,CUST0172,Central,Grocery,1,114.49,114.49
TXN105183,2025-12-09,CUST0253,Central,Electronics,1,38710.38,38710.38
TXN103561,2025-12-09,CUST0035,South,Electronics,1,48977.84,48977.84
TXN113917,2025-12-09,CUST0299,West,Grocery,1,1164.37,1164.37
TXN114145,2025-12-09,CUST0616,Central,Electronics,1,13916.94,13916.94
TXN100046,2025-12-09,CUST0110,South,Electronics,1,24522.31,24522.31
TXN110592,2025-12-09,CUST0757,East,Beauty,1,789.28,789.28
TXN107746,2025-12-10,CUST0592,North,Home & Living,1,5114.76,5114.76
TXN111844,2025-12-10,CUST0190,West,Grocery,1,706.26,706.26
TXN111572,2025-12-10,CUST0311,West,Apparel,1,2327.99,2327.99
TXN108351,2025-12-10,CUST0530,South,Beauty,1,2839.09,2839.09
TXN114060,2025-12-10,CUST0243,South,Electronics,1,47836.26,47836.26
TXN114881,2025-12-10,CUST0627,North,Home & Living,1,4300.75,4300.75
TXN103389,2025-12-10,CUST0610,West,Electronics,1,42363.81,42363.81
TXN103713,2025-12-10,CUST0773,West,Apparel,1,2126.94,2126.94
TXN104708,2025-12-10,CUST0423,South,Home & Living,1,971.98,971.98
TXN112654,2025-12-10,CUST0653,West,Home & Living,2,5504.36,11008.73
TXN114230,2025-12-10,CUST0574,South,Electronics,1,40932.9,40932.9
TXN104091,2025-12-10,CUST0132,West,Home & Living,1,1684.83,1684.83
TXN100938,2025-12-10,CUST0592,North,Apparel,1,1904.57,1904.57
TXN102238,2025-12-10,CUST0752,East,Electronics,1,9369.88,9369.88
TXN111407,2025-12-10,CUST0777,North,Grocery,1,645.3,645.3
TXN109183,2025-12-10,CUST0553,South,Beauty,1,1020.86,1020.86
TXN101022,2025-12-10,CUST0356,West,Apparel,1,3388.46,3388.46
TXN108063,2025-12-10,CUST0035,South,Apparel,2,6727.12,13454.24
TXN103657,2025-12-10,CUST0445,West,Home & Living,1,5542.03,5542.03
TXN106688,2025-12-10,CUST0061,West,Apparel,1,2789.88,2789.88
TXN107455,2025-12-10,CUST0764,North,Grocery,1,818.12,818.12
TXN109754,2025-12-10,CUST0635,North,Home & Living,2,2657.71,5315.42
TXN104028,2025-12-10,CUST0442,West,Beauty,1,4474.53,4474.53
TXN104027,2025-12-10,CUST0271,South,Beauty,1,1105.72,1105.72
TXN104645,2025-12-10,CUST0484,North,Electronics,1,10803.26,10803.26
TXN112560,2025-12-10,CUST0090,North,Grocery,2,506.9,1013.81
TXN105048,2025-12-10,CUST0536,East,Beauty,3,711.26,2133.79
TXN114227,2025-12-10,CUST0451,West,Apparel,1,1535.62,1535.62
TXN114984,2025-12-10,CUST0299,West,Electronics,1,27001.81,27001.81
TXN106482,2025-12-10,CUST0181,South,Apparel,1,1860.79,1860.79
TXN104530,2025-12-10,CUST0302,Central,Home & Living,1,3212.45,3212.45
TXN103498,2025-12-10,CUST0344,East,Beauty,1,942.54,942.54
TXN108553,2025-12-10,CUST0046,South,Apparel,1,3959.74,3959.74
TXN106851,2025-12-10,CUST0097,South,Home & Living,1,422.97,422.97
TXN103817,2025-12-10,CUST0252,East,Home & Living,1,3312.57,3312.57
TXN109369,2025-12-10,CUST0163,North,Apparel,1,2250.41,2250.41
TXN107255,2025-12-10,CUST0106,Central,Apparel,1,1041.29,1041.29
TXN111513,2025-12-10,CUST0358,Central,Apparel,2,2261.78,4523.56
TXN112496,2025-12-10,CUST0453,North,Grocery,1,318.93,318.93
TXN104893,2025-12-11,CUST0183,North,Home & Living,1,9457.23,9457.23
TXN109466,2025-12-11,CUST0044,Central,Apparel,1,4578.51,4578.51
TXN109463,2025-12-11,CUST0649,Central,Electronics,1,15909.51,15909.51
TXN110576,2025-12-11,CUST0035,South,Beauty,1,1797.46,1797.46
TXN114789,2025-12-11,CUST0013,North,Electronics,1,41249.87,41249.87
TXN100019,2025-12-11,CUST0574,South,Electronics,1,7555.01,7555.01
TXN103329,2025-12-11,CUST0740,East,Home & Living,1,2925.17,2925.17
TXN114603,2025-12-11,CUST0786,North,Grocery,1,872.42,872.42
TXN113412,2025-12-11,CUST0792,Central,Apparel,1,3937.66,3937.66
TXN107518,2025-12-11,CUST0753,West,Apparel,1,3610.74,3610.74
TXN106514,2025-12-11,CUST0328,South,Beauty,1,1942.01,1942.01
TXN108399,2025-12-11,CUST0183,North,Apparel,2,2093.92,4187.84
TXN108009,2025-12-11,CUST0578,East,Electronics,2,10029.85,20059.7
TXN102609,2025-12-11,CUST0051,North,Grocery,1,348.66,348.66
TXN103045,2025-12-11,CUST0581,North,Grocery,1,321.84,321.84
TXN101018,2025-12-11,CUST0676,East,Home & Living,1,12202.03,12202.03
TXN113420,2025-12-11,CUST0224,Central,Electronics,1,24650.6,24650.6
TXN105735,2025-12-11,CUST0193,North,Apparel,1,7272.48,7272.48
TXN109396,2025-12-11,CUST0746,South,Beauty,1,1474.39,1474.39
TXN105814,2025-12-11,CUST0395,North,Apparel,3,2317.14,6951.41
TXN114118,2025-12-11,CUST0285,Central,Electronics,1,13012.6,13012.6
TXN113541,2025-12-11,CUST0790,West,Apparel,3,1847.11,5541.33
TXN107034,2025-12-11,CUST0237,South,Grocery,1,402.79,402.79
TXN108798,2025-12-11,CUST0406,West,Apparel,1,6019.41,6019.41
TXN107658,2025-12-11,CUST0615,East,Apparel,1,4756.84,4756.84
TXN108505,2025-12-11,CUST0186,South,Electronics,1,32635.85,32635.85
TXN102694,2025-12-11,CUST0319,North,Grocery,1,749.47,749.47
TXN105290,2025-12-11,CUST0376,East,Home & Living,1,3211.29,3211.29
TXN107638,2025-12-11,CUST0402,North,Electronics,2,24982.16,49964.33
TXN113331,2025-12-11,CUST0406,West,Home & Living,1,11187.27,11187.27
TXN104130,2025-12-11,CUST0659,North,Apparel,1,2358.2,2358.2
TXN113208,2025-12-11,CUST0529,East,Apparel,1,2667.51,2667.51
TXN101435,2025-12-11,CUST0227,West,Electronics,1,5036.26,5036.26
TXN101497,2025-12-11,CUST0087,East,Grocery,1,216.45,216.45
TXN108537,2025-12-11,CUST0511,North,Home & Living,1,6914.74,6914.74
TXN108547,2025-12-11,CUST0417,North,Electronics,1,29274.47,29274.47
TXN100207,2025-12-11,CUST0155,South,Grocery,1,119.95,119.95
TXN111912,2025-12-11,CUST0585,East,Grocery,1,284.28,284.28
TXN101812,2025-12-11,CUST0020,South,Home & Living,1,4797.19,4797.19
TXN105378,2025-12-12,CUST0612,North,Grocery,2,206.26,412.53
TXN113562,2025-12-12,CUST0367,West,Electronics,1,5171.62,5171.62
TXN102606,2025-12-12,CUST0471,West,Electronics,1,12392.78,12392.78
TXN114665,2025-12-12,CUST0619,South,Apparel,2,3329.88,6659.75
TXN107426,2025-12-12,CUST0454,North,Apparel,1,5075.97,5075.97
TXN110035,2025-12-12,CUST0306,North,Home & Living,1,5469.16,5469.16
TXN110702,2025-12-12,CUST0273,North,Electronics,3,17179.29,51537.88
TXN111762,2025-12-12,CUST0281,West,Home & Living,2,8705.78,17411.57
TXN103521,2025-12-12,CUST0746,South,Electronics,2,10597.17,21194.35
TXN100310,2025-12-12,CUST0246,East,Home & Living,1,2275.44,2275.44
TXN111759,2025-12-12,CUST0242,West,Apparel,1,1187.93,1187.93
TXN103079,2025-12-12,CUST0500,West,Apparel,1,4770.8,4770.8
TXN107599,2025-12-12,CUST0460,East,Apparel,1,2814.08,2814.08
TXN107006,2025-12-12,CUST0537,North,Home & Living,1,3326.86,3326.86
TXN103351,2025-12-12,CUST0045,North,Grocery,1,502.76,502.76
TXN114520,2025-12-12,CUST0665,Central,Home & Living,1,2218.58,2218.58
TXN100535,2025-12-12,CUST0717,East,Electronics,2,37118.87,74237.73
TXN110925,2025-12-12,CUST0474,North,Beauty,2,375.05,750.1
TXN102220,2025-12-12,CUST0277,South,Apparel,2,4071.93,8143.86
TXN111379,2025-12-12,CUST0571,Central,Grocery,1,118.99,118.99
TXN113395,2025-12-12,CUST0513,East,Apparel,1,7200.6,7200.6
TXN101680,2025-12-12,CUST0367,West,Grocery,1,2138.88,2138.88
TXN109677,2025-12-12,CUST0482,West,Home & Living,1,2008.91,2008.91
TXN114101,2025-12-12,CUST0102,North,Grocery,1,257.0,257.0
TXN103326,2025-12-12,CUST0380,East,Electronics,1,13558.5,13558.5
TXN105898,2025-12-12,CUST0180,East,Grocery,1,674.69,674.69
TXN103599,2025-12-12,CUST0231,North,Electronics,1,15299.15,15299.15
TXN100639,2025-12-12,CUST0198,North,Apparel,2,2358.6,4717.21
TXN108472,2025-12-12,CUST0504,East,Home & Living,2,6819.94,13639.88
TXN104625,2025-12-12,CUST0499,East,Beauty,1,3074.74,3074.74
TXN114976,2025-12-12,CUST0574,South,Grocery,2,697.37,1394.74
TXN112913,2025-12-12,CUST0193,North,Electronics,1,8071.67,8071.67
TXN102648,2025-12-12,CUST0470,South,Apparel,2,4043.74,8087.48
TXN105522,2025-12-12,CUST0431,Central,Electronics,1,5336.23,5336.23
TXN104244,2025-12-12,CUST0705,South,Grocery,1,167.37,167.37
TXN114968,2025-12-12,CUST0799,North,Apparel,2,3322.65,6645.29
TXN107136,2025-12-12,CUST0314,East,Electronics,2,8417.7,16835.4
TXN108454,2025-12-12,CUST0422,North,Home & Living,1,3912.98,3912.98
TXN111369,2025-12-12,CUST0197,Central,Home & Living,1,4549.86,4549.86
TXN113659,2025-12-12,CUST0507,West,Electronics,2,21713.66,43427.33
TXN111472,2025-12-12,CUST0151,East,Electronics,1,62026.01,62026.01
TXN100382,2025-12-12,CUST0373,East,Apparel,1,2987.86,2987.86
TXN114933,2025-12-12,CUST0135,North,Apparel,1,4978.34,4978.34
TXN101272,2025-12-12,CUST0718,Central,Electronics,1,47374.68,47374.68
TXN102241,2025-12-12,CUST0031,North,Grocery,1,594.52,594.52
TXN104448,2025-12-13,CUST0651,South,Home & Living,1,2280.94,2280.94
TXN104143,2025-12-13,CUST0797,North,Beauty,1,4503.78,4503.78
TXN112078,2025-12-13,CUST0368,East,Grocery,2,379.11,758.23
TXN101923,2025-12-13,CUST0087,East,Grocery,1,1080.23,1080.23
TXN112976,2025-12-13,CUST0793,North,Home & Living,1,2736.95,2736.95
TXN108568,2025-12-13,CUST0404,South,Beauty,1,1352.95,1352.95
TXN102052,2025-12-13,CUST0662,East,Apparel,1,3249.35,3249.35
TXN100253,2025-12-13,CUST0679,West,Grocery,1,2044.54,2044.54
TXN110072,2025-12-13,CUST0193,North,Apparel,1,1330.34,1330.34
TXN111567,2025-12-13,CUST0157,East,Grocery,1,1108.11,1108.11
TXN110932,2025-12-13,CUST0047,North,Home & Living,1,4850.11,4850.11
TXN109269,2025-12-13,CUST0293,East,Electronics,1,44090.16,44090.16
TXN114751,2025-12-13,CUST0595,South,Grocery,1,1164.3,1164.3
TXN100114,2025-12-13,CUST0051,North,Apparel,1,5074.25,5074.25
TXN112532,2025-12-13,CUST0356,West,Home & Living,1,2320.98,2320.98
TXN106187,2025-12-13,CUST0746,South,Apparel,1,4902.51,4902.51
TXN114160,2025-12-13,CUST0090,North,Grocery,1,803.05,803.05
TXN104690,2025-12-13,CUST0119,West,Home & Living,1,3810.22,3810.22
TXN107917,2025-12-13,CUST0565,West,Apparel,1,849.77,849.77
TXN114802,2025-12-13,CUST0352,West,Electronics,1,11141.08,11141.08
TXN100189,2025-12-13,CUST0416,North,Grocery,2,306.76,613.51
TXN105000,2025-12-13,CUST0430,South,Grocery,1,212.4,212.4
TXN101748,2025-12-13,CUST0250,North,Electronics,1,24497.41,24497.41
TXN103258,2025-12-13,CUST0738,West,Apparel,1,2673.19,2673.19
TXN109493,2025-12-13,CUST0264,South,Grocery,1,459.89,459.89
TXN107904,2025-12-13,CUST0304,Central,Home & Living,1,3657.66,3657.66
TXN101791,2025-12-13,CUST0721,North,Home & Living,3,14268.25,42804.75
TXN112369,2025-12-13,CUST0419,East,Home & Living,1,5540.33,5540.33
TXN106735,2025-12-13,CUST0377,West,Beauty,1,1324.45,1324.45
TXN105160,2025-12-13,CUST0229,South,Grocery,1,939.83,939.83
TXN114972,2025-12-13,CUST0721,North,Beauty,1,2843.3,2843.3
TXN114901,2025-12-14,CUST0559,North,Grocery,1,750.63,750.63
TXN101044,2025-12-14,CUST0044,Central,Home & Living,1,13608.28,13608.28
TXN104122,2025-12-14,CUST0632,East,Grocery,1,882.14,882.14
TXN101423,2025-12-14,CUST0265,South,Grocery,1,2103.23,2103.23
TXN111032,2025-12-14,CUST0054,Central,Beauty,1,4514.5,4514.5
TXN113640,2025-12-14,CUST0797,North,Apparel,1,3918.42,3918.42
TXN101697,2025-12-14,CUST0061,West,Apparel,1,2417.81,2417.81
TXN113903,2025-12-14,CUST0755,North,Grocery,1,766.47,766.47
TXN110205,2025-12-14,CUST0097,South,Electronics,1,25263.68,25263.68
TXN108916,2025-12-14,CUST0492,North,Home & Living,1,6601.58,6601.58
TXN110546,2025-12-14,CUST0026,Central,Electronics,2,29194.62,58389.24
TXN102554,2025-12-14,CUST0207,West,Grocery,2,438.4,876.8
TXN107430,2025-12-14,CUST0274,North,Grocery,1,1967.9,1967.9
TXN109844,2025-12-14,CUST0394,East,Beauty,1,2440.4,2440.4
TXN101271,2025-12-14,CUST0760,Central,Home & Living,1,2568.42,2568.42
TXN100467,2025-12-14,CUST0212,Central,Apparel,1,4219.93,4219.93
TXN114232,2025-12-14,CUST0368,East,Electronics,1,22861.54,22861.54
TXN100350,2025-12-14,CUST0074,South,Apparel,1,2415.65,2415.65
TXN108345,2025-12-14,CUST0206,East,Home & Living,1,2069.79,2069.79
TXN102766,2025-12-14,CUST0068,North,Apparel,3,4259.46,12778.38
TXN111685,2025-12-14,CUST0768,North,Electronics,1,15272.91,15272.91
TXN113175,2025-12-14,CUST0578,East,Grocery,1,1785.37,1785.37
TXN109886,2025-12-14,CUST0272,North,Electronics,2,17248.81,34497.62
TXN100541,2025-12-14,CUST0437,West,Electronics,1,16865.4,16865.4
TXN111783,2025-12-14,CUST0353,West,Home & Living,1,2346.6,2346.6
TXN101204,2025-12-14,CUST0419,East,Electronics,1,10531.0,10531.0
TXN100318,2025-12-14,CUST0314,East,Electronics,1,80061.27,80061.27
TXN109634,2025-12-14,CUST0156,South,Home & Living,1,1353.16,1353.16
TXN112633,2025-12-14,CUST0720,Central,Home & Living,1,4285.87,4285.87
TXN112611,2025-12-14,CUST0770,South,Electronics,1,36581.28,36581.28
TXN110764,2025-12-14,CUST0485,South,Home & Living,1,6120.61,6120.61
TXN107439,2025-12-14,CUST0179,South,Home & Living,3,7491.46,22474.37
TXN106943,2025-12-14,CUST0519,North,Electronics,1,50202.94,50202.94
TXN112963,2025-12-14,CUST0662,East,Electronics,1,79398.49,79398.49
TXN106817,2025-12-14,CUST0461,North,Grocery,1,313.55,313.55
TXN108480,2025-12-15,CUST0472,West,Electronics,1,39029.69,39029.69
TXN108440,2025-12-15,CUST0743,East,Grocery,1,1132.51,1132.51
TXN104456,2025-12-15,CUST0384,Central,Home & Living,2,5663.87,11327.75
TXN100959,2025-12-15,CUST0406,West,Electronics,1,27732.41,27732.41
TXN114793,2025-12-15,CUST0143,East,Home & Living,1,3529.95,3529.95
TXN113643,2025-12-15,CUST0768,North,Apparel,1,3112.7,3112.7
TXN105552,2025-12-15,CUST0774,West,Grocery,1,141.27,141.27
TXN101735,2025-12-15,CUST0589,Central,Home & Living,1,879.98,879.98
TXN100489,2025-12-15,CUST0306,North,Home & Living,1,4830.58,4830.58
TXN102211,2025-12-15,CUST0373,East,Beauty,1,313.38,313.38
TXN114461,2025-12-15,CUST0110,South,Beauty,1,248.93,248.93
TXN110704,2025-12-15,CUST0733,West,Home & Living,1,2846.3,2846.3
TXN109384,2025-12-15,CUST0243,South,Electronics,2,36968.56,73937.12
TXN103406,2025-12-15,CUST0615,East,Apparel,1,5625.16,5625.16
TXN114082,2025-12-15,CUST0002,North,Grocery,1,1105.37,1105.37
TXN114531,2025-12-15,CUST0749,North,Home & Living,2,2333.9,4667.8
TXN105418,2025-12-15,CUST0281,West,Grocery,1,171.24,171.24
TXN102059,2025-12-15,CUST0733,West,Apparel,1,3520.64,3520.64
TXN110417,2025-12-15,CUST0672,West,Home & Living,1,7704.56,7704.56
TXN104263,2025-12-15,CUST0345,North,Electronics,1,21512.1,21512.1
TXN103895,2025-12-15,CUST0265,South,Apparel,2,5412.93,10825.87
TXN113966,2025-12-15,CUST0413,North,Home & Living,1,5472.13,5472.13
TXN101359,2025-12-15,CUST0646,North,Electronics,1,5430.35,5430.35
TXN110042,2025-12-15,CUST0357,North,Beauty,1,1596.35,1596.35
TXN112802,2025-12-15,CUST0053,North,Beauty,2,4144.11,8288.22
TXN101782,2025-12-15,CUST0029,West,Apparel,1,787.51,787.51
TXN110998,2025-12-15,CUST0446,East,Beauty,1,4966.53,4966.53
TXN112763,2025-12-15,CUST0686,South,Apparel,2,3092.25,6184.49
TXN102024,2025-12-15,CUST0204,West,Beauty,1,3097.44,3097.44
TXN108128,2025-12-15,CUST0155,South,Apparel,2,3328.59,6657.17
TXN102623,2025-12-16,CUST0647,West,Grocery,1,273.81,273.81
TXN106361,2025-12-16,CUST0251,West,Electronics,2,26522.05,53044.09
TXN105864,2025-12-16,CUST0299,West,Home & Living,2,2800.37,5600.74
TXN114765,2025-12-16,CUST0314,East,Electronics,1,5472.19,5472.19
TXN102721,2025-12-16,CUST0752,East,Home & Living,1,12026.4,12026.4
TXN103150,2025-12-16,CUST0271,South,Grocery,3,172.15,516.44
TXN114879,2025-12-16,CUST0439,Central,Home & Living,1,7279.72,7279.72
TXN100003,2025-12-16,CUST0280,Central,Apparel,1,3131.41,3131.41
TXN111549,2025-12-16,CUST0600,West,Home & Living,1,945.16,945.16
TXN113826,2025-12-16,CUST0486,East,Grocery,2,2025.71,4051.43
TXN112391,2025-12-16,CUST0475,South,Beauty,1,536.14,536.14
TXN107429,2025-12-16,CUST0347,West,Electronics,1,28086.65,28086.65
TXN112005,2025-12-16,CUST0122,South,Apparel,1,5163.87,5163.87
TXN109383,2025-12-16,CUST0281,West,Electronics,1,72531.21,72531.21
TXN107594,2025-12-16,CUST0672,West,Home & Living,2,7137.24,14274.48
TXN108902,2025-12-16,CUST0578,East,Home & Living,1,1642.32,1642.32
TXN107105,2025-12-16,CUST0408,South,Grocery,1,36.22,36.22
TXN105527,2025-12-16,CUST0229,South,Grocery,1,1949.81,1949.81
TXN108651,2025-12-16,CUST0205,West,Home & Living,1,2537.16,2537.16
TXN105518,2025-12-16,CUST0541,North,Electronics,1,29503.53,29503.53
TXN113565,2025-12-16,CUST0135,North,Grocery,1,1215.05,1215.05
TXN105087,2025-12-16,CUST0278,East,Electronics,1,44998.17,44998.17
TXN108675,2025-12-16,CUST0391,North,Grocery,3,1769.61,5308.83
TXN107393,2025-12-16,CUST0389,South,Apparel,3,3304.79,9914.38
TXN113934,2025-12-16,CUST0216,Central,Electronics,2,20895.71,41791.43
TXN108149,2025-12-16,CUST0751,Central,Grocery,1,491.78,491.78
TXN100492,2025-12-16,CUST0172,Central,Apparel,1,657.02,657.02
TXN107651,2025-12-16,CUST0501,North,Apparel,2,1124.71,2249.42
TXN101819,2025-12-16,CUST0012,West,Home & Living,1,14244.46,14244.46
TXN112479,2025-12-16,CUST0453,North,Electronics,2,4272.75,8545.5
TXN103522,2025-12-16,CUST0051,North,Home & Living,1,5426.77,5426.77
TXN101941,2025-12-16,CUST0646,North,Grocery,2,127.65,255.31
TXN105278,2025-12-16,CUST0610,West,Beauty,2,405.04,810.08
TXN107635,2025-12-16,CUST0292,East,Grocery,1,155.89,155.89
TXN108793,2025-12-16,CUST0442,West,Grocery,1,1350.28,1350.28
TXN112655,2025-12-17,CUST0737,North,Electronics,1,25386.7,25386.7
TXN107929,2025-12-17,CUST0763,West,Home & Living,1,4157.77,4157.77
TXN103455,2025-12-17,CUST0519,North,Beauty,1,4137.15,4137.15
TXN104002,2025-12-17,CUST0108,South,Apparel,1,533.37,533.37
TXN107513,2025-12-17,CUST0376,East,Grocery,2,657.54,1315.07
TXN110643,2025-12-17,CUST0747,West,Grocery,3,818.26,2454.79
TXN104723,2025-12-17,CUST0283,South,Grocery,1,492.4,492.4
TXN103998,2025-12-17,CUST0521,North,Grocery,1,341.62,341.62
TXN100649,2025-12-17,CUST0097,South,Home & Living,1,1693.0,1693.0
TXN101338,2025-12-17,CUST0766,South,Beauty,1,2636.98,2636.98
TXN100778,2025-12-17,CUST0365,North,Apparel,1,2917.01,2917.01
TXN105365,2025-12-17,CUST0108,South,Electronics,1,26823.69,26823.69
TXN104873,2025-12-17,CUST0780,East,Home & Living,1,2661.79,2661.79
TXN103942,2025-12-17,CUST0698,South,Grocery,1,1059.16,1059.16
TXN109092,2025-12-17,CUST0768,North,Electronics,2,17211.9,34423.79
TXN102069,2025-12-17,CUST0367,West,Apparel,3,1481.17,4443.52
TXN108403,2025-12-17,CUST0484,North,Apparel,1,1475.37,1475.37
TXN102681,2025-12-17,CUST0576,West,Apparel,1,4101.65,4101.65
TXN110819,2025-12-17,CUST0291,Central,Home & Living,1,2630.54,2630.54
TXN102076,2025-12-17,CUST0145,North,Electronics,1,17825.93,17825.93
TXN111835,2025-12-17,CUST0771,East,Grocery,2,55.46,110.92
TXN110377,2025-12-17,CUST0738,West,Home & Living,1,4184.59,4184.59
TXN105867,2025-12-17,CUST0513,East,Electronics,1,37667.64,37667.64
TXN110002,2025-12-17,CUST0764,North,Home & Living,1,4474.23,4474.23
TXN106440,2025-12-17,CUST0789,South,Beauty,2,950.01,1900.03
TXN111881,2025-12-17,CUST0007,Central,Apparel,1,310.19,310.19
TXN112306,2025-12-17,CUST0743,East,Apparel,1,3563.67,3563.67
TXN107531,2025-12-17,CUST0584,North,Electronics,1,10214.64,10214.64
TXN101242,2025-12-17,CUST0739,North,Electronics,1,28461.09,28461.09
TXN110619,2025-12-17,CUST0262,Central,Electronics,1,44548.77,44548.77
TXN109788,2025-12-17,CUST0796,East,Electronics,1,45922.27,45922.27
TXN114993,2025-12-17,CUST0358,Central,Apparel,1,2229.43,2229.43
TXN107027,2025-12-17,CUST0691,North,Home & Living,1,583.14,583.14
TXN106682,2025-12-17,CUST0705,South,Beauty,1,1357.53,1357.53
TXN113900,2025-12-17,CUST0772,North,Grocery,1,561.47,561.47
TXN112098,2025-12-17,CUST0189,North,Home & Living,2,4876.12,9752.23
TXN114281,2025-12-17,CUST0406,West,Apparel,1,1626.63,1626.63
TXN113402,2025-12-17,CUST0452,South,Apparel,1,2874.88,2874.88
TXN102112,2025-12-18,CUST0553,South,Home & Living,1,2966.81,2966.81
TXN106966,2025-12-18,CUST0740,East,Apparel,1,2147.99,2147.99
TXN106643,2025-12-18,CUST0332,South,Grocery,3,765.84,2297.51
TXN102108,2025-12-18,CUST0230,West,Beauty,1,2682.24,2682.24
TXN105783,2025-12-18,CUST0451,West,Apparel,2,1819.45,3638.9
TXN105058,2025-12-18,CUST0115,East,Grocery,1,417.21,417.21
TXN100205,2025-12-18,CUST0615,East,Beauty,1,733.91,733.91
TXN113876,2025-12-18,CUST0576,West,Apparel,2,4913.96,9827.92
TXN106650,2025-12-18,CUST0743,East,Grocery,1,1144.0,1144.0
TXN113181,2025-12-18,CUST0768,North,Electronics,1,12299.97,12299.97
TXN104370,2025-12-18,CUST0628,Central,Electronics,1,13390.67,13390.67
TXN104064,2025-12-18,CUST0490,North,Home & Living,1,5786.0,5786.0
TXN100305,2025-12-18,CUST0171,East,Home & Living,1,5419.28,5419.28
TXN105429,2025-12-18,CUST0127,North,Beauty,2,2120.52,4241.03
TXN103851,2025-12-18,CUST0198,North,Beauty,3,3792.33,11376.98
TXN107470,2025-12-18,CUST0716,North,Grocery,1,1999.32,1999.32
TXN101811,2025-12-18,CUST0113,East,Apparel,1,6392.24,6392.24
TXN108288,2025-12-18,CUST0155,South,Grocery,1,1769.06,1769.06
TXN110480,2025-12-18,CUST0468,South,Apparel,1,3053.73,3053.73
TXN113983,2025-12-18,CUST0445,West,Grocery,1,359.66,359.66
TXN114381,2025-12-18,CUST0700,West,Electronics,1,9986.93,9986.93
TXN100765,2025-12-18,CUST0038,South,Apparel,1,2642.14,2642.14
TXN106931,2025-12-18,CUST0013,North,Apparel,1,1817.73,1817.73
TXN100389,2025-12-18,CUST0572,North,Beauty,1,2696.6,2696.6
TXN111254,2025-12-18,CUST0265,South,Apparel,1,4305.7,4305.7
TXN107115,2025-12-18,CUST0679,West,Home & Living,2,12795.91,25591.81
TXN106947,2025-12-18,CUST0299,West,Apparel,3,2910.13,8730.38
TXN113035,2025-12-18,CUST0155,South,Electronics,2,5980.24,11960.47
TXN110074,2025-12-18,CUST0034,North,Grocery,2,1527.2,3054.41
TXN112989,2025-12-18,CUST0075,North,Home & Living,1,5952.26,5952.26
TXN114692,2025-12-18,CUST0649,Central,Grocery,1,246.63,246.63
TXN112067,2025-12-18,CUST0233,North,Apparel,3,2012.92,6038.77
TXN106703,2025-12-18,CUST0182,West,Electronics,3,26273.3,78819.9
TXN114486,2025-12-18,CUST0462,West,Apparel,1,970.2,970.2
TXN102193,2025-12-18,CUST0578,East,Electronics,1,58367.18,58367.18
TXN110439,2025-12-18,CUST0175,North,Home & Living,1,7316.37,7316.37
TXN104226,2025-12-18,CUST0505,West,Electronics,1,27702.89,27702.89
TXN113067,2025-12-18,CUST0446,East,Home & Living,1,6399.52,6399.52
TXN104726,2025-12-19,CUST0765,West,Apparel,1,1572.13,1572.13
TXN106534,2025-12-19,CUST0533,North,Home & Living,1,7193.52,7193.52
TXN103739,2025-12-19,CUST0004,East,Home & Living,1,1737.88,1737.88
TXN100192,2025-12-19,CUST0412,South,Grocery,1,1158.96,1158.96
TXN105095,2025-12-19,CUST0580,East,Home & Living,1,4839.87,4839.87
TXN102350,2025-12-19,CUST0021,West,Apparel,1,4344.66,4344.66
TXN110360,2025-12-19,CUST0779,East,Apparel,2,4167.77,8335.54
TXN105859,2025-12-19,CUST0210,South,Apparel,1,2663.41,2663.41
TXN106734,2025-12-19,CUST0622,East,Apparel,1,1868.07,1868.07
TXN101085,2025-12-19,CUST0015,West,Apparel,1,2194.01,2194.01
TXN114904,2025-12-19,CUST0198,North,Apparel,1,4112.96,4112.96
TXN100415,2025-12-19,CUST0331,West,Home & Living,1,3165.53,3165.53
TXN102540,2025-12-19,CUST0272,North,Apparel,1,1365.47,1365.47
TXN104253,2025-12-19,CUST0693,North,Beauty,1,1828.42,1828.42
TXN103918,2025-12-19,CUST0096,North,Grocery,1,664.4,664.4
TXN103999,2025-12-19,CUST0560,East,Beauty,2,661.45,1322.91
TXN109880,2025-12-19,CUST0481,East,Apparel,3,2512.52,7537.56
TXN109652,2025-12-19,CUST0721,North,Apparel,1,2234.05,2234.05
TXN112209,2025-12-19,CUST0105,South,Grocery,1,393.9,393.9
TXN110129,2025-12-19,CUST0089,North,Grocery,1,155.56,155.56
TXN102452,2025-12-19,CUST0660,East,Apparel,1,3972.13,3972.13
TXN100657,2025-12-19,CUST0352,West,Electronics,1,39444.25,39444.25
TXN104355,2025-12-19,CUST0494,West,Electronics,1,16445.12,16445.12
TXN100565,2025-12-19,CUST0788,South,Apparel,1,866.21,866.21
TXN101490,2025-12-19,CUST0367,West,Home & Living,1,3153.28,3153.28
TXN103148,2025-12-19,CUST0314,East,Grocery,1,1713.36,1713.36
TXN107889,2025-12-19,CUST0287,East,Apparel,1,1106.96,1106.96
TXN114442,2025-12-19,CUST0034,North,Beauty,1,951.24,951.24
TXN105372,2025-12-19,CUST0053,North,Beauty,1,3692.69,3692.69
TXN102735,2025-12-19,CUST0048,Central,Electronics,1,16199.11,16199.11
TXN106070,2025-12-19,CUST0610,West,Beauty,1,1857.83,1857.83
TXN102908,2025-12-19,CUST0470,South,Home & Living,2,12142.82,24285.65
TXN106303,2025-12-19,CUST0641,Central,Home & Living,1,3570.39,3570.39
TXN105040,2025-12-19,CUST0595,South,Apparel,2,3582.39,7164.79
TXN113436,2025-12-19,CUST0307,South,Apparel,2,2597.31,5194.62
TXN105133,2025-12-19,CUST0273,North,Apparel,1,2998.41,2998.41
TXN114332,2025-12-19,CUST0716,North,Electronics,1,76217.38,76217.38
TXN107897,2025-12-19,CUST0350,West,Beauty,2,359.42,718.84
TXN106840,2025-12-19,CUST0221,West,Grocery,3,751.99,2255.98
TXN108343,2025-12-19,CUST0520,North,Beauty,1,1026.93,1026.93
TXN103233,2025-12-20,CUST0131,North,Electronics,1,19046.39,19046.39
TXN113432,2025-12-20,CUST0036,South,Electronics,1,10717.47,10717.47
TXN110558,2025-12-20,CUST0314,East,Home & Living,3,11575.6,34726.81
TXN104536,2025-12-20,CUST0331,West,Apparel,1,3052.97,3052.97
TXN107063,2025-12-20,CUST0403,North,Apparel,1,560.42,560.42
TXN109148,2025-12-20,CUST0367,West,Electronics,2,51558.15,103116.3
TXN112117,2025-12-20,CUST0624,North,Grocery,1,688.06,688.06
TXN111101,2025-12-20,CUST0212,Central,Apparel,2,3324.24,6648.48
TXN110900,2025-12-20,CUST0646,North,Electronics,1,47856.1,47856.1
TXN101521,2025-12-20,CUST0202,East,Grocery,1,163.72,163.72
TXN107568,2025-12-20,CUST0222,South,Apparel,1,3493.2,3493.2
TXN101062,2025-12-20,CUST0183,North,Electronics,1,22474.71,22474.71
TXN108844,2025-12-20,CUST0219,Central,Apparel,1,2219.54,2219.54
TXN100286,2025-12-20,CUST0008,Central,Grocery,1,135.56,135.56
TXN106763,2025-12-20,CUST0368,East,Grocery,1,900.79,900.79
TXN110425,2025-12-20,CUST0052,West,Electronics,2,7488.5,14977.0
TXN107257,2025-12-20,CUST0054,Central,Home & Living,1,6539.17,6539.17
TXN101200,2025-12-20,CUST0630,West,Grocery,1,770.41,770.41
TXN102715,2025-12-20,CUST0149,West,Electronics,1,27771.7,27771.7
TXN100353,2025-12-20,CUST0576,West,Electronics,1,55922.57,55922.57
TXN107310,2025-12-20,CUST0575,North,Apparel,1,692.92,692.92
TXN108641,2025-12-20,CUST0181,South,Home & Living,1,453.54,453.54
TXN105544,2025-12-20,CUST0752,East,Electronics,1,77369.85,77369.85
TXN109827,2025-12-20,CUST0530,South,Apparel,1,3837.91,3837.91
TXN103060,2025-12-20,CUST0412,South,Apparel,1,5819.77,5819.77
TXN106240,2025-12-20,CUST0457,North,Electronics,1,26931.73,26931.73
TXN104805,2025-12-20,CUST0716,North,Apparel,1,6064.4,6064.4
TXN103583,2025-12-20,CUST0752,East,Electronics,1,19849.05,19849.05
TXN102886,2025-12-20,CUST0023,South,Apparel,1,1896.65,1896.65
TXN106046,2025-12-20,CUST0413,North,Grocery,1,305.58,305.58
TXN101174,2025-12-20,CUST0442,West,Home & Living,1,4748.41,4748.41
TXN104668,2025-12-20,CUST0246,East,Home & Living,1,1898.06,1898.06
TXN114477,2025-12-20,CUST0063,East,Home & Living,1,5579.06,5579.06
TXN107700,2025-12-20,CUST0218,East,Home & Living,1,1421.5,1421.5
TXN114391,2025-12-20,CUST0316,East,Home & Living,1,1688.26,1688.26
TXN103890,2025-12-20,CUST0131,North,Apparel,1,1667.99,1667.99
TXN109248,2025-12-20,CUST0754,Central,Apparel,2,1438.06,2876.12
TXN100624,2025-12-20,CUST0010,North,Beauty,1,492.44,492.44
TXN113453,2025-12-20,CUST0717,East,Apparel,2,1903.34,3806.68
TXN111867,2025-12-20,CUST0677,West,Electronics,1,3913.3,3913.3
TXN101105,2025-12-20,CUST0646,North,Apparel,1,6896.76,6896.76
TXN104036,2025-12-20,CUST0472,West,Grocery,1,2123.79,2123.79
TXN108138,2025-12-20,CUST0249,West,Home & Living,1,7090.76,7090.76
TXN100567,2025-12-20,CUST0108,South,Electronics,2,14636.71,29273.41
TXN100107,2025-12-20,CUST0183,North,Apparel,1,1920.75,1920.75
TXN103417,2025-12-20,CUST0257,West,Electronics,2,13902.43,27804.86
TXN109917,2025-12-20,CUST0119,West,Electronics,1,70087.93,70087.93
TXN110136,2025-12-20,CUST0495,West,Apparel,1,2803.91,2803.91
TXN106005,2025-12-21,CUST0526,South,Beauty,1,1370.58,1370.58
TXN107341,2025-12-21,CUST0314,East,Grocery,1,716.48,716.48
TXN100823,2025-12-21,CUST0374,North,Grocery,1,1138.86,1138.86
TXN112443,2025-12-21,CUST0060,North,Apparel,1,3043.76,3043.76
TXN101687,2025-12-21,CUST0641,Central,Grocery,1,657.21,657.21
TXN106316,2025-12-21,CUST0533,North,Apparel,1,7347.11,7347.11
TXN107093,2025-12-21,CUST0010,North,Home & Living,1,761.66,761.66
TXN108625,2025-12-21,CUST0442,West,Electronics,1,63165.61,63165.61
TXN112410,2025-12-21,CUST0666,North,Home & Living,3,4894.97,14684.9
TXN104350,2025-12-21,CUST0122,South,Grocery,2,1569.54,3139.08
TXN114974,2025-12-21,CUST0089,North,Beauty,1,1202.49,1202.49
TXN107185,2025-12-21,CUST0384,Central,Home & Living,1,12859.49,12859.49
TXN105235,2025-12-21,CUST0132,West,Electronics,1,27566.43,27566.43
TXN107107,2025-12-21,CUST0406,West,Electronics,1,74549.42,74549.42
TXN108357,2025-12-21,CUST0595,South,Apparel,1,1726.18,1726.18
TXN106548,2025-12-21,CUST0257,West,Grocery,1,778.65,778.65
TXN106906,2025-12-21,CUST0001,West,Electronics,2,18868.37,37736.73
TXN104548,2025-12-21,CUST0497,North,Home & Living,1,3984.61,3984.61
TXN103161,2025-12-21,CUST0794,North,Electronics,1,5477.25,5477.25
TXN109862,2025-12-21,CUST0499,East,Electronics,1,64664.73,64664.73
TXN105515,2025-12-21,CUST0731,South,Apparel,2,619.67,1239.34
TXN111636,2025-12-21,CUST0196,North,Electronics,3,15718.46,47155.37
TXN102028,2025-12-21,CUST0630,West,Electronics,1,8885.33,8885.33
TXN102250,2025-12-21,CUST0338,South,Electronics,1,27690.08,27690.08
TXN105708,2025-12-21,CUST0626,Central,Grocery,2,715.9,1431.79
TXN109064,2025-12-21,CUST0472,West,Grocery,1,169.99,169.99
TXN109550,2025-12-21,CUST0020,South,Home & Living,1,5577.03,5577.03
TXN111721,2025-12-21,CUST0268,North,Grocery,1,378.12,378.12
TXN106842,2025-12-21,CUST0514,West,Electronics,1,41319.34,41319.34
TXN114085,2025-12-21,CUST0626,Central,Home & Living,1,4842.32,4842.32
TXN100580,2025-12-21,CUST0246,East,Apparel,1,4990.56,4990.56
TXN109633,2025-12-21,CUST0499,East,Home & Living,1,3576.45,3576.45
TXN102871,2025-12-21,CUST0797,North,Apparel,1,4740.89,4740.89
TXN105897,2025-12-21,CUST0681,West,Grocery,1,454.84,454.84
TXN102068,2025-12-21,CUST0022,North,Apparel,1,298.37,298.37
TXN111812,2025-12-21,CUST0034,North,Apparel,1,2719.37,2719.37
TXN108481,2025-12-22,CUST0447,North,Beauty,1,729.69,729.69
TXN112831,2025-12-22,CUST0721,North,Home & Living,1,7856.0,7856.0
TXN106853,2025-12-22,CUST0361,West,Grocery,1,181.23,181.23
TXN100045,2025-12-22,CUST0595,South,Grocery,1,2106.49,2106.49
TXN114104,2025-12-22,CUST0179,South,Beauty,1,2674.98,2674.98
TXN113275,2025-12-22,CUST0484,North,Electronics,1,14207.01,14207.01
TXN103104,2025-12-22,CUST0336,North,Apparel,1,1061.3,1061.3
TXN109474,2025-12-22,CUST0243,South,Electronics,1,24254.16,24254.16
TXN102199,2025-12-22,CUST0457,North,Apparel,1,2441.51,2441.51
TXN109471,2025-12-22,CUST0734,North,Home & Living,1,2773.47,2773.47
TXN113469,2025-12-22,CUST0759,West,Grocery,1,1159.75,1159.75
TXN100354,2025-12-22,CUST0800,Central,Apparel,1,3524.06,3524.06
TXN105798,2025-12-22,CUST0536,East,Grocery,2,1512.01,3024.02
TXN102257,2025-12-22,CUST0445,West,Apparel,2,1359.82,2719.64
TXN105165,2025-12-22,CUST0728,South,Electronics,1,24368.07,24368.07
TXN107807,2025-12-22,CUST0432,North,Electronics,1,37356.39,37356.39
TXN106660,2025-12-22,CUST0071,South,Electronics,1,44692.55,44692.55
TXN102971,2025-12-22,CUST0531,East,Apparel,1,2116.63,2116.63
TXN103619,2025-12-22,CUST0051,North,Apparel,1,6308.95,6308.95
TXN100438,2025-12-22,CUST0188,South,Electronics,1,12954.71,12954.71
TXN109656,2025-12-22,CUST0022,North,Grocery,1,344.48,344.48
TXN108591,2025-12-22,CUST0243,South,Electronics,3,80750.89,242252.66
TXN110729,2025-12-22,CUST0163,North,Grocery,1,417.82,417.82
TXN109272,2025-12-22,CUST0470,South,Grocery,3,1867.61,5602.83
TXN110976,2025-12-22,CUST0034,North,Apparel,1,6863.59,6863.59
TXN104921,2025-12-22,CUST0179,South,Beauty,1,3492.29,3492.29
TXN103926,2025-12-22,CUST0507,West,Electronics,1,14171.38,14171.38
TXN110871,2025-12-22,CUST0533,North,Electronics,1,46711.36,46711.36
TXN105848,2025-12-22,CUST0513,East,Grocery,1,2083.12,2083.12
TXN110511,2025-12-22,CUST0567,West,Apparel,1,1082.59,1082.59
TXN101842,2025-12-22,CUST0179,South,Grocery,2,1588.3,3176.6
TXN104998,2025-12-22,CUST0742,North,Home & Living,1,2037.87,2037.87
TXN109079,2025-12-22,CUST0233,North,Electronics,1,21700.92,21700.92
TXN103342,2025-12-22,CUST0680,South,Apparel,1,1456.48,1456.48
TXN106375,2025-12-22,CUST0128,East,Grocery,1,326.61,326.61
TXN104017,2025-12-22,CUST0199,Central,Grocery,3,278.37,835.12
TXN107080,2025-12-22,CUST0008,Central,Apparel,1,1390.33,1390.33
TXN114587,2025-12-22,CUST0732,East,Home & Living,1,6884.92,6884.92
TXN104997,2025-12-23,CUST0205,West,Apparel,1,3269.47,3269.47
TXN112367,2025-12-23,CUST0749,North,Electronics,2,31045.41,62090.82
TXN108169,2025-12-23,CUST0151,East,Grocery,1,2135.65,2135.65
TXN113675,2025-12-23,CUST0396,West,Apparel,1,3990.91,3990.91
TXN109778,2025-12-23,CUST0191,West,Apparel,1,610.33,610.33
TXN111324,2025-12-23,CUST0350,West,Home & Living,1,5405.81,5405.81
TXN102718,2025-12-23,CUST0326,East,Electronics,2,13432.53,26865.06
TXN105734,2025-12-23,CUST0278,East,Apparel,1,3968.65,3968.65
TXN107036,2025-12-23,CUST0637,South,Home & Living,2,1099.13,2198.26
TXN102595,2025-12-23,CUST0156,South,Home & Living,1,1675.51,1675.51
TXN109458,2025-12-23,CUST0140,East,Electronics,1,39018.37,39018.37
TXN109845,2025-12-23,CUST0667,Central,Electronics,1,18508.48,18508.48
TXN105989,2025-12-23,CUST0061,West,Apparel,1,2866.32,2866.32
TXN106972,2025-12-23,CUST0235,North,Apparel,2,1176.03,2352.06
TXN107404,2025-12-23,CUST0500,West,Electronics,3,7232.79,21698.36
TXN112197,2025-12-23,CUST0468,South,Home & Living,1,6120.99,6120.99
TXN114496,2025-12-23,CUST0401,West,Apparel,1,591.23,591.23
TXN110565,2025-12-23,CUST0489,North,Home & Living,1,5361.09,5361.09
TXN103864,2025-12-23,CUST0219,Central,Beauty,1,472.72,472.72
TXN110842,2025-12-23,CUST0736,North,Electronics,1,26455.63,26455.63
TXN102523,2025-12-23,CUST0723,South,Electronics,1,23149.17,23149.17
TXN105410,2025-12-23,CUST0204,West,Beauty,1,2886.12,2886.12
TXN107484,2025-12-23,CUST0262,Central,Grocery,3,497.8,1493.41
TXN104974,2025-12-23,CUST0065,South,Apparel,1,2965.54,2965.54
TXN112803,2025-12-23,CUST0626,Central,Home & Living,1,3159.05,3159.05
TXN111932,2025-12-23,CUST0316,East,Grocery,1,672.44,672.44
TXN105721,2025-12-23,CUST0428,North,Electronics,1,66156.86,66156.86
TXN108061,2025-12-23,CUST0208,West,Electronics,1,18733.27,18733.27
TXN104659,2025-12-23,CUST0183,North,Electronics,1,49235.29,49235.29
TXN107561,2025-12-23,CUST0505,West,Electronics,1,13576.55,13576.55
TXN111776,2025-12-23,CUST0722,Central,Grocery,1,582.63,582.63
TXN112531,2025-12-23,CUST0336,North,Apparel,2,3123.12,6246.24
TXN107967,2025-12-23,CUST0718,Central,Apparel,1,4640.1,4640.1
TXN107755,2025-12-23,CUST0625,Central,Grocery,1,1133.92,1133.92
TXN107229,2025-12-23,CUST0215,West,Grocery,1,318.35,318.35
TXN100799,2025-12-23,CUST0505,West,Apparel,1,3503.41,3503.41
TXN112953,2025-12-23,CUST0682,North,Home & Living,1,445.91,445.91
TXN112545,2025-12-23,CUST0504,East,Grocery,3,772.02,2316.05
TXN112926,2025-12-23,CUST0323,West,Grocery,1,408.63,408.63
TXN114766,2025-12-24,CUST0515,South,Home & Living,1,4002.18,4002.18
TXN105101,2025-12-24,CUST0583,Central,Apparel,1,2062.2,2062.2
TXN107788,2025-12-24,CUST0377,West,Beauty,2,2251.31,4502.61
TXN108267,2025-12-24,CUST0166,South,Apparel,1,3509.58,3509.58
TXN113451,2025-12-24,CUST0615,East,Apparel,1,6991.41,6991.41
TXN106157,2025-12-24,CUST0711,West,Electronics,1,42761.46,42761.46
TXN108276,2025-12-24,CUST0051,North,Grocery,1,260.18,260.18
TXN110898,2025-12-24,CUST0605,East,Grocery,1,357.35,357.35
TXN114799,2025-12-24,CUST0765,West,Grocery,1,679.22,679.22
TXN107602,2025-12-24,CUST0479,North,Home & Living,1,12922.81,12922.81
TXN102891,2025-12-24,CUST0542,South,Grocery,1,829.85,829.85
TXN104145,2025-12-24,CUST0541,North,Apparel,1,2629.89,2629.89
TXN111779,2025-12-24,CUST0603,North,Electronics,1,9404.51,9404.51
TXN104105,2025-12-24,CUST0218,East,Home & Living,1,6590.59,6590.59
TXN114571,2025-12-24,CUST0514,West,Apparel,1,4117.98,4117.98
TXN102508,2025-12-24,CUST0717,East,Grocery,1,75.48,75.48
TXN114643,2025-12-24,CUST0169,East,Electronics,1,22015.97,22015.97
TXN103286,2025-12-24,CUST0272,North,Grocery,1,888.51,888.51
TXN104098,2025-12-24,CUST0792,Central,Beauty,1,491.29,491.29
TXN104093,2025-12-24,CUST0476,North,Grocery,1,414.44,414.44
TXN113853,2025-12-24,CUST0406,West,Grocery,1,534.31,534.31
TXN109342,2025-12-24,CUST0249,West,Apparel,2,1258.62,2517.24
TXN114506,2025-12-24,CUST0384,Central,Grocery,1,1175.92,1175.92
TXN114187,2025-12-24,CUST0265,South,Electronics,1,70691.89,70691.89
TXN100795,2025-12-24,CUST0274,North,Grocery,2,1134.09,2268.18
TXN103740,2025-12-24,CUST0647,West,Grocery,2,789.85,1579.69
TXN109035,2025-12-24,CUST0771,East,Home & Living,1,2022.13,2022.13
TXN113727,2025-12-24,CUST0141,North,Apparel,1,3537.03,3537.03
TXN102122,2025-12-24,CUST0752,East,Home & Living,1,13627.76,13627.76
TXN114547,2025-12-24,CUST0544,West,Grocery,2,971.62,1943.25
TXN105912,2025-12-24,CUST0020,South,Home & Living,1,2412.66,2412.66
TXN111965,2025-12-24,CUST0351,West,Electronics,1,11261.61,11261.61
TXN109974,2025-12-24,CUST0618,North,Electronics,1,28154.64,28154.64
TXN100850,2025-12-24,CUST0222,South,Grocery,2,243.22,486.45
TXN106948,2025-12-24,CUST0312,North,Home & Living,2,2114.39,4228.77
TXN102248,2025-12-24,CUST0559,North,Apparel,1,4420.69,4420.69
TXN114014,2025-12-24,CUST0702,South,Home & Living,2,1026.66,2053.32
TXN102591,2025-12-25,CUST0704,South,Apparel,1,1375.99,1375.99
TXN105359,2025-12-25,CUST0768,North,Apparel,2,2110.59,4221.18
TXN102607,2025-12-25,CUST0438,South,Electronics,1,39018.94,39018.94
TXN114110,2025-12-25,CUST0065,South,Electronics,1,27781.42,27781.42
TXN103154,2025-12-25,CUST0690,South,Beauty,1,180.2,180.2
TXN105714,2025-12-25,CUST0054,Central,Apparel,1,1930.8,1930.8
TXN106894,2025-12-25,CUST0155,South,Grocery,1,1635.35,1635.35
TXN104617,2025-12-25,CUST0291,Central,Grocery,2,170.06,340.13
TXN113283,2025-12-25,CUST0382,South,Grocery,1,709.77,709.77
TXN114076,2025-12-25,CUST0246,East,Home & Living,2,9403.15,18806.3
TXN102528,2025-12-25,CUST0242,West,Electronics,1,6805.69,6805.69
TXN108320,2025-12-25,CUST0228,West,Electronics,1,10266.86,10266.86
TXN106060,2025-12-25,CUST0035,South,Apparel,3,5801.64,17404.91
TXN105292,2025-12-25,CUST0749,North,Home & Living,1,2182.16,2182.16
TXN105971,2025-12-25,CUST0439,Central,Beauty,1,2301.3,2301.3
TXN114785,2025-12-25,CUST0175,North,Grocery,1,259.24,259.24
TXN108197,2025-12-25,CUST0509,South,Grocery,1,719.78,719.78
TXN103927,2025-12-25,CUST0069,West,Grocery,1,253.03,253.03
TXN113264,2025-12-25,CUST0575,North,Apparel,1,1162.24,1162.24
TXN109712,2025-12-25,CUST0380,East,Beauty,3,302.1,906.3
TXN102345,2025-12-25,CUST0012,West,Electronics,1,40761.21,40761.21
TXN109790,2025-12-25,CUST0009,South,Apparel,1,2251.09,2251.09
TXN105145,2025-12-25,CUST0798,North,Apparel,1,1453.9,1453.9
TXN100868,2025-12-25,CUST0387,West,Beauty,1,592.24,592.24
TXN105171,2025-12-25,CUST0700,West,Grocery,1,694.16,694.16
TXN105176,2025-12-25,CUST0577,South,Electronics,1,28254.06,28254.06
TXN111645,2025-12-25,CUST0531,East,Electronics,1,26151.33,26151.33
TXN113695,2025-12-25,CUST0622,East,Electronics,1,23720.12,23720.12
TXN103719,2025-12-25,CUST0467,South,Apparel,1,977.58,977.58
TXN110147,2025-12-25,CUST0037,Central,Grocery,2,291.72,583.44
TXN104128,2025-12-25,CUST0140,East,Grocery,1,1147.74,1147.74
TXN107968,2025-12-25,CUST0402,North,Apparel,1,3730.1,3730.1
TXN108766,2025-12-25,CUST0654,East,Electronics,1,29417.22,29417.22
TXN106032,2025-12-25,CUST0259,South,Grocery,1,708.99,708.99
TXN103760,2025-12-25,CUST0481,East,Beauty,1,1954.58,1954.58
TXN101813,2025-12-25,CUST0284,West,Beauty,2,1759.31,3518.61
TXN101566,2025-12-25,CUST0747,West,Home & Living,1,1195.05,1195.05
TXN114157,2025-12-25,CUST0219,Central,Grocery,1,91.08,91.08
TXN105045,2025-12-25,CUST0331,West,Apparel,1,652.67,652.67
TXN112269,2025-12-25,CUST0375,East,Apparel,1,2675.11,2675.11
TXN114522,2025-12-26,CUST0195,South,Electronics,1,20594.62,20594.62
TXN106787,2025-12-26,CUST0265,South,Apparel,1,2259.3,2259.3
TXN111573,2025-12-26,CUST0676,East,Apparel,1,3151.42,3151.42
TXN111609,2025-12-26,CUST0685,South,Beauty,1,3018.07,3018.07
TXN101146,2025-12-26,CUST0465,North,Electronics,2,57492.71,114985.42
TXN110692,2025-12-26,CUST0796,East,Electronics,1,77956.53,77956.53
TXN107666,2025-12-26,CUST0242,West,Apparel,1,3049.35,3049.35
TXN102206,2025-12-26,CUST0353,West,Grocery,1,749.94,749.94
TXN111309,2025-12-26,CUST0717,East,Home & Living,1,1662.56,1662.56
TXN105433,2025-12-26,CUST0472,West,Apparel,1,7322.79,7322.79
TXN114040,2025-12-26,CUST0375,East,Apparel,1,2937.07,2937.07
TXN111724,2025-12-26,CUST0519,North,Apparel,1,1467.46,1467.46
TXN106154,2025-12-26,CUST0201,North,Grocery,2,149.3,298.61
TXN109290,2025-12-26,CUST0685,South,Home & Living,2,13501.89,27003.77
TXN105373,2025-12-26,CUST0334,North,Beauty,2,1580.76,3161.53
TXN113434,2025-12-26,CUST0486,East,Apparel,1,5323.72,5323.72
TXN102717,2025-12-26,CUST0035,South,Home & Living,1,9826.27,9826.27
TXN107073,2025-12-26,CUST0182,West,Electronics,1,21151.05,21151.05
TXN104442,2025-12-26,CUST0350,West,Apparel,1,4313.56,4313.56
TXN106960,2025-12-26,CUST0141,North,Grocery,1,370.98,370.98
TXN114602,2025-12-26,CUST0189,North,Grocery,1,718.46,718.46
TXN108476,2025-12-26,CUST0171,East,Grocery,1,317.84,317.84
TXN112074,2025-12-26,CUST0783,East,Electronics,2,19457.74,38915.48
TXN105758,2025-12-26,CUST0166,South,Grocery,3,456.55,1369.66
TXN108775,2025-12-26,CUST0400,North,Apparel,2,737.27,1474.54
TXN108269,2025-12-26,CUST0146,North,Apparel,1,1132.21,1132.21
TXN101802,2025-12-26,CUST0800,Central,Home & Living,1,9481.42,9481.42
TXN111273,2025-12-27,CUST0062,South,Grocery,1,120.89,120.89
TXN107299,2025-12-27,CUST0759,West,Apparel,1,1219.37,1219.37
TXN100735,2025-12-27,CUST0307,South,Home & Living,1,3219.56,3219.56
TXN102188,2025-12-27,CUST0102,North,Home & Living,1,6367.95,6367.95
TXN104232,2025-12-27,CUST0653,West,Home & Living,1,3864.04,3864.04
TXN106706,2025-12-27,CUST0151,East,Grocery,1,127.02,127.02
TXN101775,2025-12-27,CUST0616,Central,Apparel,1,7883.54,7883.54
TXN101602,2025-12-27,CUST0162,East,Electronics,1,19257.02,19257.02
TXN109388,2025-12-27,CUST0700,West,Beauty,1,632.09,632.09
TXN103763,2025-12-27,CUST0542,South,Apparel,1,1157.0,1157.0
TXN114465,2025-12-27,CUST0537,North,Apparel,2,3010.62,6021.24
TXN111651,2025-12-27,CUST0360,North,Apparel,1,2907.23,2907.23
TXN100971,2025-12-27,CUST0728,South,Apparel,3,3878.19,11634.57
TXN100828,2025-12-27,CUST0250,North,Apparel,1,3164.07,3164.07
TXN100534,2025-12-27,CUST0563,East,Home & Living,1,5131.14,5131.14
TXN104712,2025-12-27,CUST0527,North,Electronics,1,11369.38,11369.38
TXN108056,2025-12-27,CUST0759,West,Grocery,1,2069.06,2069.06
TXN104351,2025-12-27,CUST0135,North,Electronics,2,7144.96,14289.93
TXN101896,2025-12-27,CUST0692,South,Grocery,1,103.59,103.59
TXN108576,2025-12-27,CUST0601,North,Electronics,1,14257.85,14257.85
TXN101063,2025-12-27,CUST0532,West,Electronics,1,41948.79,41948.79
TXN109707,2025-12-27,CUST0119,West,Apparel,1,1636.34,1636.34
TXN103570,2025-12-27,CUST0347,West,Home & Living,1,1408.44,1408.44
TXN111479,2025-12-27,CUST0759,West,Electronics,1,9251.76,9251.76
TXN114786,2025-12-27,CUST0035,South,Electronics,1,22998.19,22998.19
TXN107044,2025-12-27,CUST0433,North,Electronics,1,31641.65,31641.65
TXN101244,2025-12-27,CUST0465,North,Electronics,1,70073.44,70073.44
TXN110672,2025-12-27,CUST0749,North,Electronics,1,35090.44,35090.44
TXN103173,2025-12-27,CUST0655,North,Grocery,1,369.67,369.67
TXN105131,2025-12-27,CUST0187,West,Electronics,2,41346.31,82692.62
TXN107370,2025-12-27,CUST0099,North,Apparel,1,2458.43,2458.43
TXN110060,2025-12-27,CUST0687,South,Grocery,1,531.57,531.57
TXN107529,2025-12-27,CUST0764,North,Apparel,1,525.75,525.75
TXN103629,2025-12-27,CUST0478,Central,Electronics,1,39884.87,39884.87
TXN107377,2025-12-27,CUST0565,West,Grocery,1,687.53,687.53
TXN101023,2025-12-27,CUST0732,East,Beauty,1,564.41,564.41
TXN104574,2025-12-27,CUST0412,South,Electronics,2,39769.05,79538.1
TXN114455,2025-12-28,CUST0600,West,Apparel,1,1008.99,1008.99
TXN114319,2025-12-28,CUST0616,Central,Apparel,1,2465.84,2465.84
TXN101251,2025-12-28,CUST0198,North,Grocery,1,1850.19,1850.19
TXN110231,2025-12-28,CUST0638,West,Grocery,1,685.23,685.23
TXN113156,2025-12-28,CUST0414,West,Grocery,2,569.21,1138.42
TXN102277,2025-12-28,CUST0709,East,Home & Living,1,3768.9,3768.9
TXN104311,2025-12-28,CUST0746,South,Apparel,1,5352.39,5352.39
TXN111592,2025-12-28,CUST0059,East,Home & Living,1,921.18,921.18
TXN105265,2025-12-28,CUST0246,East,Apparel,1,3308.39,3308.39
TXN112980,2025-12-28,CUST0391,North,Grocery,1,2082.18,2082.18
TXN113951,2025-12-28,CUST0248,North,Home & Living,1,7845.88,7845.88
TXN108228,2025-12-28,CUST0612,North,Home & Living,2,7871.38,15742.76
TXN106410,2025-12-28,CUST0674,South,Apparel,1,336.8,336.8
TXN108203,2025-12-28,CUST0532,West,Apparel,2,783.73,1567.46
TXN102621,2025-12-28,CUST0489,North,Home & Living,3,6676.53,20029.59
TXN112723,2025-12-28,CUST0470,South,Apparel,3,7462.69,22388.07
TXN102071,2025-12-28,CUST0044,Central,Apparel,1,6022.78,6022.78
TXN100587,2025-12-28,CUST0606,South,Beauty,2,1213.12,2426.25
TXN108323,2025-12-28,CUST0489,North,Electronics,1,67782.77,67782.77
TXN112994,2025-12-28,CUST0394,East,Home & Living,1,2440.26,2440.26
TXN109314,2025-12-28,CUST0687,South,Apparel,2,1252.34,2504.67
TXN109329,2025-12-28,CUST0704,South,Apparel,2,1078.25,2156.51
TXN112693,2025-12-28,CUST0054,Central,Grocery,1,835.49,835.49
TXN101881,2025-12-28,CUST0462,West,Grocery,1,448.59,448.59
TXN112908,2025-12-28,CUST0750,East,Beauty,1,657.59,657.59
TXN110086,2025-12-28,CUST0051,North,Electronics,1,35251.3,35251.3
TXN111780,2025-12-28,CUST0070,Central,Beauty,1,2204.56,2204.56
TXN113783,2025-12-28,CUST0677,West,Grocery,1,459.15,459.15
TXN102671,2025-12-28,CUST0768,North,Electronics,1,61643.14,61643.14
TXN113755,2025-12-28,CUST0605,East,Electronics,1,29843.7,29843.7
TXN112971,2025-12-28,CUST0757,East,Apparel,1,1949.76,1949.76
TXN101411,2025-12-28,CUST0236,West,Electronics,1,41967.86,41967.86
TXN103240,2025-12-28,CUST0768,North,Grocery,3,326.17,978.5
TXN114943,2025-12-29,CUST0442,West,Grocery,1,250.28,250.28
TXN113130,2025-12-29,CUST0780,East,Apparel,1,1711.94,1711.94
TXN109123,2025-12-29,CUST0716,North,Beauty,1,809.95,809.95
TXN109206,2025-12-29,CUST0239,North,Grocery,3,235.48,706.44
TXN104229,2025-12-29,CUST0432,North,Grocery,1,1033.16,1033.16
TXN104175,2025-12-29,CUST0301,North,Beauty,2,1979.84,3959.67
TXN107162,2025-12-29,CUST0421,Central,Beauty,3,1415.13,4245.39
TXN102455,2025-12-29,CUST0012,West,Beauty,1,3348.6,3348.6
TXN100767,2025-12-29,CUST0449,Central,Grocery,1,795.56,795.56
TXN108849,2025-12-29,CUST0797,North,Apparel,1,1042.07,1042.07
TXN112208,2025-12-29,CUST0240,South,Grocery,2,393.38,786.75
TXN107111,2025-12-29,CUST0237,South,Home & Living,1,484.76,484.76
TXN102319,2025-12-29,CUST0644,South,Electronics,1,12705.97,12705.97
TXN107081,2025-12-29,CUST0646,North,Electronics,1,34099.85,34099.85
TXN112097,2025-12-29,CUST0240,South,Home & Living,1,963.81,963.81
TXN101955,2025-12-29,CUST0496,North,Home & Living,1,640.78,640.78
TXN109056,2025-12-29,CUST0353,West,Apparel,2,1714.63,3429.26
TXN111644,2025-12-29,CUST0569,North,Beauty,1,1746.99,1746.99
TXN106981,2025-12-29,CUST0609,East,Home & Living,1,1013.58,1013.58
TXN103912,2025-12-29,CUST0698,South,Home & Living,1,5795.55,5795.55
TXN106771,2025-12-29,CUST0358,Central,Home & Living,2,1609.61,3219.21
TXN102143,2025-12-29,CUST0050,East,Grocery,1,600.26,600.26
TXN102644,2025-12-29,CUST0332,South,Beauty,1,484.96,484.96
TXN104346,2025-12-29,CUST0268,North,Beauty,1,2906.88,2906.88
TXN100255,2025-12-29,CUST0205,West,Apparel,1,2424.91,2424.91
TXN110202,2025-12-29,CUST0299,West,Apparel,1,4367.05,4367.05
TXN101049,2025-12-29,CUST0372,Central,Apparel,1,2888.15,2888.15
TXN107585,2025-12-29,CUST0566,North,Grocery,2,157.56,315.12
TXN110228,2025-12-29,CUST0139,North,Electronics,1,3509.31,3509.31
TXN100943,2025-12-29,CUST0489,North,Electronics,2,9104.84,18209.69
TXN110198,2025-12-29,CUST0114,South,Home & Living,1,5015.37,5015.37
TXN105816,2025-12-29,CUST0246,East,Electronics,1,20068.39,20068.39
TXN110990,2025-12-29,CUST0711,West,Electronics,1,3749.73,3749.73
TXN104486,2025-12-29,CUST0597,South,Electronics,1,36897.04,36897.04
TXN106279,2025-12-29,CUST0039,East,Electronics,3,44647.67,133943.0
TXN111797,2025-12-29,CUST0391,North,Apparel,1,1861.22,1861.22
TXN103263,2025-12-29,CUST0265,South,Electronics,1,10433.26,10433.26
TXN101527,2025-12-29,CUST0069,West,Apparel,1,1784.24,1784.24
TXN112613,2025-12-29,CUST0705,South,Apparel,1,2774.11,2774.11
TXN106937,2025-12-30,CUST0716,North,Grocery,1,287.29,287.29
TXN101255,2025-12-30,CUST0409,North,Electronics,1,15810.9,15810.9
TXN104817,2025-12-30,CUST0736,North,Beauty,1,1429.6,1429.6
TXN107806,2025-12-30,CUST0193,North,Home & Living,1,10029.53,10029.53
TXN102883,2025-12-30,CUST0460,East,Grocery,1,530.56,530.56
TXN110629,2025-12-30,CUST0222,South,Beauty,1,2513.51,2513.51
TXN104558,2025-12-30,CUST0116,South,Grocery,1,2017.38,2017.38
TXN113373,2025-12-30,CUST0137,North,Apparel,1,2507.76,2507.76
TXN108306,2025-12-30,CUST0679,West,Home & Living,1,11401.72,11401.72
TXN107560,2025-12-30,CUST0732,East,Electronics,1,11979.63,11979.63
TXN112152,2025-12-30,CUST0204,West,Apparel,1,4406.95,4406.95
TXN105182,2025-12-30,CUST0406,West,Apparel,1,3549.31,3549.31
TXN104243,2025-12-30,CUST0013,North,Home & Living,1,1459.88,1459.88
TXN100831,2025-12-30,CUST0662,East,Home & Living,1,12488.28,12488.28
TXN106001,2025-12-30,CUST0148,Central,Electronics,2,2270.38,4540.75
TXN105991,2025-12-30,CUST0675,South,Home & Living,3,3681.02,11043.06
TXN105166,2025-12-30,CUST0786,North,Grocery,2,630.75,1261.5
TXN106091,2025-12-30,CUST0710,West,Home & Living,1,3796.32,3796.32
TXN103355,2025-12-30,CUST0587,West,Home & Living,2,1098.06,2196.12
TXN110512,2025-12-30,CUST0220,North,Grocery,1,1051.01,1051.01
TXN102645,2025-12-30,CUST0752,East,Apparel,1,4529.08,4529.08
TXN102661,2025-12-30,CUST0712,West,Electronics,2,44659.14,89318.29
TXN102691,2025-12-30,CUST0067,North,Electronics,1,6406.97,6406.97
TXN106284,2025-12-30,CUST0089,North,Apparel,2,1803.91,3607.82
TXN102702,2025-12-30,CUST0595,South,Electronics,1,26437.83,26437.83
TXN114533,2025-12-30,CUST0051,North,Apparel,1,7270.44,7270.44
TXN114679,2025-12-30,CUST0503,North,Beauty,1,1085.45,1085.45
TXN103211,2025-12-30,CUST0685,South,Home & Living,1,7197.32,7197.32
TXN105837,2025-12-30,CUST0191,West,Apparel,1,2664.78,2664.78
TXN102749,2025-12-30,CUST0500,West,Apparel,1,5753.85,5753.85
TXN102794,2025-12-30,CUST0760,Central,Grocery,1,59.08,59.08
TXN114808,2025-12-30,CUST0402,North,Apparel,1,4908.02,4908.02
TXN106103,2025-12-30,CUST0280,Central,Apparel,1,2519.4,2519.4
TXN102719,2025-12-30,CUST0414,West,Grocery,1,565.66,565.66
TXN105677,2025-12-30,CUST0080,North,Home & Living,1,5193.82,5193.82
TXN112807,2025-12-30,CUST0488,South,Apparel,1,953.98,953.98
TXN106759,2025-12-30,CUST0134,East,Home & Living,1,2617.32,2617.32
TXN105554,2025-12-30,CUST0222,South,Grocery,2,264.81,529.62
TXN100552,2025-12-30,CUST0556,West,Beauty,1,789.88,789.88
TXN111533,2025-12-30,CUST0332,South,Apparel,1,2756.11,2756.11
TXN109558,2025-12-30,CUST0521,North,Apparel,1,1299.88,1299.88
TXN103673,2025-12-30,CUST0616,Central,Home & Living,2,13133.13,26266.26
TXN109715,2025-12-30,CUST0616,Central,Grocery,1,2115.65,2115.65
TXN114214,2025-12-30,CUST0298,North,Grocery,2,552.78,1105.56
TXN102912,2025-12-31,CUST0076,North,Apparel,1,1602.57,1602.57
TXN114888,2025-12-31,CUST0794,North,Grocery,1,134.69,134.69
TXN102996,2025-12-31,CUST0583,Central,Grocery,1,633.14,633.14
TXN101463,2025-12-31,CUST0496,North,Apparel,2,2879.5,5759.0
TXN109812,2025-12-31,CUST0059,East,Electronics,1,6781.17,6781.17
TXN113281,2025-12-31,CUST0169,East,Grocery,1,614.61,614.61
TXN108101,2025-12-31,CUST0183,North,Beauty,1,1062.24,1062.24
TXN108081,2025-12-31,CUST0021,West,Apparel,1,3997.56,3997.56
TXN100072,2025-12-31,CUST0698,South,Home & Living,1,7779.8,7779.8
TXN104747,2025-12-31,CUST0790,West,Grocery,1,2086.26,2086.26
TXN109375,2025-12-31,CUST0366,West,Electronics,1,8130.89,8130.89
TXN113108,2025-12-31,CUST0221,West,Home & Living,1,7126.72,7126.72
TXN110428,2025-12-31,CUST0365,North,Electronics,1,19224.05,19224.05
TXN114675,2025-12-31,CUST0142,East,Apparel,1,2320.2,2320.2
TXN104443,2025-12-31,CUST0135,North,Electronics,1,58284.62,58284.62
TXN107442,2025-12-31,CUST0786,North,Apparel,1,1012.63,1012.63
TXN109867,2025-12-31,CUST0536,East,Home & Living,1,6770.58,6770.58
TXN106007,2025-12-31,CUST0497,North,Grocery,1,841.94,841.94
TXN103004,2025-12-31,CUST0590,South,Apparel,1,926.03,926.03
TXN105233,2025-12-31,CUST0739,North,Beauty,1,1958.66,1958.66
TXN105218,2025-12-31,CUST0688,West,Grocery,1,133.58,133.58
TXN113707,2025-12-31,CUST0750,East,Apparel,1,3766.15,3766.15
TXN111276,2025-12-31,CUST0495,West,Electronics,1,10532.26,10532.26
TXN111430,2025-12-31,CUST0246,East,Home & Living,1,1999.33,1999.33
TXN102944,2025-12-31,CUST0323,West,Home & Living,1,1688.5,1688.5
TXN107253,2025-12-31,CUST0539,North,Apparel,1,2311.74,2311.74
TXN102583,2025-12-31,CUST0252,East,Grocery,1,729.22,729.22
TXN100007,2025-12-31,CUST0637,South,Beauty,1,1196.73,1196.73
TXN109318,2025-12-31,CUST0486,East,Grocery,1,339.97,339.97
TXN112386,2025-12-31,CUST0008,Central,Home & Living,3,1550.12,4650.36
TXN114326,2025-12-31,CUST0129,East,Apparel,1,3059.62,3059.62
TXN110580,2025-12-31,CUST0228,West,Electronics,1,14766.76,14766.76
TXN113845,2025-12-31,CUST0270,South,Beauty,1,1962.1,1962.1
TXN101717,2025-12-31,CUST0004,East,Apparel,2,1675.97,3351.95
TXN102312,2025-12-31,CUST0004,East,Apparel,1,2669.36,2669.36
TXN110646,2025-12-31,CUST0031,North,Home & Living,1,7692.82,7692.82
TXN108979,2025-12-31,CUST0660,East,Electronics,1,20797.01,20797.01
TXN102067,2025-12-31,CUST0135,North,Apparel,1,7918.66,7918.66
